of	the	141698
in	the	89507
to	the	58976
on	the	37964
for	the	34832
and	the	34585
to	be	28081
at	the	26048
with	the	24231
from	the	23438
will	be	21856
by	the	21250
that	the	18682
is	the	16648
it	is	13912
can	be	12338
has	been	12101
one	of	10682
have	been	10598
as	the	10254
is	not	10170
the	same	9651
it	is	9480
as	well	9321
of	this	9140
the	first	8778
about	the	8660
part	of	8428
more	than	8284
such	as	8029
may	be	8000
this	is	7352
to	make	7313
into	the	7251
well	as	7166
need	to	7111
if	you	7021
the	most	6872
of	our	6851
able	to	6848
in	this	6835
is	to	6817
number	of	6761
to	do	6756
would	be	6713
the	world	6678
should	be	6498
it	was	6466
to	have	6313
they	are	6288
and	other	6272
there	is	6219
want	to	6190
of	these	6090
that	is	5987
of	their	5963
in	the	5942
all	the	5864
out	of	5855
you	are	5767
you	can	5725
to	get	5716
university	of	5660
is	an	5627
do	not	5624
have	to	5564
you	have	5505
are	not	5494
through	the	5461
does	not	5421
to	help	5341
must	be	5286
united	states	5210
the	united	5063
of	his	5030
during	the	4975
over	the	4961
was	the	4812
which	is	4771
to	see	4764
we	are	4763
is	that	4721
if	you	4699
we	have	4677
that	are	4644
there	are	4604
not	be	4557
some	of	4519
in	their	4478
that	we	4471
how	to	4445
that	they	4436
that	it	4370
up	to	4350
all	of	4315
based	on	4312
the	other	4298
going	to	4295
of	all	4294
new	york	4273
used	to	4270
he	was	4248
the	university	4216
department	of	4199
use	of	4189
there	are	4121
that	you	4101
at	least	4036
gmt	connection	3975
this	is	3970
it	was	3955
to	take	3954
the	time	3937
did	not	3867
the	best	3782
the	new	3762
order	to	3748
as	an	3741
in	which	3740
in	our	3729
to	provide	3711
in	addition	3702
is	also	3695
to	use	3653
of	an	3601
of	your	3579
the	next	3515
way	to	3509
the	end	3494
there	is	3491
we	are	3455
and	then	3431
within	the	3426
to	work	3405
you	to	3379
that	he	3349
for	this	3348
the	following	3342
the	state	3321
who	are	3319
under	the	3298
the	last	3294
the	right	3290
around	the	3288
and	their	3288
is	no	3279
the	way	3274
in	an	3251
will	not	3229
you	will	3227
in	order	3222
be	used	3221
end	of	3220
access	to	3220
their	own	3158
of	its	3156
could	be	3152
the	past	3112
those	who	3102
between	the	3093
be	able	3084
in	your	3083
had	been	3076
lot	of	3072
when	the	3070
to	find	3057
we	can	3044
to	this	3028
like	to	3023
you	can	3012
and	it	2993
they	were	2986
them	to	2982
after	the	2939
in	his	2929
due	to	2926
and	we	2870
on	this	2867
to	go	2852
the	country	2839
net	date	2838
but	the	2834
of	my	2831
was	not	2791
and	his	2785
variety	of	2779
that	will	2776
if	the	2771
opportunity	to	2769
according	to	2767
would	have	2750
of	them	2742
for	all	2733
kind	of	2714
they	have	2675
not	only	2671
for	their	2670
more	information	2640
back	to	2630
so	that	2617
to	their	2615
the	public	2614
to	our	2599
time	to	2597
is	one	2596
and	more	2587
continue	to	2585
with	an	2581
list	of	2573
who	have	2561
than	the	2560
the	national	2550
across	the	2545
to	create	2529
the	people	2486
to	your	2475
because	of	2474
for	your	2468
throughout	the	2450
members	of	2449
in	this	2448
member	of	2443
and	its	2435
to	keep	2426
and	how	2424
not	to	2421
the	american	2419
interested	in	2404
we	have	2387
will	have	2368
at	the	2364
addition	to	2355
us	to	2353
that	this	2345
he	was	2335
of	those	2328
as	they	2323
most	of	2319
the	program	2314
the	future	2312
that	there	2306
before	the	2297
but	it	2297
percent	of	2290
related	to	2288
the	two	2284
trying	to	2279
shall	be	2266
see	the	2263
it	will	2247
not	have	2246
ability	to	2244
to	support	2241
many	of	2228
to	give	2228
people	who	2216
rather	than	2208
had	to	2207
amount	of	2207
as	it	2197
and	they	2197
we	will	2193
where	the	2187
use	the	2184
the	number	2184
in	my	2176
information	about	2175
years	of	2173
that	can	2170
if	the	2169
to	all	2168
information	on	2166
to	learn	2165
to	an	2147
the	only	2122
development	of	2115
school	of	2111
which	the	2111
to	know	2101
what	is	2098
and	has	2098
for	more	2086
look	at	2073
along	with	2063
the	second	2058
more	about	2052
for	example	2051
on	their	2048
there	was	2048
health	care	2047
to	me	2044
are	also	2044
the	current	2040
for	an	2040
to	say	2040
associated	with	2034
it	has	2033
the	case	2033
is	now	2022
out	the	2016
the	use	2000
of	us	1995
he	is	1993
he	said	1984
involved	in	1984
would	like	1983
on	your	1983
of	what	1978
go	to	1978
to	meet	1974
the	community	1971
may	not	1969
he	is	1961
of	people	1959
to	his	1955
the	city	1955
that	was	1950
at	all	1948
to	ensure	1942
it	would	1941
up	the	1940
range	of	1938
focus	on	1912
according	to	1912
you	want	1906
they	can	1905
close	content-length	1903
designed	to	1896
in	all	1892
they	are	1891
one	of	1888
may	have	1877
on	the	1872
might	be	1868
that	have	1863
if	they	1861
of	her	1860
me	to	1859
and	he	1852
the	process	1851
using	the	1847
the	work	1845
required	to	1842
responsible	for	1840
the	day	1837
in	its	1829
high	school	1824
to	develop	1822
type	of	1821
of	god	1818
years	ago	1815
of	life	1813
to	come	1804
who	is	1801
for	you	1794
with	their	1792
work	with	1790
for	more	1790
also	be	1789
for	our	1786
which	are	1780
will	also	1773
the	whole	1772
as	we	1771
to	improve	1763
this	year	1763
the	first	1759
wanted	to	1758
come	to	1751
when	you	1749
used	in	1736
the	entire	1734
types	of	1733
he	had	1726
against	the	1723
know	that	1720
that	has	1719
you	know	1718
she	was	1718
try	to	1713
fact	that	1711
like	the	1709
click	here	1708
with	your	1708
how	the	1708
for	his	1699
that	would	1698
make	the	1696
work	in	1695
understanding	of	1693
the	top	1691
when	they	1687
and	all	1685
of	which	1681
no	longer	1677
center	for	1677
group	of	1672
right	to	1671
of	any	1663
likely	to	1661
the	development	1659
the	us	1656
the	field	1654
among	the	1653
what	is	1650
each	other	1650
form	of	1648
do	you	1644
are	available	1640
you	may	1632
out	to	1630
less	than	1630
said	that	1626
to	become	1620
you	need	1619
students	to	1618
he	has	1617
the	opportunity	1607
can	also	1606
level	of	1603
prior	to	1597
to	bring	1596
history	of	1589
would	not	1585
is	available	1585
of	course	1581
what	the	1580
they	will	1574
the	fact	1573
when	he	1567
but	also	1564
the	course	1562
for	example	1560
board	of	1558
participate	in	1557
the	year	1552
available	to	1551
up	with	1548
he	has	1548
so	much	1545
the	department	1545
because	it	1541
which	was	1539
to	pay	1539
for	the	1536
of	each	1533
is	very	1532
the	project	1530
important	to	1527
to	build	1525
make	it	1519
what	they	1512
with	his	1511
for	each	1508
because	the	1503
the	new	1502
when	it	1488
but	the	1484
and	what	1483
found	in	1482
cannot	be	1475
sense	of	1475
the	rest	1474
have	an	1470
help	you	1469
of	time	1466
but	not	1460
terms	of	1457
be	made	1455
time	of	1455
if	it	1454
believe	that	1452
to	understand	1450
is	still	1446
including	the	1445
the	area	1444
we	will	1444
lack	of	1443
is	being	1440
what	we	1439
came	to	1437
in	new	1435
enough	to	1435
much	more	1432
on	our	1431
will	help	1430
what	you	1429
series	of	1427
at	this	1427
needed	to	1427
known	as	1426
away	from	1424
result	of	1423
available	for	1421
set	of	1418
in	some	1417
because	they	1414
working	with	1413
needs	to	1412
state	university	1409
could	not	1409
or	other	1408
we	were	1400
his	own	1398
the	main	1397
both	the	1395
used	for	1393
here	to	1388
the	state	1387
college	of	1385
or	more	1384
in	any	1383
role	in	1381
students	and	1380
need	for	1380
be	found	1379
him	to	1379
any	other	1377
the	government	1374
up	in	1371
thousands	of	1367
to	determine	1367
the	law	1364
looking	for	1364
since	the	1363
any	of	1362
was	an	1361
along	the	1360
office	of	1360
way	of	1355
where	he	1355
director	of	1350
the	event	1349
to	share	1349
off	the	1348
on	how	1346
with	this	1345
areas	of	1344
to	protect	1343
seems	to	1342
the	local	1341
for	me	1340
same	time	1340
instead	of	1337
the	need	1334
can	help	1333
an	important	1329
your	own	1328
lead	to	1328
or	not	1327
to	receive	1326
it	can	1325
time	and	1325
the	school	1323
ways	to	1322
have	not	1321
is	more	1319
to	read	1317
interest	in	1315
served	as	1315
get	the	1314
is	important	1305
say	that	1305
and	so	1298
quality	of	1296
to	change	1293
response	to	1291
importance	of	1291
expected	to	1290
cost	of	1289
and	even	1288
should	not	1288
rest	of	1286
in	one	1285
to	those	1285
to	them	1280
be	an	1278
people	in	1276
side	of	1274
was	also	1273
who	has	1273
this	time	1272
has	not	1272
you	do	1270
each	of	1269
aspects	of	1269
to	my	1268
as	part	1268
first	time	1266
for	those	1263
state	of	1263
director	of	1262
when	the	1262
with	other	1262
research	and	1257
the	original	1257
take	the	1250
so	many	1249
we	do	1248
you	would	1246
upon	the	1245
there	were	1245
we	need	1244
the	early	1241
during	the	1241
is	used	1240
and	our	1240
make	sure	1237
up	and	1237
about	how	1236
ensure	that	1232
the	system	1231
focused	on	1231
the	book	1231
process	of	1229
were	not	1229
to	address	1228
have	no	1226
who	was	1226
on	his	1224
to	live	1221
in	fact	1220
the	student	1219
the	information	1219
who	had	1219
and	one	1218
the	data	1217
as	the	1216
to	her	1210
as	you	1210
nature	of	1209
the	beginning	1209
value	of	1207
of	how	1207
you	are	1206
if	we	1205
its	own	1203
as	much	1203
to	attend	1202
to	its	1202
work	on	1199
in	her	1195
found	that	1194
the	name	1193
as	possible	1188
the	study	1187
they	had	1186
is	currently	1186
forward	to	1185
that	she	1183
the	body	1181
the	problem	1180
and	also	1176
support	for	1174
set	up	1174
to	serve	1170
to	look	1167
the	power	1167
people	to	1167
the	very	1167
to	show	1164
she	is	1163
two	years	1163
the	final	1163
support	of	1161
parts	of	1157
can	do	1155
not	just	1155
to	us	1153
to	continue	1151
thank	you	1150
difficult	to	1149
in	many	1148
but	they	1147
the	students	1146
work	of	1146
do	you	1146
here	for	1144
to	think	1143
the	latest	1143
that	all	1142
of	other	1142
went	to	1139
much	of	1137
hard	to	1137
know	what	1136
when	we	1136
majority	of	1135
and	her	1135
is	required	1133
decided	to	1133
the	largest	1133
study	of	1132
to	start	1131
and	there	1130
until	the	1127
down	the	1127
the	importance	1125
that	is	1124
seem	to	1124
them	in	1124
you	will	1122
will	take	1120
think	that	1119
in	these	1118
to	other	1118
on	an	1117
you	for	1112
you	may	1111
to	identify	1110
version	of	1107
it	has	1106
that	were	1105
for	any	1104
continues	to	1103
subject	to	1103
purpose	of	1103
and	some	1102
role	of	1102
support	the	1102
and	others	1101
the	amount	1100
be	done	1100
with	her	1100
to	put	1099
the	site	1095
effects	of	1094
health	and	1091
needs	of	1091
necessary	to	1090
for	them	1090
will	continue	1089
of	two	1088
are	now	1088
to	increase	1087
be	more	1087
how	much	1086
last	year	1086
live	in	1085
the	ability	1083
the	idea	1082
willing	to	1081
even	if	1078
with	our	1077
the	question	1076
for	us	1076
the	following	1075
to	participate	1075
do	so	1075
of	such	1075
the	board	1075
while	the	1073
the	city	1071
in	both	1070
area	of	1069
information	and	1069
working	on	1069
about	it	1068
from	their	1062
this	was	1062
who	were	1062
commitment	to	1061
are	more	1060
education	and	1059
source	of	1058
as	he	1057
to	view	1057
the	story	1055
the	lord	1055
to	prevent	1053
which	will	1052
in	terms	1051
attempt	to	1051
degree	in	1051
must	have	1050
the	water	1049
students	in	1043
the	highest	1038
the	form	1038
deal	with	1038
some	of	1037
journal	of	1037
san	francisco	1037
is	only	1037
students	who	1036
to	reduce	1035
the	full	1035
they	would	1034
and	make	1032
time	for	1032
for	students	1032
ready	to	1031
are	still	1030
for	its	1030
most	important	1026
about	this	1026
of	being	1025
committed	to	1024
be	held	1023
changes	in	1021
began	to	1021
to	him	1019
to	move	1018
program	is	1016
the	results	1016
for	many	1016
the	company	1015
case	of	1015
efforts	to	1014
high	school	1014
how	do	1012
levels	of	1011
the	region	1010
provided	by	1009
wish	to	1009
up	for	1008
analysis	of	1008
we	had	1007
in	other	1005
approach	to	1002
with	all	1000
which	they	999
what	it	998
the	cost	997
easy	to	997
not	been	997
for	her	997
sort	of	996
do	it	995
by	an	995
understand	the	995
the	ground	995
of	new	994
with	the	993
is	just	992
idea	of	990
that	may	990
will	provide	989
example	of	986
on	my	985
compared	to	985
be	considered	985
the	general	984
get	to	982
knowledge	of	982
the	word	982
with	them	982
point	of	981
where	they	981
the	old	980
and	social	980
to	join	980
you	should	979
should	have	978
goal	of	978
are	some	977
people	are	977
these	are	977
meet	the	977
have	had	974
risk	of	974
are	being	974
which	he	973
are	no	972
they	do	971
has	also	970
open	to	970
may	also	970
each	year	968
to	play	968
issue	of	968
effort	to	968
the	potential	968
to	achieve	967
the	group	967
could	have	966
of	human	966
copy	of	966
an	opportunity	962
to	complete	962
course	of	962
hundreds	of	962
climate	change	962
the	issue	961
the	role	961
place	in	960
which	has	959
children	and	959
human	rights	958
followed	by	957
down	to	957
no	one	956
that	if	956
the	federal	955
to	assist	955
have	any	954
you	think	952
it	may	952
find	the	952
is	what	949
of	information	949
to	apply	949
for	it	946
she	said	946
to	promote	946
serve	as	944
the	environment	943
from	this	943
the	present	943
chance	to	942
find	out	941
collection	of	940
power	of	939
field	of	939
impact	on	938
with	you	938
to	discuss	937
is	so	937
the	history	936
to	offer	935
only	one	935
work	and	934
similar	to	934
return	to	933
she	is	933
included	in	931
close	to	931
please	contact	931
talk	about	930
front	of	929
to	avoid	929
are	all	928
comes	to	928
and	many	926
portion	of	926
the	family	925
that	could	924
located	in	924
focuses	on	924
he	also	923
the	heart	923
when	you	922
she	was	920
top	of	920
the	application	920
aware	of	920
couple	of	918
name	of	917
people	of	916
led	to	914
with	my	914
out	in	912
to	tell	912
people	with	912
living	in	912
result	in	911
plan	to	911
at	home	911
of	course	910
increase	in	910
that	time	910
given	to	904
it	will	903
the	human	902
long	as	901
the	great	900
do	with	900
to	hear	899
people	and	898
tried	to	898
to	any	898
but	we	898
of	some	898
beginning	of	897
place	to	897
learn	more	895
our	own	894
wants	to	893
about	what	892
los	angeles	892
time	in	890
is	going	889
attention	to	888
day	of	888
there	was	886
the	war	886
to	stay	885
she	has	885
half	of	884
for	some	882
means	that	881
opportunities	for	879
impact	of	879
of	both	878
in	order	877
and	support	877
those	of	877
even	more	877
and	the	877
so	far	877
is	designed	877
the	subject	877
is	about	876
used	by	876
unable	to	876
to	talk	875
institute	of	875
to	include	874
change	in	873
period	of	873
was	born	871
the	third	868
will	need	867
which	we	866
in	fact	866
one	or	866
he	would	863
we	also	861
that	our	861
sure	to	860
provide	the	860
in	place	859
is	based	859
just	as	859
life	and	859
was	one	858
include	the	858
the	summer	858
the	house	857
president	of	857
it	also	856
kinds	of	855
contact	the	855
dedicated	to	855
published	in	855
that	these	854
the	internet	853
or	even	853
to	write	852
state	and	851
from	all	851
the	value	850
development	and	850
to	ask	850
to	stop	848
improve	the	846
advantage	of	846
they	were	845
the	real	844
it	does	843
to	produce	843
made	by	842
in	front	839
are	very	839
from	the	836
email	address	836
as	if	835
with	its	834
possible	to	833
sent	to	832
of	many	832
know	how	832
the	middle	831
you	get	831
after	the	830
of	new	830
loss	of	829
other	than	829
the	nation	828
the	three	828
the	health	827
read	the	827
every	day	826
to	reach	826
are	many	824
click	here	823
outside	the	822
held	in	822
show	that	822
to	these	821
the	church	821
at	any	821
to	allow	821
was	no	819
to	try	817
the	national	817
most	of	816
like	this	816
are	required	816
tend	to	816
asked	to	815
available	in	815
all	over	815
and	my	814
the	world	813
we	should	813
sure	that	813
students	are	812
rate	of	812
work	to	810
as	one	809
the	college	809
made	to	808
posted	on	808
has	become	808
the	new	808
on	its	806
only	to	806
near	the	805
city	of	804
are	used	804
experience	in	804
the	quality	803
the	point	803
contribute	to	802
the	individual	801
care	of	801
it	as	800
from	his	800
allowed	to	799
can	get	799
three	years	798
outside	of	798
the	building	798
even	though	797
can	use	797
with	it	796
called	the	796
to	speak	796
the	left	795
for	both	795
consists	of	795
the	author	794
and	when	794
forms	of	793
reduce	the	793
many	people	792
and	community	792
the	church	792
this	was	791
learn	about	789
is	located	788
to	raise	788
and	most	787
the	most	787
years	old	785
think	of	785
caused	by	785
how	they	784
without	the	784
days	of	783
to	each	783
if	we	781
we	must	780
with	some	780
york	city	779
this	case	778
the	board	777
be	taken	777
to	add	777
in	addition	777
of	education	777
means	of	777
can	see	776
come	from	776
what	are	776
and	if	775
the	list	775
the	house	775
be	given	775
to	consider	774
view	of	774
was	posted	774
his	wife	773
serves	as	771
think	about	771
many	of	770
with	no	770
whether	the	770
of	water	770
had	no	769
to	obtain	769
five	years	769
take	place	769
all	of	769
work	for	768
can	make	768
story	of	768
the	program	768
for	one	768
do	this	767
know	the	767
the	west	767
returned	to	767
is	made	766
with	us	766
was	very	765
and	get	765
the	children	764
to	maintain	764
in	mind	763
over	the	763
the	land	762
the	road	762
from	an	760
of	interest	760
about	their	760
the	international	760
all	that	760
he	says	760
much	as	758
who	will	758
soon	as	757
life	of	757
for	my	757
be	available	757
the	needs	756
this	week	756
lots	of	755
they	may	755
dealing	with	755
to	leave	755
many	years	755
to	grow	754
in	each	754
the	bottom	754
age	of	754
and	use	754
looking	at	754
which	can	754
she	has	753
beyond	the	753
intended	to	752
the	impact	752
change	the	751
young	people	751
to	follow	749
supported	by	747
visit	the	747
will	receive	747
behind	the	746
things	that	746
their	families	745
to	begin	745
air	force	745
web	site	744
depending	on	744
also	have	743
might	have	743
and	she	742
the	person	742
association	of	742
the	team	741
then	the	741
is	often	740
will	make	739
for	these	737
the	various	736
public	health	736
we	know	736
to	explore	735
to	save	735
moved	to	735
limited	to	735
free	to	734
to	buy	733
talking	about	733
in	washington	732
of	students	732
programs	and	731
and	local	731
entry	was	731
the	major	731
the	previous	731
you	must	731
too	much	730
this	course	730
are	going	730
for	people	729
information	to	729
to	set	728
to	some	728
plans	to	728
this	entry	728
pay	for	726
said	to	725
hours	of	725
me	that	725
from	our	724
questions	about	724
the	conference	724
used	as	724
regarding	the	723
referred	to	722
the	basis	721
the	center	721
that	one	720
north	carolina	720
the	second	720
this	will	720
the	greatest	717
to	run	717
can	only	717
than	one	717
the	organization	717
of	work	717
as	many	715
behalf	of	715
work	is	714
of	california	714
they	could	713
results	of	712
while	the	711
required	for	711
one	that	711
to	visit	711
my	own	711
going	on	710
we	would	710
to	what	710
there	were	710
the	nature	710
other	hand	710
few	years	708
where	you	707
full	of	707
what	he	707
men	and	707
to	study	706
piece	of	706
we	can	705
not	yet	705
presence	of	705
and	no	705
or	her	704
millions	of	704
the	truth	704
but	that	704
professor	of	703
it	comes	702
the	meeting	701
way	that	701
is	always	701
working	in	700
their	lives	698
community	and	698
together	to	698
made	the	696
to	another	696
on	campus	696
years	and	696
regardless	of	696
president	of	695
the	office	695
in	such	695
combination	of	695
from	one	695
are	often	695
the	late	692
back	in	692
far	as	691
to	teach	691
to	establish	691
science	and	690
the	result	689
and	services	689
the	research	688
prior	to	688
they	have	688
the	class	688
by	his	686
for	which	686
the	market	685
it	with	684
added	to	684
out	that	683
from	your	683
but	it	683
is	called	682
the	game	682
and	those	682
on	all	680
my	life	679
how	we	678
there	will	677
respond	to	677
keep	the	677
we	could	676
you	could	676
of	public	675
on	what	675
but	he	674
we	need	674
address	the	674
the	situation	674
to	send	673
where	she	672
the	user	672
effect	of	671
hope	that	671
have	made	671
something	that	671
implementation	of	670
cause	of	670
has	no	669
patients	with	669
students	with	668
the	report	668
the	age	668
has	an	668
encouraged	to	668
the	total	668
says	that	667
they	need	666
apply	to	666
lives	of	665
determine	the	665
goal	is	665
and	two	665
as	long	665
to	prepare	665
thanks	to	665
the	life	664
and	development	664
opportunity	for	664
the	job	664
in	other	664
the	appropriate	663
us	in	663
is	expected	663
how	can	662
begin	to	661
year	of	661
if	he	660
the	classroom	660
treatment	of	659
if	there	659
higher	education	658
state	of	658
the	key	657
by	the	657
it	would	657
hope	to	657
more	likely	657
so	we	657
better	than	657
the	air	656
and	provide	656
the	library	656
depends	on	656
mental	health	655
and	now	655
use	in	655
of	health	655
world	war	655
the	risk	654
total	of	654
you	were	653
the	business	653
give	you	653
one	another	652
the	primary	651
up	on	650
the	child	650
where	we	649
the	holy	648
the	south	648
click	on	648
benefits	of	647
shows	that	647
of	america	647
and	public	647
women	and	646
and	staff	646
the	proposed	646
size	of	646
to	perform	645
of	three	645
increase	the	644
be	seen	644
the	social	644
he	said	644
tell	you	643
links	to	643
to	return	643
design	and	642
other	words	642
you	have	642
with	him	642
in	america	642
the	fall	642
school	and	642
failed	to	642
you	might	642
wide	range	641
invited	to	641
the	university	641
complete	the	641
said	he	641
the	president	641
supreme	court	641
in	general	640
the	center	640
and	women	640
san	diego	639
and	students	639
it	should	639
the	court	639
how	it	638
is	part	638
of	research	636
society	of	635
given	the	635
on	it	634
that	their	634
the	north	634
to	access	633
and	help	633
for	use	633
four	years	633
section	of	632
she	had	632
or	any	632
see	that	632
family	and	632
was	able	632
look	forward	632
view	the	631
applied	to	631
been	in	630
the	senate	630
or	by	630
the	high	629
he	will	629
world	of	629
the	above	629
capable	of	629
follow	the	629
posted	by	629
participated	in	629
many	other	629
of	science	628
the	only	628
of	children	628
at	an	628
review	of	627
to	submit	627
relationship	between	627
it	all	627
the	door	626
with	one	626
with	me	626
on	behalf	626
can	have	625
what	was	624
that	some	623
long	time	623
are	currently	623
can	take	623
out	there	623
the	home	623
care	for	622
read	more	622
note	that	622
home	to	622
members	and	621
control	of	620
made	in	619
only	be	619
information	is	619
the	former	619
together	with	619
here	in	618
we	want	618
was	made	618
to	hold	617
suggest	that	617
or	two	617
this	project	617
how	you	616
posted	in	616
for	children	615
the	global	615
the	lives	615
following	the	615
the	department	614
has	made	614
link	to	613
appears	to	613
are	so	613
complete	list	613
creation	of	612
is	possible	612
and	research	611
to	spend	611
one	is	611
matter	of	610
it	could	610
in	every	608
of	operations	608
by	this	607
in	particular	607
them	with	607
over	time	607
as	soon	607
the	earth	606
the	majority	606
services	to	606
food	and	606
of	women	605
to	enter	605
the	police	604
search	for	604
support	and	604
do	we	604
are	two	604
that	had	604
more	than	604
for	two	603
discuss	the	603
supposed	to	602
toward	the	602
this	point	602
the	media	602
evidence	of	601
are	able	601
leads	to	601
are	you	601
benefit	from	600
people	have	600
examples	of	600
and	therefore	600
knowledge	and	599
noted	that	599
the	european	599
but	you	598
was	so	598
help	us	598
the	money	598
of	american	598
from	other	598
and	thus	597
do	that	597
the	hospital	597
don't	know	596
such	an	596
and	international	596
we	were	596
how	many	596
that	people	596
author	of	595
care	and	595
part	in	595
don't	have	595
students	will	594
professor	of	594
where	it	594
have	done	594
the	effects	593
you	don't	593
continued	to	593
system	is	593
so	they	592
the	place	592
public	health	592
joined	the	591
be	sure	591
with	each	591
life	in	591
be	very	590
years	in	590
the	international	590
will	find	590
training	and	590
to	pass	590
is	why	589
to	call	589
his	life	589
choose	to	589
with	more	589
you	see	589
resulted	in	589
had	not	589
no	more	588
here	are	588
heart	of	588
the	military	588
to	explain	587
to	deal	587
the	actual	587
think	the	586
engaged	in	586
the	presence	585
the	university	585
apply	for	585
the	head	584
have	also	584
help	to	584
can	find	583
are	at	583
on	her	583
to	present	583
the	next	583
of	every	582
program	in	582
the	difference	582
that	your	581
the	size	581
participating	in	581
the	front	581
relating	to	581
the	possibility	581
his	or	580
refer	to	580
different	from	580
how	to	579
will	include	579
years	to	578
to	check	578
carried	out	577
the	federal	577
on	these	577
this	program	576
very	much	575
new	jersey	575
the	words	574
that	many	574
led	by	574
of	different	574
issues	of	574
the	annual	574
an	example	573
see	how	573
the	things	573
think	it	573
but	there	573
friends	and	572
when	she	572
not	know	572
head	of	572
students	will	572
is	known	572
is	necessary	571
be	required	571
to	encourage	571
clear	that	571
is	our	570
skills	and	569
filled	with	569
comes	from	569
got	to	569
opportunities	to	569
for	him	568
of	social	568
united	nations	568
the	economy	568
accordance	with	568
above	the	567
these	two	567
it	seems	567
the	benefits	566
staff	and	566
on	which	566
the	brain	566
have	seen	565
system	of	565
aspect	of	565
directly	to	565
so	it	565
are	interested	564
created	by	564
water	and	563
course	is	563
the	back	563
your	child	563
the	purpose	563
the	political	563
university	and	563
the	design	562
this	issue	562
that	his	562
least	one	562
eligible	for	561
out	for	561
about	your	561
to	implement	561
social	media	560
and	see	560
by	their	559
power	to	558
an	individual	558
overview	of	558
have	already	558
the	context	558
because	of	558
this	page	557
focusing	on	557
to	believe	557
in	part	556
made	it	556
last	week	556
the	school	555
here	is	555
of	state	555
thank	you	555
vice	president	555
making	the	555
difference	between	555
and	economic	555
right	now	555
the	great	554
concept	of	554
also	has	553
year	in	553
is	needed	553
me	and	553
not	an	553
received	the	553
the	relationship	552
of	data	552
context	of	552
the	creation	551
with	disabilities	551
desire	to	551
the	text	551
of	health	551
the	position	551
project	is	551
to	focus	551
to	let	551
the	table	550
the	start	550
talk	to	550
the	average	549
with	these	549
but	this	549
one	year	548
the	bill	548
like	that	548
and	family	548
were	also	548
to	engage	547
university	in	547
this	new	547
completion	of	547
resources	to	547
the	surface	547
since	the	547
application	of	547
we	all	546
to	expand	546
went	on	546
future	of	546
women	in	546
they	should	546
makes	it	545
one	day	545
look	for	544
the	different	544
the	new	544
bit	of	544
and	after	543
question	of	543
which	it	543
listen	to	543
to	accept	542
the	bible	542
worked	with	542
research	on	542
relationship	with	542
will	allow	542
in	two	542
agreed	to	542
to	pursue	542
next	year	541
this	way	541
the	basic	541
in	response	541
if	not	541
basis	of	541
respect	to	541
money	to	541
resources	and	540
born	in	540
this	article	540
program	and	540
see	what	540
join	the	540
services	and	540
stated	that	539
the	level	539
will	give	539
with	any	539
be	no	538
their	work	538
be	provided	537
was	just	537
on	one	537
because	he	536
faculty	and	536
appear	to	536
are	looking	536
some	time	536
this	site	535
welcome	to	535
it	can	534
those	in	534
children	in	533
in	san	533
her	own	533
next	to	533
they	will	532
the	street	532
affected	by	532
service	to	532
based	on	531
data	from	531
the	natural	531
rely	on	531
to	answer	530
see	if	530
middle	east	530
results	in	529
research	in	529
the	date	529
law	enforcement	529
at	our	529
and	take	529
the	face	529
in	advance	527
about	our	527
participation	in	527
to	recognize	526
forced	to	526
million	in	526
in	public	526
the	initial	525
suggests	that	525
you	must	525
they	want	524
the	morning	524
year	and	523
has	had	523
sponsored	by	523
because	we	523
we	may	523
our	students	523
description	of	523
are	made	523
discussion	of	522
told	me	522
to	control	522
for	other	521
the	moment	521
the	man	521
an	excellent	520
means	to	520
so	you	520
is	responsible	520
he	did	520
be	sent	519
city	of	519
working	to	519
emphasis	on	519
check	out	519
executive	director	519
in	january	519
the	patient	519
an	additional	518
is	open	518
of	christ	518
back	and	518
institute	for	518
am	not	517
success	of	517
in	accordance	517
any	time	517
be	published	517
only	in	517
available	at	517
plenty	of	517
history	and	516
social	and	516
they	also	516
love	to	516
happy	to	515
this	year	515
the	property	515
federal	government	515
he	had	515
for	new	514
at	their	514
in	europe	514
in	different	513
that	no	513
information	for	513
and	health	512
have	some	512
help	them	512
to	open	512
he	could	511
to	carry	511
the	latter	511
to	better	511
the	two	511
it	had	510
the	effect	510
what	do	510
if	your	510
per	year	509
to	both	509
are	doing	509
the	middle	509
for	years	508
experience	of	508
of	public	508
the	physical	508
that	when	507
which	were	507
to	date	507
percentage	of	507
of	several	507
these	are	506
let	us	506
the	world's	506
to	review	506
not	all	506
why	the	506
which	you	505
requirements	for	504
by	which	504
states	and	504
to	remove	504
engage	in	504
of	money	504
the	financial	503
in	various	503
to	choose	503
the	poor	503
your	life	503
enter	the	503
production	of	502
inside	the	502
are	working	501
white	house	501
use	it	501
data	and	501
the	issues	501
which	would	501
seen	in	501
out	on	501
held	at	501
to	fight	500
the	room	500
the	night	500
the	death	500
is	really	500
us	that	499
check	out	499
in	south	499
known	to	499
was	used	499
the	web	499
have	access	499
most	recent	499
the	reason	499
was	going	499
is	something	499
by	our	498
to	enhance	498
the	population	498
the	source	498
the	british	498
the	county	497
at	one	497
her	husband	497
took	the	497
in	english	497
in	california	496
contact	with	496
is	it	496
is	working	496
regard	to	496
his	work	495
as	we	495
they	did	495
the	long	495
public	and	495
person	who	495
and	resources	494
is	true	494
ought	to	494
the	overall	494
to	gain	494
or	at	494
and	political	494
which	have	493
one	who	493
towards	the	493
basis	for	493
click	on	493
has	worked	492
explore	the	492
seemed	to	492
very	important	492
the	page	492
although	the	492
middle	of	492
leading	to	492
when	we	492
by	using	492
learn	how	491
and	education	491
breast	cancer	491
health	and	491
important	for	490
network	of	490
the	california	490
whether	or	490
available	on	490
are	just	490
as	far	490
do	not	489
than	in	489
reason	for	488
of	medicine	488
problem	is	488
family	members	488
nothing	to	488
science	and	488
here	is	488
home	and	487
will	work	487
the	disease	487
on	saturday	486
on	monday	486
our	community	486
god	is	486
know	about	486
management	of	485
the	young	485
the	purpose	485
the	image	485
is	likely	485
in	his	485
the	sun	485
find	that	484
changes	to	484
the	uk	484
took	place	484
lives	in	484
their	children	484
who	would	483
to	conduct	483
body	of	483
in	may	482
academy	of	482
several	years	482
the	town	482
into	an	482
decision	to	482
evidence	that	481
consistent	with	481
date	of	481
relation	to	481
the	kind	481
consider	the	481
in	those	481
become	the	480
division	of	480
the	line	480
and	learn	480
to	connect	480
to	cover	480
this	study	480
of	things	480
degree	of	479
difference	in	479
possibility	of	479
effect	on	479
of	directors	479
find	it	479
responsibility	for	479
were	able	477
on	friday	477
the	link	477
the	existing	477
and	why	477
we	see	476
graduate	students	476
it	may	476
the	term	475
to	contact	475
york	times	475
the	service	475
the	decision	475
all	these	474
receive	the	474
with	many	474
pleased	to	474
most	common	474
not	as	474
depend	on	474
those	that	473
from	its	473
the	project	473
aimed	at	473
funding	for	473
to	fill	472
with	respect	472
for	what	472
the	economic	472
to	end	471
the	week	471
necessary	for	471
as	their	471
plan	for	471
in	need	471
is	much	471
definition	of	471
health	insurance	470
the	extent	470
for	several	470
issues	and	470
practice	of	470
is	my	470
aims	to	470
we	had	470
protect	the	469
growth	and	469
believe	in	469
this	one	468
in	some	468
both	of	468
and	environmental	467
the	other	467
this	country	467
the	concept	467
shall	not	467
the	goal	467
affect	the	466
him	and	466
approved	by	466
you	like	466
way	for	466
is	given	466
support	to	466
will	begin	465
to	lead	465
recent	years	465
on	january	465
to	turn	465
in	china	465
to	form	465
lived	in	465
to	god	465
the	challenges	464
on	june	464
the	lower	464
on	april	464
financial	aid	464
program	for	463
the	cause	463
in	developing	463
come	up	463
business	and	463
note	that	463
any	questions	463
his	family	463
years	later	463
to	purchase	462
the	study	462
the	news	462
the	un	462
the	office	462
it	up	462
was	at	462
system	and	461
the	food	461
the	campus	461
on	may	461
of	education	461
other	people	461
on	thursday	460
line	of	460
below	the	460
the	biggest	460
you	find	460
account	of	460
in	recent	460
on	july	459
real	estate	459
are	encouraged	459
all	the	459
the	council	459
give	the	459
the	necessary	459
at	your	458
the	test	458
was	held	458
students	from	458
of	view	458
the	mind	458
the	big	458
this	information	458
on	october	457
making	it	457
no	matter	457
none	of	457
the	common	457
help	with	457
is	provided	457
and	friends	456
understand	that	456
an	international	456
of	local	456
the	official	456
south	africa	456
the	college	456
on	tuesday	456
to	respond	456
in	turn	456
here	and	455
she	also	455
place	of	455
the	experience	455
especially	in	455
will	see	455
growth	of	455
to	win	455
for	over	454
became	the	454
the	pacific	454
are	only	453
go	on	453
the	president	453
of	jesus	453
always	been	453
the	type	453
of	science	453
of	whom	453
of	food	452
and	cultural	452
the	article	452
and	water	452
of	government	452
bottom	of	452
and	training	452
prepared	to	452
government	and	452
due	to	452
the	chance	452
came	from	451
question	is	451
thanks	to	451
it	out	450
will	get	450
of	study	450
president	obama	450
has	served	450
to	register	450
the	standard	450
assigned	to	450
the	results	450
program	to	450
in	september	449
who	can	449
had	an	449
the	treatment	449
this	book	449
day	and	449
the	content	448
ranging	from	448
copies	of	448
in	support	448
them	as	448
that	most	448
not	always	448
will	go	447
program	that	447
the	river	447
written	by	447
the	light	447
to	report	446
have	their	446
it	seems	446
center	of	446
the	foundation	446
and	private	446
make	up	446
learn	more	446
programs	in	446
from	which	446
provides	an	445
does	it	445
before	you	445
us	for	445
thinking	about	445
refers	to	445
been	able	445
team	of	445
system	that	444
allow	the	444
will	never	444
to	treat	444
been	made	444
let	me	444
the	four	444
the	spring	444
us	at	443
to	eat	443
not	sure	443
one	can	443
great	deal	442
work	together	442
an	active	442
both	in	442
but	if	442
there	will	442
and	professional	442
on	september	442
from	my	442
to	watch	442
net	microsoftsharepointteamservices	442
not	only	441
schools	and	441
which	may	441
produced	by	441
has	already	441
once	again	441
him	in	441
for	every	441
excited	to	441
but	are	440
some	cases	440
in	june	440
experience	and	439
in	early	439
met	with	439
management	and	439
is	usually	439
on	any	439
the	material	439
if	it	438
that	might	438
not	even	438
human	rights	438
partnership	with	438
performance	of	438
put	the	438
the	commission	438
the	price	438
and	state	438
method	of	438
the	plan	438
on	march	437
as	she	437
use	this	437
absence	of	437
place	for	437
please	note	437
not	necessarily	437
every	year	437
law	and	437
face	of	437
have	found	437
the	lack	436
the	district	436
known	for	436
also	been	436
all	this	436
as	follows	435
that	make	435
all	other	435
time	when	435
the	answer	435
at	work	435
much	to	435
have	become	435
war	ii	435
it	takes	435
is	good	435
the	practice	435
board	of	435
looks	like	435
just	one	434
seeks	to	434
rights	of	434
call	the	434
than	that	434
to	assess	434
learn	to	434
leave	the	433
attempts	to	433
coming	to	433
the	central	433
the	recent	433
did	you	433
the	film	432
designed	for	432
the	san	432
status	of	432
few	days	432
to	evaluate	432
done	in	432
on	december	432
proud	to	432
shows	the	432
north	america	432
i'm	not	432
at	this	432
familiar	with	431
and	learning	431
to	act	431
the	audience	431
with	which	431
have	more	431
involved	with	431
of	four	430
is	essential	430
the	art	430
contributions	to	430
same	as	430
have	taken	429
light	of	429
principles	of	429
spirit	of	429
support	from	429
jesus	christ	429
the	white	429
planning	and	429
an	hour	429
the	industry	428
we	do	428
god	and	428
via	the	428
of	law	428
idea	that	428
in	north	428
of	age	428
of	others	428
the	goal	428
under	the	428
information	in	427
and	it	427
the	matter	427
an	annual	427
put	in	427
life	is	426
time	with	426
model	of	426
in	life	426
posted	on	426
placed	in	426
position	of	426
determined	by	426
no	one	425
opposed	to	425
are	already	425
that	my	425
sources	of	425
it	might	425
to	manage	425
structure	of	425
for	future	425
includes	the	425
services	for	424
and	every	424
pointed	out	424
and	made	424
the	product	424
an	email	424
right	of	424
the	coming	423
will	come	423
attend	the	423
this	section	423
you	should	423
is	another	423
awareness	of	422
act	of	422
for	most	422
man	who	421
made	up	421
world	and	421
the	website	421
the	online	421
you	feel	421
start	of	421
economic	development	421
have	come	420
his	first	420
funded	by	420
key	to	420
look	like	420
to	school	420
indicate	that	420
and	families	420
or	an	420
she	says	419
them	for	419
for	instance	419
and	children	419
this	area	419
demand	for	419
connected	to	419
months	of	419
of	land	419
the	requirements	418
social	security	418
feel	that	418
but	in	418
to	solve	418
to	describe	418
picture	of	418
reported	that	417
far	more	417
meant	to	417
placed	on	417
easier	to	417
rights	and	417
was	only	416
the	traditional	416
an	effort	416
is	because	416
you	use	416
visit	to	416
some	other	416
put	it	416
as	an	416
to	vote	416
about	his	416
someone	who	416
south	carolina	416
benefit	of	416
that	makes	416
feel	like	415
to	test	415
we	hope	415
on	both	415
have	never	415
it	must	415
the	chinese	415
impossible	to	415
our	lives	414
know	if	414
very	well	414
this	course	414
medical	center	414
record	of	414
process	and	414
were	made	414
and	related	414
the	model	414
the	file	413
the	faculty	413
in	several	413
enrolled	in	413
many	different	413
or	she	412
during	this	412
figure	out	412
programs	that	412
the	message	412
review	the	412
the	rules	411
of	service	411
the	core	411
best	to	411
not	want	411
will	do	411
the	knowledge	410
array	of	410
are	expected	410
with	two	410
then	you	410
that	god	410
the	season	410
has	always	410
this	article	410
two	weeks	410
reference	to	409
the	course	409
in	india	409
is	how	409
function	of	409
the	paper	409
construction	of	409
more	important	409
the	title	408
the	year	408
contributed	to	408
states	that	408
in	october	408
on	wednesday	408
the	video	408
people	from	408
the	status	407
in	most	407
saw	the	407
the	private	407
your	family	407
site	is	407
was	established	407
community	of	407
pick	up	406
trip	to	406
web	site	406
the	order	406
saying	that	406
graduated	from	406
is	considered	406
this	event	406
component	of	406
and	technology	405
the	small	405
this	will	405
we	must	405
ten	years	405
without	any	405
process	is	405
be	submitted	405
is	too	405
would	also	405
realize	that	405
will	use	404
proud	of	404
parents	and	404
the	true	404
to	seek	404
of	thousands	404
just	like	404
started	to	404
the	problems	404
groups	of	403
questions	and	403
and	human	403
teaching	and	403
museum	of	403
distribution	of	403
civil	war	403
by	all	403
will	become	403
into	their	403
end	up	403
families	and	402
like	it	402
death	of	402
was	created	402
is	already	402
set	to	402
love	of	402
activities	and	402
experience	with	402
at	some	401
those	who	401
skip	to	401
of	high	401
the	success	401
devoted	to	401
with	others	401
not	so	400
even	in	400
of	north	400
only	for	400
report	on	400
an	online	400
agree	with	400
ahead	of	399
to	sign	399
is	there	399
very	good	399
see	it	399
good	for	399
the	court	399
to	remain	399
children	to	399
elements	of	399
program	will	399
six	months	399
wide	variety	399
and	give	399
an	old	398
set	the	398
linked	to	398
before	they	398
based	in	398
take	advantage	398
join	us	398
the	same	398
waiting	for	397
issues	that	397
back	on	397
all	about	397
the	main	397
as	you	397
this	means	397
of	business	397
with	those	396
thanks	for	396
you	wish	396
children	with	396
the	topic	396
ways	of	396
for	this	396
numbers	of	396
introduction	to	396
an	open	396
love	and	396
is	most	396
first	year	396
at	its	396
costs	of	395
class	of	395
meaning	of	395
account	for	395
in	march	395
we	get	395
located	at	395
contribution	to	395
secretary	of	394
of	state	394
me	in	394
the	upper	394
into	account	394
at	his	394
looked	at	394
ready	for	394
ideas	and	394
do	is	394
length	of	394
potential	for	394
is	done	394
to	express	393
are	provided	393
shown	in	393
direction	of	393
far	from	393
the	specific	393
one	thing	393
new	england	393
of	experience	393
even	if	392
provide	an	392
work	at	392
was	given	392
exposure	to	392
book	is	392
back	into	392
the	language	392
tell	us	392
among	the	391
members	to	391
who	do	391
was	still	391
this	work	391
the	medical	391
to	others	391
us	on	391
of	various	391
meet	with	391
on	november	390
worked	in	390
sign	up	390
won	the	390
or	less	390
information	from	390
call	for	390
in	july	390
attached	to	390
books	and	390
at	risk	390
the	path	390
an	application	390
taken	to	390
from	her	390
for	instance	389
make	this	389
taking	the	389
mission	of	389
down	and	389
it	also	389
resulting	in	389
information	that	389
in	relation	389
we	want	389
in	december	389
never	been	389
of	patients	388
been	working	388
of	energy	388
amounts	of	388
content	of	388
those	with	388
makes	the	388
the	side	388
is	there	388
the	jewish	387
the	streets	387
school	in	387
to	communicate	387
not	going	387
the	government	387
exposed	to	387
can	we	387
data	on	387
to	sell	387
the	best	386
to	feel	386
become	more	386
would	you	386
the	legal	386
comply	with	386
the	evening	385
most	likely	385
council	of	385
additional	information	385
answer	to	385
mean	that	385
by	one	385
policy	and	385
and	management	385
year	old	385
provides	the	385
present	in	385
hard	work	385
in	april	384
differences	in	384
to	remember	384
and	business	384
that	was	384
to	enjoy	384
he	can	384
and	put	384
has	received	384
but	if	383
on	august	383
other	countries	383
interact	with	383
in	november	383
been	an	383
policies	and	383
of	congress	383
generation	of	383
systems	and	382
the	report	382
out	by	382
seek	to	382
onto	the	382
the	event	382
the	direction	382
conjunction	with	382
learn	from	382
closer	to	382
might	not	382
learning	and	381
thing	to	381
something	to	381
of	texas	381
relevant	to	381
the	rights	380
developed	by	380
out	with	380
selection	of	380
to	collect	380
from	these	380
see	the	380
describe	the	380
and	we	379
sure	you	379
people	were	379
the	show	379
details	of	379
at	once	379
an	increase	379
the	growth	379
doing	so	379
place	where	379
go	back	379
should	also	379
in	school	378
concerned	about	378
fail	to	378
the	academic	378
of	arts	378
to	represent	378
them	from	378
do	something	378
too	many	378
my	first	378
having	to	377
in	another	377
to	deliver	377
seen	as	377
an	independent	377
refused	to	377
master	of	377
week	of	377
as	being	377
held	on	377
order	of	377
events	and	377
the	worst	377
is	clear	377
for	such	377
the	arts	377
make	your	377
scope	of	376
the	rate	376
all	things	376
can	provide	376
the	resources	376
if	they	376
to	facilitate	376
stay	in	376
on	top	376
for	information	375
to	life	375
an	article	375
work	as	375
the	construction	375
school	year	375
identify	the	375
the	fire	375
of	art	374
been	used	374
described	in	374
make	an	374
be	applied	374
to	celebrate	374
in	an	374
died	in	374
page	of	374
individuals	and	373
to	examine	373
and	if	373
though	the	373
is	free	373
of	men	373
argue	that	373
are	here	372
was	named	372
if	this	372
or	if	372
in	chicago	372
the	institute	372
of	having	372
in	august	372
was	found	371
works	with	371
the	east	371
interests	of	371
the	internet	371
brought	to	371
the	discussion	371
this	can	371
to	generate	371
data	to	370
women	who	370
the	globe	370
our	website	370
and	future	370
derived	from	370
few	of	370
of	knowledge	370
new	mexico	370
shown	that	370
image	of	369
the	french	369
an	overview	369
but	rather	369
expect	to	368
on	each	368
he	or	368
instead	of	368
to	be	368
the	proper	368
the	large	368
be	completed	368
is	set	368
established	in	368
always	be	368
is	intended	368
time	that	368
coming	from	367
this	process	367
collaboration	with	367
but	this	367
like	you	367
first	place	367
power	and	367
it	means	367
students	are	367
anyone	who	367
be	one	367
school	students	366
left	the	366
at	which	366
the	general	366
show	the	366
go	through	366
and	later	366
will	only	366
reason	to	366
believes	that	366
evaluation	of	365
culture	and	365
problems	with	365
people	that	365
from	each	365
the	staff	365
consequences	of	365
the	base	365
name	is	365
in	high	365
that	day	365
of	care	365
the	spirit	365
community	college	365
is	actually	365
come	in	365
conference	on	365
and	personal	365
the	ones	364
is	like	364
of	dollars	364
approaches	to	364
the	first	364
an	area	364
the	united	364
pay	the	364
the	problem	364
an	organization	364
and	share	364
programs	are	364
of	five	364
ensure	the	363
training	in	363
still	be	363
years	after	363
the	evidence	363
the	period	363
out	what	363
world	is	363
appeared	in	363
many	ways	363
located	on	363
the	least	363
the	award	363
found	to	363
the	english	363
and	often	363
let	us	363
an	average	363
center	in	362
the	month	362
to	thank	362
at	first	362
in	writing	362
is	quite	362
worked	as	362
recognition	of	362
credit	card	362
each	day	362
to	further	362
same	way	361
private	sector	361
needed	for	361
faculty	members	361
represent	the	361
and	let	361
who	want	361
the	loss	361
most	people	361
we	find	360
the	floor	360
an	issue	360
these	things	360
we	know	360
are	usually	360
thought	of	360
safety	and	359
accompanied	by	359
for	women	359
if	there	359
little	bit	359
career	in	359
place	on	359
bring	the	359
this	kind	359
but	we	359
it	into	358
issues	in	358
go	into	358
for	everyone	358
groups	and	358
of	business	358
needs	and	358
the	fourth	358
name	and	358
and	so	358
some	people	358
to	decide	358
charge	of	358
and	find	357
both	sides	357
the	hands	357
day	to	357
no	other	357
it's	not	357
since	it	357
teachers	and	357
together	in	357
would	make	357
in	three	357
which	had	356
the	american	356
essential	to	356
few	months	356
this	month	356
the	growing	356
and	high	356
african	american	356
ask	for	356
if	this	356
the	car	356
compared	with	356
children	of	356
letter	to	355
that	such	355
the	benefit	355
the	agency	355
in	favor	355
the	collection	355
and	still	355
higher	than	355
that	any	355
in	africa	355
resources	for	355
of	south	355
music	and	355
enjoy	the	355
all	those	355
the	energy	354
this	program	354
provided	to	354
the	national	354
in	iraq	354
the	committee	354
than	any	354
of	individuals	354
to	download	354
that	only	354
the	supreme	354
eligible	to	354
system	to	354
suggested	that	354
closely	with	354
will	learn	354
but	only	353
are	several	353
and	experience	353
to	drive	353
members	of	353
court	of	353
no	doubt	353
that	way	353
focus	of	353
published	by	353
get	it	353
by	any	353
the	number	353
to	stand	353
the	sea	353
prepare	for	352
health	of	352
the	men	352
subject	of	352
submitted	to	352
to	preserve	352
appear	in	352
at	least	352
best	way	352
we	did	352
address	is	352
and	new	351
than	ever	351
design	of	351
the	remaining	351
is	found	351
grew	up	351
problem	of	351
worked	for	351
research	and	351
the	eu	351
thought	that	351
did	you	350
an	end	350
are	using	350
corner	of	350
meeting	of	350
other	things	350
to	contribute	350
active	in	350
to	travel	350
the	production	350
the	south	350
guide	to	350
out	how	350
has	come	349
for	three	349
even	though	349
to	demonstrate	349
be	allowed	349
point	in	349
best	practices	349
the	performance	349
existence	of	349
and	practice	349
the	opposite	349
us	with	349
to	announce	348
to	break	348
to	advance	348
join	us	348
looking	to	348
school	in	348
come	out	348
release	of	348
in	particular	348
the	mission	348
is	where	348
in	my	348
we	believe	347
be	better	347
the	changes	347
words	of	347
be	part	347
quality	and	347
told	the	347
art	and	347
is	best	347
called	for	347
house	of	347
is	nothing	347
the	music	346
the	areas	346
this	has	346
professional	development	346
once	the	346
event	is	346
students	have	346
free	of	346
and	sometimes	346
you	know	346
use	the	346
price	of	346
you	need	345
cover	the	345
the	ways	345
or	so	345
are	always	345
please	contact	345
and	keep	345
all	students	345
pieces	of	345
applies	to	345
exactly	what	345
of	chicago	345
first	step	345
the	perfect	345
that	allows	345
that	should	344
freedom	of	344
favor	of	344
is	able	344
be	included	344
yet	to	344
how	does	344
is	limited	344
of	international	344
to	pick	344
by	providing	344
come	back	344
have	you	344
managed	to	344
their	first	344
mission	is	344
home	in	344
which	includes	343
this	includes	343
interest	to	343
and	financial	343
vice	president	343
the	society	343
so	as	343
the	policy	343
and	national	343
after	all	343
done	by	342
members	are	342
but	with	342
committee	on	342
even	when	342
talked	about	342
by	its	342
of	great	342
if	any	342
the	required	342
concerning	the	342
the	budget	342
to	practice	342
has	taken	341
education	in	341
to	introduce	341
tools	and	341
is	probably	341
safe	and	341
to	measure	341
step	in	341
of	israel	341
greater	than	341
technology	and	341
there	has	341
reasons	for	341
assessment	of	341
to	investigate	341
start	to	340
responsibility	to	340
and	open	340
country	and	340
the	north	340
is	well	340
the	universe	340
attended	the	339
the	district	339
per	cent	339
out	more	339
no	way	339
serving	as	339
can	you	339
relate	to	339
our	work	339
tools	to	339
they	must	339
still	in	339
may	include	339
few	weeks	339
you	go	338
things	to	338
the	implementation	338
left	to	338
of	death	338
problem	with	338
carry	out	338
his	father	338
signs	of	338
and	beyond	338
at	night	338
on	them	338
their	way	338
being	able	338
the	safety	338
explain	the	337
and	improve	337
will	focus	337
except	for	337
growth	in	337
be	added	337
the	correct	337
are	given	337
read	more	337
individuals	who	337
in	conjunction	337
as	its	337
potential	to	336
them	on	336
of	commerce	336
what	does	336
as	part	336
serve	the	336
required	by	336
the	web	336
the	kids	336
high	quality	335
of	war	335
and	create	335
service	and	335
into	your	335
many	times	335
the	larger	335
the	costs	335
showed	that	335
son	of	335
helping	to	335
not	need	335
expression	of	335
peace	and	335
an	interview	334
listening	to	334
that	do	334
two	or	334
on	february	334
removed	from	334
is	committed	334
the	structure	334
health	care	334
to	discover	333
was	founded	333
and	working	333
still	have	333
below	to	333
deal	of	333
program	at	333
holy	spirit	333
failure	to	333
national	and	333
to	walk	333
you	had	333
be	paid	333
for	public	333
the	civil	333
happened	to	333
can	you	333
you	make	333
requirements	of	332
cases	of	332
compliance	with	332
the	wrong	332
reflect	the	332
and	service	332
make	them	332
as	our	332
will	always	332
relative	to	332
this	type	331
to	handle	331
goes	to	331
put	on	331
to	replace	331
passion	for	331
very	little	331
take	on	331
long	term	331
the	absence	331
contact	us	331
to	happen	331
the	computer	331
model	for	330
of	power	330
wall	street	330
found	on	330
is	said	330
our	country	330
dozens	of	330
best	of	330
to	experience	330
pair	of	330
to	listen	330
for	those	330
be	aware	330
of	washington	330
the	leading	330
environment	and	330
the	department	330
up	by	330
civil	rights	330
on	sunday	330
thing	that	330
the	arts	330
research	is	330
money	for	329
range	from	329
has	never	329
was	awarded	329
patients	and	329
that	provides	329
must	also	329
and	then	329
in	february	329
she	would	329
time	you	328
as	his	328
million	people	328
data	is	328
graduate	of	328
the	lowest	328
fear	of	328
side	effects	327
area	and	327
share	the	327
large	number	327
education	and	327
something	like	327
and	treatment	327
takes	place	327
free	and	327
arts	and	327
the	park	326
can	cause	326
your	home	326
dependent	on	326
protected	from	326
share	of	326
the	stage	326
they	can	326
theory	of	326
of	making	326
be	placed	326
to	secure	326
whether	it	326
and	around	326
versions	of	326
programs	to	326
bachelor	of	326
worked	on	326
components	of	325
this	paper	325
introduction	to	325
being	used	325
edition	of	325
products	and	325
more	people	325
why	we	325
species	of	325
from	being	325
we	cannot	325
degree	from	325
allows	you	325
but	what	325
success	in	325
of	another	325
the	skills	324
things	are	324
the	terms	324
the	details	324
are	based	324
the	search	324
children	are	324
for	another	324
be	called	323
approval	of	323
and	another	323
billion	in	323
than	just	323
in	case	323
please	visit	323
said	it	323
have	received	323
came	out	323
last	year	323
the	action	323
it	were	322
the	idea	322
here	at	322
is	doing	322
to	educate	322
executive	director	322
choice	of	322
reports	that	322
from	any	322
beginning	to	322
vision	of	322
students	at	322
give	them	322
academic	year	322
have	all	322
others	to	322
tool	for	322
authority	to	322
in	late	321
is	due	321
of	law	321
part	of	321
are	likely	321
the	space	321
done	to	321
presented	in	321
the	responsibility	321
system	in	321
the	group	321
than	those	321
so	on	321
days	after	320
available	from	320
act	as	320
the	opening	320
remember	that	320
contained	in	320
south	of	320
an	effective	320
reach	the	320
think	we	320
not	required	320
owned	by	320
must	not	320
the	meaning	320
and	three	320
leader	in	319
for	further	319
of	the	319
stages	of	319
despite	the	319
options	for	319
the	tax	319
if	your	319
et	al	318
to	reflect	318
act	of	318
the	network	318
the	fact	318
that	even	318
covered	by	318
examine	the	318
public	policy	318
violation	of	318
describes	the	318
characteristics	of	318
but	as	318
the	scene	318
before	it	318
to	local	318
properties	of	318
and	found	317
through	our	317
what	happens	317
and	ask	317
the	scientific	317
an	alternative	317
the	authors	317
population	of	317
already	been	316
never	be	316
them	that	316
are	needed	316
be	sure	316
aware	that	316
the	last	316
than	it	316
by	other	316
provided	for	316
this	problem	316
the	constitution	316
is	difficult	315
to	earn	315
off	to	315
the	minimum	315
up	at	315
an	interesting	315
purposes	of	315
the	army	315
an	event	315
hands	of	315
knew	that	314
assistance	to	314
ways	that	314
be	eligible	314
scheduled	for	314
children	who	314
china	and	314
of	young	314
has	done	314
the	village	313
the	washington	313
agree	that	313
steps	to	313
can	lead	313
through	an	313
course	will	313
new	orleans	313
by	some	313
and	go	313
the	reasons	313
of	illinois	313
for	free	313
the	ocean	313
after	all	313
was	taken	313
protection	of	313
in	london	312
to	strengthen	312
based	upon	312
thought	to	312
with	local	312
the	task	312
these	issues	312
data	for	312
schools	in	312
were	used	312
all	three	312
each	of	311
effectiveness	of	311
to	post	311
little	more	311
and	activities	311
work	that	311
he	will	311
the	lead	311
understand	how	311
address	will	311
of	living	311
and	provides	311
not	enough	311
charged	with	311
from	around	310
share	their	310
faculty	member	310
the	science	310
play	in	310
threat	to	310
point	to	310
be	presented	310
an	early	310
we	think	310
the	names	310
as	those	310
now	is	310
an	attempt	310
was	about	310
through	the	310
together	and	309
and	several	309
and	energy	309
and	federal	309
minimum	of	309
local	and	309
tell	the	309
work	has	309
them	into	309
the	christian	309
the	five	309
availability	of	309
are	part	309
the	usa	309
don't	want	309
to	define	309
also	available	309
and	safety	309
create	an	309
the	book	309
down	in	309
to	face	309
in	charge	308
prepared	for	308
way	in	308
the	red	308
human	beings	308
size	and	308
analysis	and	308
diagnosed	with	308
courses	in	308
the	code	307
read	the	307
with	people	307
all	your	307
the	indian	307
the	library	307
web	page	307
fields	of	307
the	soil	307
this	day	306
at	times	306
of	technology	306
how	many	306
their	home	306
calls	for	306
results	from	306
to	monitor	306
had	never	306
are	eligible	306
people	will	306
but	there	306
take	care	306
the	sense	306
developing	countries	305
combined	with	305
of	faith	305
but	when	305
because	you	305
the	option	305
and	culture	305
and	faculty	305
be	obtained	305
ministry	of	305
to	operate	305
computer	science	305
methods	of	305
you	all	305
are	welcome	305
get	involved	305
remain	in	305
solution	to	304
create	the	304
events	in	304
students	who	304
indicates	that	304
what	happened	304
staff	members	304
the	tools	304
the	winter	304
town	of	304
solutions	to	304
to	design	304
stories	of	304
conducted	by	304
uses	the	304
give	up	304
answers	to	304
began	in	304
we	don't	304
because	there	304
of	political	303
your	email	303
to	enable	303
america	and	303
welcome	to	303
plans	for	303
the	events	303
system	for	303
of	color	303
to	search	303
organizations	and	303
are	important	303
has	given	303
divided	into	303
said	they	303
now	in	303
got	the	303
of	using	303
organization	that	303
hope	you	303
to	place	303
that	each	303
allow	for	303
having	the	302
the	box	302
my	family	302
the	blood	302
has	changed	302
day	in	302
or	call	302
by	clicking	302
the	principles	302
is	less	302
then	we	302
the	soul	302
images	of	302
allows	the	302
chance	of	301
renewable	energy	301
programs	for	301
the	location	301
provided	in	301
in	business	301
the	question	301
rates	of	301
the	executive	301
listed	in	301
was	appointed	301
very	different	301
to	three	301
hosted	by	301
get	out	301
to	defend	301
the	focus	301
be	asked	300
the	current	300
despite	the	300
and	he	300
led	the	300
to	prove	300
risk	for	300
is	the	300
the	exact	300
not	use	300
and	security	300
that	those	300
public	schools	300
way	we	300
energy	and	300
our	children	300
projects	and	300
and	making	300
recognize	the	300
the	director	300
average	of	300
the	training	300
church	of	299
economic	and	299
this	study	299
results	are	299
community	members	299
we	would	299
the	upcoming	299
of	nature	299
register	for	299
described	as	299
picked	up	299
the	phone	299
honor	of	299
to	draw	299
the	administration	299
this	paper	299
of	natural	298
because	the	298
entitled	to	298
lives	and	298
the	press	298
provisions	of	298
these	days	298
phase	of	298
accept	the	298
influence	of	298
have	one	298
make	sure	298
to	plan	298
she	will	298
have	shown	298
my	mind	298
to	kill	298
learn	the	298
and	physical	298
the	western	298
that	students	297
and	that	297
are	trying	297
year	for	297
is	simply	297
works	of	297
presented	to	297
attempting	to	297
let	the	297
move	to	297
change	and	297
this	website	297
relationships	with	297
and	technology	297
believe	the	297
of	events	297
all	our	297
the	movement	297
leaders	in	297
tell	me	296
her	work	296
it	did	296
of	economic	296
as	such	296
of	michigan	296
form	and	296
causes	of	296
the	letter	296
as	for	296
not	being	296
he	does	296
will	discuss	296
ceo	of	296
your	local	295
promote	the	295
in	touch	295
from	them	295
any	one	295
years	as	295
sought	to	295
other	side	295
working	for	295
resource	for	295
assist	in	295
meeting	with	295
the	request	295
consist	of	294
and	quality	294
recipient	of	294
it	should	294
what	are	294
the	planet	294
of	modern	294
with	this	294
love	for	294
project	will	294
will	remain	294
development	in	294
materials	and	294
early	in	294
the	result	294
where	there	294
argued	that	294
then	be	294
in	good	293
through	this	293
the	reader	293
looking	forward	293
good	news	293
their	homes	293
and	technical	293
activities	of	293
to	fund	293
by	many	293
be	accepted	293
it	possible	293
then	it	293
into	this	293
college	in	293
human	services	292
founded	in	292
paid	for	292
through	their	292
edge	of	292
in	full	292
president	and	292
to	sit	292
be	useful	292
the	rule	292
how	do	292
three	months	292
be	so	292
are	found	291
requirereadonly	date	291
her	life	291
the	facts	291
the	scope	291
works	in	291
to	figure	291
to	inform	291
ways	in	291
this	summer	291
the	usual	291
joining	the	291
into	our	291
more	difficult	290
also	an	290
economic	growth	290
the	king	290
make	their	290
the	survey	290
and	they	290
care	about	290
an	idea	290
the	union	290
an	american	290
fun	and	290
in	contrast	290
the	target	290
center	and	290
to	select	290
had	already	290
will	then	290
assume	that	290
conditions	of	290
he	also	289
the	degree	289
that	every	289
and	this	289
was	more	289
six	years	289
we	should	289
and	develop	289
formation	of	289
the	earth	289
spite	of	289
was	never	289
advocate	for	289
that	includes	289
rise	to	289
has	led	289
when	he	289
are	invited	289
views	of	289
about	her	289
this	site	289
for	themselves	288
considered	to	288
we	all	288
from	those	288
safety	of	288
more	time	288
the	director	288
made	available	288
are	responsible	288
of	individual	288
more	effective	288
to	adopt	288
help	me	288
belong	to	288
chair	of	288
site	of	288
you	cannot	288
victims	of	287
for	making	287
do	they	287
reduction	in	287
comment	on	287
hall	of	287
was	then	287
your	name	287
the	screen	287
the	campaign	287
anniversary	of	287
the	island	287
inspired	by	287
we	use	287
have	always	287
water	quality	287
fall	of	287
all	ages	287
latin	america	287
with	what	286
capacity	to	286
once	you	286
are	designed	286
are	considered	286
from	both	286
for	being	286
matter	how	286
on	some	286
first	day	285
composed	of	285
tends	to	285
the	parties	285
of	history	285
claim	that	285
college	and	285
control	over	285
shown	to	285
with	such	285
award	for	285
that	does	285
sides	of	285
goals	and	285
but	no	285
the	dead	285
check	the	285
the	modern	285
funds	to	285
may	need	284
as	your	284
to	realize	284
person	to	284
to	mention	284
though	it	284
culture	of	284
investment	in	284
in	general	284
there	for	284
this	would	284
features	of	284
taken	from	284
agree	to	284
location	of	284
north	of	284
the	existence	284
the	final	284
the	object	284
long	and	283
set	out	283
thing	is	283
two	days	283
was	first	283
supports	the	283
practices	and	283
this	world	283
him	as	283
and	it's	283
much	for	283
call	to	283
to	death	283
by	her	283
referring	to	283
about	these	283
problems	and	283
oil	and	283
and	educational	283
help	in	283
which	means	283
and	procedures	283
learned	that	282
also	includes	282
and	yet	282
the	technology	282
has	helped	282
to	extend	282
they	might	282
task	force	282
we	believe	281
of	love	281
will	require	281
much	better	281
me	with	281
problems	in	281
be	removed	281
this	would	281
and	medical	281
the	eyes	281
to	lose	281
thought	it	281
control	the	281
which	could	281
to	cut	281
for	help	281
faith	in	281
of	current	281
efforts	of	281
prevent	the	281
an	interest	281
this	page	281
its	first	281
than	they	281
the	board	281
of	learning	281
blood	pressure	280
has	developed	280
users	to	280
many	more	280
transferred	to	280
to	close	280
offered	to	280
in	making	280
the	public	280
and	again	280
community	in	279
log	in	279
and	went	279
hear	the	279
by	two	279
would	take	279
measure	of	279
belief	that	279
room	for	279
summary	of	279
of	music	279
york	state	279
in	love	279
offered	by	279
attempted	to	279
her	family	279
think	you	278
be	treated	278
funds	for	278
was	published	278
give	us	278
to	accomplish	278
improving	the	278
the	record	278
if	you're	278
and	programs	278
hold	the	278
on	facebook	278
not	available	278
of	action	278
consisting	of	278
and	in	278
and	small	277
of	light	277
reason	why	277
equal	to	277
run	the	277
understanding	the	277
getting	the	277
at	each	277
the	fields	277
concerned	with	277
can	go	277
have	gone	276
in	our	276
down	on	276
old	and	276
the	committee	276
gave	me	276
also	had	276
important	that	276
is	almost	276
you	take	276
realized	that	276
three	times	276
connect	with	276
of	cancer	276
served	on	276
request	for	276
every	time	276
let	me	275
the	chicago	275
and	less	275
graduate	student	275
money	and	275
do	what	275
ended	up	275
members	in	275
political	and	275
were	very	275
the	association	275
condition	of	275
the	ultimate	275
see	this	275
the	western	275
be	expected	275
the	party	275
in	class	275
notion	of	275
more	details	275
it	does	275
much	less	275
concluded	that	275
searching	for	275
people	can	275
care	to	275
possible	for	275
the	central	274
government	to	274
and	enjoy	274
so	far	274
rules	and	274
so	we	274
place	at	274
projects	in	274
occur	in	274
how	this	274
this	may	274
this	morning	274
our	first	274
find	out	274
us	all	274
represents	the	274
is	critical	274
whether	they	274
per	day	274
point	is	273
leadership	and	273
in	research	273
establishment	of	273
i've	been	273
will	serve	273
go	out	273
the	west	273
be	addressed	273
to	benefit	273
being	protected	273
is	worth	273
and	communities	273
about	my	273
society	for	273
the	authority	273
is	especially	273
the	outside	273
his	career	273
men	who	273
individuals	with	273
acres	of	272
remove	the	272
land	and	272
can	still	272
in	human	272
we	also	272
at	my	272
seeking	to	272
your	doctor	272
and	science	272
contact	information	272
they	had	272
students	for	272
or	no	272
could	do	272
goals	of	272
studies	of	272
security	and	271
of	violence	271
in	health	271
in	education	271
we	might	271
the	spirit	271
served	in	271
the	principal	271
evaluate	the	271
doing	the	271
was	developed	271
his	death	271
for	patients	270
names	of	270
comprised	of	270
the	links	270
were	no	270
their	time	270
planning	to	270
gift	of	270
and	effective	270
tries	to	270
also	provides	270
were	all	270
first	two	270
prime	minister	270
and	understanding	270
of	resources	270
don't	think	270
they	know	270
time	as	270
not	get	270
space	for	270
assess	the	269
defined	as	269
not	make	269
someone	else	269
bureau	of	269
to	fix	269
the	map	269
the	father	269
meeting	in	269
law	of	269
of	san	269
point	out	269
the	document	269
the	conclusion	269
but	he	269
per	week	268
us	as	268
faith	and	268
will	bring	268
not	limited	268
our	new	268
and	organizations	268
the	election	268
indicated	that	268
us	know	268
and	policy	268
on	earth	268
are	called	268
received	his	268
national	park	268
and	look	268
the	russian	268
to	restore	268
involvement	in	268
differences	between	268
your	computer	267
and	without	267
useful	for	267
and	graduate	267
law	school	267
are	listed	267
with	new	267
industry	and	267
his	mother	267
interpretation	of	267
evolution	of	267
and	control	267
is	easy	267
supporting	the	267
of	engineering	267
the	old	267
implications	of	266
did	it	266
written	in	266
same	thing	266
from	spambots	266
of	national	266
city	council	266
fiscal	year	266
an	emergency	266
with	different	266
you	choose	266
state	department	266
and	tagged	266
with	students	266
will	lead	266
global	warming	266
are	both	266
mind	that	265
it's	not	265
they	don't	265
one	time	265
surrounded	by	265
given	by	265
taking	place	265
there	may	265
for	additional	265
know	it	265
the	range	265
stage	of	265
these	people	265
the	company	264
now	that	264
travel	to	264
we	hope	264
enhance	the	264
an	easy	264
or	another	264
to	organize	264
by	your	264
time	on	264
to	learn	264
have	your	264
wait	for	264
district	of	264
study	and	264
in	boston	264
stop	the	264
are	those	264
diversity	of	264
made	for	264
the	students	263
get	your	263
proof	of	263
new	zealand	263
of	art	263
start	with	263
is	far	263
and	receive	263
interview	with	263
made	me	263
the	skin	263
when	it	263
the	plant	263
in	nature	263
close	server	263
only	way	263
communities	and	263
and	took	262
the	city	262
discussed	in	262
the	laws	262
the	fight	262
are	included	262
the	greater	262
an	account	262
this	book	262
the	midst	262
be	said	262
as	other	262
tradition	of	262
to	anyone	262
among	other	262
time	we	262
site	and	262
contributing	to	262
any	more	262
and	food	262
the	special	262
site	for	262
sign	of	262
not	include	261
well	known	261
the	lab	261
respect	for	261
the	contract	261
click	the	261
hopes	to	261
how	can	261
have	learned	261
and	asked	261
the	community	261
percent	in	261
the	east	261
countries	and	261
for	research	261
standards	for	261
since	then	261
time	at	261
the	gulf	261
message	to	261
their	parents	261
will	likely	261
many	others	261
determine	whether	260
begin	with	260
the	bill	260
than	half	260
to	every	260
particularly	in	260
midst	of	260
not	really	260
to	overcome	260
to	detect	260
along	with	260
turned	out	260
in	many	260
founder	of	260
values	of	260
select	the	260
physical	and	260
while	in	260
talks	about	260
turn	to	260
general	public	260
of	small	260
an	appointment	260
much	of	260
only	by	260
effects	on	260
now	available	260
download	the	260
want	to	259
the	maximum	259
was	designed	259
the	reality	259
of	personal	259
held	by	259
language	and	259
the	formation	259
are	willing	259
but	one	259
foundation	of	259
expansion	of	259
has	its	259
past	year	259
the	unique	259
coverage	of	259
reducing	the	259
take	it	259
approach	is	259
the	security	259
jobs	and	259
and	love	259
or	just	259
regarded	as	259
would	say	259
the	database	259
president	and	258
you	just	258
strategies	for	258
sign	up	258
of	services	258
lot	more	258
said	she	258
are	most	258
have	two	258
to	wait	258
education	is	258
on	those	258
to	analyze	258
we	got	258
announced	that	258
the	management	258
the	air	258
who	may	258
others	in	258
are	located	258
of	technology	258
natural	gas	258
can	read	257
to	honor	257
production	and	257
process	for	257
the	solution	257
government	is	257
obtained	from	257
responsibility	of	257
and	early	257
represented	by	257
require	the	257
but	was	257
now	have	257
that	both	257
further	information	257
that	what	257
the	eye	257
themselves	to	257
argues	that	257
difficult	for	257
your	work	257
than	two	257
natural	resources	257
fails	to	257
is	right	257
three	days	257
of	student	257
months	ago	256
half	the	256
staff	to	256
but	when	256
raise	the	256
but	she	256
can	tell	256
created	the	256
living	with	256
qualify	for	256
the	cell	256
get	into	256
in	germany	256
bunch	of	256
the	window	256
what	has	256
and	when	256
the	vast	256
acts	of	256
continue	reading	255
the	enemy	255
will	present	255
talking	to	255
by	those	255
data	in	255
national	security	255
of	his	255
ability	of	255
just	as	255
website	for	255
them	out	255
different	types	255
once	the	255
increasing	the	255
structure	and	255
created	in	255
equipment	and	255
the	jews	255
decide	to	255
any	way	255
during	his	255
civil	society	255
into	his	254
are	generally	254
was	really	254
the	owner	254
the	team	254
by	email	254
the	semester	254
also	known	254
challenges	of	254
topic	of	254
up	from	254
and	maintain	254
reported	to	254
next	day	254
all	kinds	254
the	normal	254
the	texas	254
the	atmosphere	253
later	than	253
and	analysis	253
the	bank	253
presented	at	253
chose	to	253
control	and	253
believed	that	253
the	effort	253
speak	to	253
leaders	and	253
during	this	253
but	that	253
already	have	253
is	hard	253
which	she	253
the	museum	253
the	interest	253
all	their	253
services	are	253
the	establishment	253
listed	below	253
nature	and	253
asked	for	253
him	for	252
the	background	252
in	american	252
and	become	252
of	pennsylvania	252
and	regulations	252
and	government	252
the	higher	252
was	there	252
north	american	252
if	so	252
presented	by	252
extent	of	252
of	getting	251
following	the	251
to	succeed	251
medical	care	251
during	their	251
history	of	251
lead	the	251
agreement	with	251
you	look	251
assistant	professor	251
appreciate	the	251
program	has	251
of	social	251
student	in	251
there	would	251
when	there	251
of	society	251
body	and	251
women	are	251
we	look	251
of	florida	251
think	this	251
you	say	251
established	by	251
reply	to	251
are	offered	251
the	wall	250
personal	information	250
and	discuss	250
in	person	250
the	numbers	250
or	your	250
you	ever	250
is	highly	250
the	conditions	250
and	natural	250
of	six	250
the	participants	250
summer	of	250
to	everyone	250
heard	of	250
tour	of	249
asked	the	249
was	my	249
in	line	249
result	is	249
this	post	249
to	resolve	249
public	library	249
just	for	249
all	aspects	249
so	long	249
the	trial	249
was	elected	249
our	members	249
please	call	249
the	reason	249
the	data	249
at	that	249
one	way	249
the	default	249
graduate	school	248
understanding	and	248
the	consequences	248
believe	it	248
and	events	248
volume	of	248
the	ancient	248
and	south	248
center	is	248
happen	to	248
media	and	248
and	human	248
touch	with	248
the	ball	248
interest	and	248
surface	of	248
child	care	248
families	in	248
general	assembly	248
to	install	248
the	information	248
the	nation's	248
afford	to	248
think	they	248
although	the	248
an	understanding	248
editor	of	248
was	built	247
with	both	247
have	developed	247
study	in	247
the	foundation	247
in	partnership	247
building	and	247
helps	to	247
it	makes	247
guide	to	247
entered	the	247
research	center	247
your	first	247
to	accommodate	247
the	challenge	247
of	teaching	247
month	of	247
the	effectiveness	247
page	for	247
in	england	247
and	promote	247
insight	into	247
west	virginia	247
and	ceo	246
all	his	246
hong	kong	246
leaving	the	246
in	college	246
develop	the	246
application	to	246
with	regard	246
appeal	to	246
the	corner	246
critical	to	246
the	oil	246
course	in	246
standards	and	246
position	in	246
develop	and	246
and	perhaps	246
and	special	246
worry	about	246
his	time	246
space	and	246
setting	up	246
until	they	246
if	she	246
become	an	246
world	in	246
feel	free	246
the	student	246
next	generation	246
are	free	245
preparation	for	245
was	always	245
to	file	245
how	much	245
and	skills	245
found	at	245
the	wild	245
in	afghanistan	245
foundation	for	245
and	better	245
different	ways	245
him	with	245
determined	to	245
to	push	245
examination	of	245
more	efficient	245
members	who	245
conducted	in	245
improve	their	245
the	conflict	244
europe	and	244
who	work	244
implications	for	244
the	living	244
the	distribution	244
study	is	244
who	live	244
pretty	much	244
and	set	244
expressed	in	244
my	heart	244
in	question	244
or	email	244
save	the	244
has	more	244
but	as	244
the	surrounding	244
in	large	244
the	center	244
the	woman	244
library	of	244
things	in	243
this	project	243
set	forth	243
decision	making	243
theory	and	243
credit	for	243
next	week	243
to	whom	243
responses	to	243
columbia	university	243
been	done	243
add	to	243
factors	that	243
are	making	243
not	take	243
them	all	243
problems	of	243
in	history	243
position	to	243
flow	of	243
college	and	243
them	are	243
association	for	243
what	if	243
title	of	243
be	set	243
the	government	243
passed	away	243
water	is	243
group	is	242
important	role	242
determine	if	242
the	conversation	242
movement	of	242
of	agriculture	242
school	district	242
the	condition	242
is	scheduled	242
states	and	242
your	business	242
possible	that	242
access	to	242
the	contrary	242
of	medical	242
continuing	to	242
is	different	242
can	easily	242
why	is	242
is	shown	242
in	all	242
they	also	242
subject	matter	242
can	now	242
its	members	242
no	idea	241
show	up	241
lines	of	241
the	mother	241
as	needed	241
the	culture	241
path	to	241
that	while	241
between	two	241
helped	me	241
least	two	241
like	an	241
with	god	241
is	better	241
and	teaching	241
rules	of	241
to	approve	241
of	doing	241
two	different	241
maintain	the	241
the	fundamental	241
has	grown	241
project	was	241
delivery	of	241
residents	of	241
taken	by	241
do	more	241
changing	the	241
turns	out	241
seven	years	241
she	said	241
their	communities	241
me	as	241
chamber	of	241
san	antonio	241
their	respective	241
themselves	and	240
god	has	240
recognized	as	240
plants	and	240
doing	this	240
laws	and	240
operation	of	240
of	higher	240
be	prepared	240
in	science	240
starting	to	240
young	children	240
refuse	to	240
times	of	240
several	times	240
goes	on	240
in	common	240
was	being	240
were	given	240
principle	of	240
memory	of	240
fill	out	240
foreign	policy	239
connection	with	239
most	popular	239
that	help	239
the	exception	239
the	museum	239
what	she	239
may	take	239
the	grand	239
in	canada	239
the	underlying	239
to	survive	239
the	capacity	239
his	head	238
element	of	238
put	into	238
students	can	238
of	global	238
organized	by	238
to	die	238
does	this	238
either	the	238
student	to	238
international	community	238
not	see	238
last	two	238
at	no	238
skills	to	238
the	facility	238
the	division	238
is	particularly	238
the	wind	238
directed	to	238
survey	of	238
the	institution	238
they	may	238
have	questions	238
the	applicant	238
just	about	238
us	from	238
go	to	238
has	shown	238
or	may	238
real	world	238
disease	and	237
the	books	237
region	of	237
the	operation	237
the	trail	237
the	daily	237
adoption	of	237
the	graduate	237
in	areas	237
all	times	237
your	personal	237
he	went	237
symptoms	of	237
of	virginia	237
strength	of	237
there	have	237
projects	that	237
out	at	237
connected	with	237
could	also	237
as	opposed	237
to	comply	237
more	information	237
of	whether	237
given	in	237
maintenance	of	237
others	are	237
drinking	water	237
presentation	of	237
of	maryland	236
understand	what	236
has	long	236
are	less	236
your	body	236
social	justice	236
but	it's	236
the	client	236
arrived	at	236
has	now	236
technology	to	236
weeks	of	236
situation	in	236
sorts	of	236
would	allow	236
end	to	236
would	do	236
ask	the	236
field	and	236
of	americans	236
new	hampshire	236
help	students	236
the	debate	236
to	eliminate	236
is	generally	236
the	trip	235
the	sky	235
information	regarding	235
are	known	235
an	agreement	235
to	attract	235
know	where	235
workers	and	235
in	rural	235
may	want	235
rid	of	235
tools	for	235
what	would	235
base	of	235
things	like	235
works	for	235
in	patients	235
behavior	of	235
the	server	235
more	or	235
by	law	235
associate	professor	235
contrast	to	235
the	series	235
from	across	235
are	there	235
not	require	235
belongs	to	235
this	past	235
built	in	235
they	get	234
to	compete	234
was	too	234
to	note	234
native	american	234
english	and	234
can	learn	234
the	catholic	234
is	looking	234
and	white	234
answer	is	234
cost	to	234
and	benefits	234
shall	have	234
and	teachers	234
and	what	234
bank	of	234
report	to	234
computer	science	234
is	then	234
the	sound	234
order	for	234
be	working	234
were	found	234
or	three	234
why	do	234
the	state	234
in	prison	234
of	free	234
now	that	234
to	request	234
the	influence	234
provision	of	234
potential	of	234
keep	in	234
so	he	234
red	cross	234
arts	and	233
the	state's	233
and	design	233
returning	to	233
last	few	233
was	originally	233
years	before	233
again	in	233
need	not	233
appropriate	for	233
the	crowd	233
allow	you	233
but	will	233
the	notion	233
the	chief	233
businesses	and	233
people	on	233
the	software	233
pursuant	to	233
impacts	of	233
and	writing	233
an	essential	233
scheduled	to	233
with	great	233
was	called	233
sections	of	233
be	possible	233
agencies	and	233
but	they	233
southern	california	233
and	social	233
that	point	233
issue	is	233
with	another	233
but	at	233
plan	and	233
damage	to	233
days	and	233
program	was	233
also	provide	233
awarded	the	233
is	here	233
matter	what	233
open	and	232
event	will	232
is	presented	232
keep	it	232
something	else	232
to	finish	232
to	fulfill	232
language	of	232
be	put	232
to	capture	232
review	and	232
this	question	232
provide	for	232
give	it	232
is	under	232
especially	when	232
the	student	232
chair	of	232
mix	of	232
of	financial	232
keep	up	232
almost	all	232
the	battle	232
host	of	232
it	becomes	232
read	and	232
application	for	232
responding	to	232
share	with	232
be	determined	232
driven	by	232
opposition	to	232
factor	in	232
work	was	232
is	this	232
penn	state	231
watch	the	231
that	provide	231
the	professional	231
the	hard	231
these	questions	231
came	in	231
relates	to	231
the	release	231
the	environmental	231
in	helping	231
encourage	you	231
the	picture	231
use	for	231
have	given	231
it	more	231
told	him	231
and	bring	231
has	created	231
influenced	by	231
periods	of	231
in	japan	231
directly	from	231
the	gospel	231
owner	of	231
going	through	231
challenges	and	231
problems	that	231
the	gospel	230
case	for	230
come	together	230
portions	of	230
the	meantime	230
requires	that	230
an	official	230
laws	of	230
several	of	230
their	ability	230
web	server	230
in	los	230
get	back	230
activities	in	230
have	created	230
all	its	230
one	more	230
by	these	230
for	young	230
duration	of	230
activities	that	230
the	proposal	230
defined	by	230
the	dark	230
get	an	230
notes	that	230
earlier	this	230
concerns	about	230
has	provided	230
school	and	230
this	period	229
the	courts	229
study	was	229
important	part	229
was	done	229
the	theory	229
the	camp	229
helped	to	229
energy	efficiency	229
college	students	229
him	that	229
pursuit	of	229
have	heard	229
why	it	229
given	the	229
government	has	229
have	used	229
and	served	229
the	rich	229
degrees	in	229
longer	than	229
and	four	229
hit	the	229
good	idea	229
the	southern	229
the	host	229
it	really	229
will	benefit	229
the	near	229
companies	to	229
the	response	228
south	dakota	228
the	outcome	228
an	amazing	228
spent	the	228
be	there	228
works	to	228
called	to	228
true	that	228
costs	and	228
the	state	228
it	appears	228
the	oldest	228
he	says	228
and	practices	228
kansas	city	228
death	in	228
center	at	228
live	with	228
letter	of	228
suitable	for	228
event	of	228
next	few	228
student	at	228
the	northern	228
the	principle	227
the	journal	227
bay	area	227
home	for	227
middle	school	227
and	knowledge	227
is	defined	227
build	the	227
communities	in	227
the	definition	227
domestic	violence	227
gives	the	227
colleges	and	227
successful	in	227
the	rise	227
in	four	227
writing	and	227
pattern	of	227
enough	for	227
after	his	227
article	is	227
decided	that	227
important	in	227
patients	who	227
very	few	226
talk	with	226
points	of	226
be	involved	226
only	two	226
city	and	226
how	long	226
one	side	226
news	and	226
organization	of	226
will	show	226
the	capital	226
his	son	226
is	similar	226
e-mail	address	226
dealt	with	226
some	point	226
the	third	226
the	transition	226
option	to	226
and	received	225
it	doesn't	225
reached	the	225
the	vehicle	225
process	that	225
public	education	225
round	of	225
full	time	225
equivalent	to	225
many	cases	225
the	movie	225
or	otherwise	225
person	is	225
of	minnesota	225
you	really	225
can	give	225
the	states	225
student	who	225
research	projects	225
working	together	225
nothing	but	225
church	in	225
springshare	web	225
the	progress	224
an	estimated	224
an	appropriate	224
grant	from	224
treatment	for	224
felt	that	224
science	in	224
and	access	224
to	appear	224
and	as	224
each	year	224
hear	from	224
will	meet	224
are	involved	224
to	construct	224
past	few	224
an	ongoing	224
who	need	224
and	gave	224
not	like	224
very	difficult	224
an	existing	224
and	shall	224
to	locate	224
up	your	224
strategies	to	224
wife	and	224
started	in	224
studies	have	224
came	up	223
was	his	223
run	by	223
subscribe	to	223
apart	from	223
her	first	223
as	though	223
doing	it	223
to	college	223
be	difficult	223
and	opportunities	223
should	take	223
excited	about	223
your	application	223
and	read	223
here	are	223
working	as	223
had	some	223
the	efforts	223
miles	of	223
progress	in	223
this	form	223
we	shall	223
be	responsible	223
in	mexico	223
applicable	to	223
but	what	223
of	climate	223
have	said	222
the	short	222
after	that	222
use	of	222
cooperation	with	222
open	source	222
can	then	222
how	he	222
wanting	to	222
the	interests	222
the	length	222
can	create	222
from	what	222
united	kingdom	222
proportion	of	222
completed	the	222
reading	and	222
expertise	in	222
my	favorite	222
completed	in	222
community	is	222
move	forward	222
and	you	222
natural	resources	222
make	you	222
to	minimize	222
annual	meeting	222
are	ready	222
resistance	to	222
action	to	222
the	competition	222
content	and	222
capacity	of	222
questions	or	222
of	fame	222
off	of	222
before	we	222
national	science	222
and	includes	222
the	drug	221
second	year	221
there	any	221
mother	and	221
that	must	221
in	detail	221
are	too	221
child	is	221
great	way	221
the	attention	221
your	time	221
the	farm	221
the	theme	221
come	into	221
filed	under	221
methods	to	221
the	son	221
the	workshop	221
weeks	ago	221
notice	of	221
you	can't	221
values	and	221
it	took	221
minimum	wage	221
services	in	221
equipped	with	221
visit	our	221
provide	you	221
are	presented	221
several	other	221
the	global	220
will	soon	220
on	time	220
his	way	220
others	who	220
not	allow	220
especially	the	220
made	possible	220
requirements	and	220
of	ways	220
received	by	220
he	worked	220
are	taking	220
tied	to	220
and	eventually	220
later	in	220
is	even	220
sufficient	to	220
practice	and	220
area	is	220
is	coming	220
comments	on	220
significance	of	220
the	strength	220
of	mind	220
the	german	220
better	understand	220
everyone	who	219
but	by	219
times	and	219
the	tree	219
gives	you	219
will	probably	219
the	southern	219
for	anyone	219
man	and	219
of	english	219
ensuring	that	219
call	it	219
the	steps	219
replace	the	219
your	friends	219
removal	of	219
stem	cells	219
to	love	219
eager	to	219
the	people	219
deals	with	219
character	of	219
doubt	that	219
the	majority	219
last	night	219
age	and	219
most	effective	218
strive	to	218
student	is	218
the	ship	218
task	of	218
is	both	218
studies	in	218
done	with	218
has	written	218
can	become	218
would	require	218
more	like	218
the	second	218
be	true	218
to	fit	218
primary	care	218
do	anything	218
permission	to	218
up	as	218
has	some	218
methods	for	218
and	began	218
for	sale	218
events	that	218
assistant	professor	218
into	two	218
and	having	218
how	did	218
in	certain	218
the	bay	218
discusses	the	218
large	and	218
to	limit	218
proceedings	of	218
for	many	218
looks	at	218
interest	of	218
vote	for	218
tells	us	218
been	very	218
all	my	217
and	continue	217
and	whether	217
of	man	217
floor	of	217
last	month	217
contains	the	217
are	committed	217
made	from	217
text	of	217
none	of	217
is	therefore	217
this	story	217
attorney	general	217
the	walls	217
this	important	217
food	and	217
are	subject	217
take	part	217
environmental	protection	217
theme	of	217
mission	to	217
some	kind	217
remember	the	217
long	been	217
the	stories	217
no	reason	217
many	things	217
and	global	217
when	they	217
data	are	216
it	difficult	216
would	never	216
click	the	216
allows	for	216
the	immediate	216
everything	from	216
any	kind	216
parking	lot	216
and	industry	216
to	train	216
very	high	216
up	their	216
the	analysis	216
office	of	216
consisted	of	216
the	border	216
time	it	216
this	reason	216
of	developing	216
especially	for	216
the	obama	216
raised	in	216
she	could	216
entering	the	216
on	many	216
the	activity	216
looking	for	216
introduced	to	216
elected	to	216
role	as	215
to	donate	215
practice	in	215
subscribe	to	215
carbon	dioxide	215
product	of	215
connection	to	215
of	peace	215
the	gift	215
standard	of	215
it	just	215
not	work	215
having	been	215
the	sale	215
is	impossible	215
can	not	215
and	implementation	215
mentioned	in	215
is	happening	215
the	primary	215
at	what	215
out	of	215
young	man	215
the	use	215
an	extensive	215
public	service	215
line	with	215
wealth	of	215
requires	the	215
confidence	in	215
email	to	215
my	work	215
useful	to	215
essential	for	215
of	college	215
could	see	215
sale	of	215
be	based	215
be	necessary	214
celebrate	the	214
strengthen	the	214
stored	in	214
use	their	214
and	john	214
take	up	214
not	mean	214
rule	of	214
recognize	that	214
enroll	in	214
put	together	214
higher	education	214
this	blog	214
to	observe	214
in	honor	214
for	others	214
all	who	214
of	music	214
story	is	214
all	have	214
systems	are	214
the	relevant	214
through	which	214
the	protection	214
you	might	214
in	effect	214
it	easier	214
information	technology	214
let	them	214
method	for	214
in	collaboration	214
community	service	214
nuclear	weapons	214
very	small	213
current	and	213
hoping	to	213
until	you	213
many	as	213
violence	and	213
for	individuals	213
third	of	213
and	try	213
clinical	trials	213
implement	the	213
next	step	213
had	just	213
and	told	213
may	help	213
million	to	213
life	for	213
was	part	213
discovered	that	213
to	fall	213
is	great	213
from	different	213
to	acquire	213
the	edge	213
the	basics	213
happens	to	213
to	update	213
has	published	213
back	from	212
but	still	212
have	worked	212
dean	of	212
your	favorite	212
delivered	to	212
can	say	212
to	gather	212
countries	in	212
characterized	by	212
mind	and	212
website	and	212
identified	as	212
opportunities	and	212
organizations	that	212
representation	of	212
page	to	212
we	make	212
this	report	212
server	this	212
can	change	212
the	leadership	212
office	in	212
while	others	212
receive	an	212
using	the	212
again	and	212
resources	in	212
the	afternoon	212
to	guide	212
with	high	212
for	details	212
studies	and	212
more	complex	212
heart	and	212
and	engineering	212
methods	and	212
and	maintenance	212
the	forest	212
small	business	212
feet	of	212
increase	of	212
with	several	212
were	more	212
intended	for	212
small	businesses	212
claim	to	212
of	questions	212
each	month	212
to	publish	211
income	tax	211
representing	the	211
many	people	211
is	taken	211
why	they	211
on	two	211
book	of	211
be	happy	211
country	to	211
the	word	211
increases	in	211
went	into	211
to	track	211
observed	in	211
her	mother	211
the	spiritual	211
light	on	211
the	white	211
the	race	211
grateful	to	211
your	email	211
points	out	211
the	conference	211
until	it	211
generated	by	211
and	never	211
among	others	211
high	schools	211
say	they	211
reported	in	211
intend	to	211
exactly	the	211
are	three	211
mental	health	211
friends	of	211
organization	and	211
an	image	211
has	gone	210
two	months	210
is	dedicated	210
that	comes	210
one	has	210
he	became	210
at	her	210
in	ways	210
and	various	210
to	foster	210
them	at	210
security	council	210
through	its	210
the	legislature	210
the	victim	210
on	board	210
school	districts	210
is	determined	210
aim	of	210
tons	of	210
about	them	210
the	distance	210
to	make	210
the	law	210
your	community	210
to	expect	210
give	me	210
the	historical	210
to	point	210
one	person	210
an	expert	210
by	means	210
performance	and	210
activity	in	210
the	teaching	209
loved	ones	209
of	physical	209
the	neighborhood	209
identification	of	209
discussed	the	209
patient	care	209
the	weather	209
lower	than	209
companies	and	209
and	current	209
study	of	209
please	click	209
the	volume	209
rights	to	209
experience	for	209
gave	the	209
of	communication	209
meetings	and	209
choose	the	209
an	introduction	209
considered	as	209
program	is	209
what	makes	209
attributed	to	209
heart	disease	209
benefits	to	209
the	authors	209
seen	the	209
pass	the	209
staff	of	209
of	trustees	208
republic	of	208
of	information	208
using	this	208
quarter	of	208
to	indicate	208
to	catch	208
admitted	to	208
sake	of	208
homes	and	208
chairman	of	208
into	one	208
is	taking	208
models	of	208
or	something	208
council	on	208
skills	in	208
this	may	208
european	union	208
larger	than	208
grateful	for	208
willingness	to	208
years	at	208
for	good	208
than	we	208
and	click	208
listed	on	208
of	human	208
on	twitter	208
and	universities	208
students	must	208
unless	the	208
posted	in	208
look	to	208
how	these	208
awarded	to	208
that	everyone	208
learned	from	208
use	them	208
their	efforts	207
other	areas	207
are	well	207
bound	to	207
commission	on	207
be	subject	207
public	school	207
about	an	207
are	really	207
research	project	207
explores	the	207
open	for	207
has	two	207
while	they	207
it	works	207
daughter	of	207
this	particular	207
as	good	207
chosen	to	207
word	of	207
the	secretary	207
questions	that	207
added	that	207
personal	and	207
under	this	207
other	states	207
the	japanese	207
the	boston	207
of	writing	207
she	had	207
tens	of	207
of	columbia	207
and	general	207
reports	of	207
an	integral	207
to	escape	207
value	to	207
be	helpful	207
the	ongoing	207
organizations	in	207
yet	another	207
professor	at	206
will	now	206
information	or	206
the	sake	206
sets	of	206
an	option	206
the	regular	206
addition	of	206
reach	out	206
science	foundation	206
and	gas	206
extension	of	206
the	animal	206
have	changed	206
you	did	206
try	and	206
the	work	206
covered	in	206
to	clean	206
to	compare	206
been	shown	206
the	hearing	206
they	all	206
applications	for	206
today	and	206
conditions	and	206
throughout	the	206
the	command	206
to	feed	206
out	this	206
data	that	206
twenty	years	206
we	look	206
passed	the	206
my	opinion	206
with	only	206
since	they	206
handful	of	206
be	notified	206
will	explore	206
examines	the	206
are	getting	206
core	of	205
this	topic	205
business	in	205
contents	of	205
international	law	205
aim	to	205
and	hope	205
of	china	205
the	presentation	205
prefer	to	205
on	issues	205
the	whole	205
will	offer	205
south	america	205
as	there	205
are	open	205
share	your	205
then	the	205
have	completed	205
an	entire	205
most	part	205
has	increased	205
believed	to	205
they	say	205
care	in	205
of	justice	205
standards	of	205
through	his	205
administration	of	205
it	looks	205
and	encourage	205
policies	that	205
exception	of	204
activity	of	204
third	party	204
records	of	204
the	planning	204
for	local	204
are	good	204
submitted	by	204
and	leadership	204
change	is	204
to	graduate	204
celebration	of	204
treatment	and	204
do	have	204
school	is	204
will	feature	204
health	services	204
time	he	204
glad	to	204
then	they	204
be	interested	204
all	around	204
who	wish	204
than	an	204
physical	activity	204
arrived	in	204
to	host	204
away	with	204
to	spread	203
the	availability	203
pertaining	to	203
found	it	203
the	arab	203
the	communities	203
and	build	203
areas	in	203
probably	the	203
spread	of	203
outcome	of	203
are	different	203
the	agreement	203
would	love	203
world	that	203
providing	the	203
be	good	203
eyes	of	203
clear	and	203
this	group	203
be	too	203
research	interests	203
the	root	203
areas	and	203
appeared	to	203
use	your	203
of	professional	203
as	such	203
expand	the	203
of	sexual	203
and	legal	203
most	cases	203
this	work	203
interesting	to	203
if	one	203
project	that	202
this	field	202
would	go	202
developed	in	202
be	open	202
and	development	202
contributes	to	202
the	newly	202
and	start	202
request	to	202
applying	for	202
not	believe	202
engineering	and	202
the	recipient	202
of	thought	202
with	special	202
the	weekend	202
out	as	202
see	them	202
what	was	202
level	and	202
is	certainly	202
out	our	202
who	did	202
per	month	202
was	written	202
better	understanding	202
he	may	202
replaced	by	202
were	so	202
subjected	to	202
be	viewed	202
strength	and	202
my	friends	202
fight	against	202
alternative	to	201
especially	if	201
not	provide	201
been	given	201
love	with	201
what	can	201
be	discussed	201
what	do	201
staff	member	201
were	at	201
words	and	201
areas	where	201
the	royal	201
is	recommended	201
eight	years	201
learning	about	201
out	from	201
anything	else	201
who	could	201
calling	for	201
developed	and	201
to	recover	201
attack	on	201
your	mind	201
and	adults	201
worthy	of	201
and	public	201
class	is	201
of	ideas	201
and	regional	201
fraction	of	201
pages	of	201
very	large	201
chairman	of	201
its	way	201
paid	to	201
in	france	201
even	as	201
assist	the	201
the	findings	201
they	make	201
featured	in	200
tool	to	200
learn	about	200
research	has	200
fight	for	200
also	served	200
justice	and	200
short	of	200
the	process	200
even	the	200
human	being	200
can	work	200
women	to	200
integration	of	200
be	built	200
supply	of	200
comes	with	200
sri	lanka	200
he	made	200
visit	the	200
received	from	200
cornell	university	200
begins	with	200
workers	in	200
the	choice	200
job	of	200
groups	to	200
this	approach	200
and	possibly	200
received	her	200
financial	aid	200
of	oil	200
reading	the	200
and	worked	200
points	to	200
helpful	to	200
had	come	199
and	businesses	199
below	are	199
representative	of	199
begun	to	199
of	religion	199
research	institute	199
rather	than	199
of	religious	199
for	decades	199
the	researchers	199
some	people	199
is	home	199
likely	that	199
he	then	199
to	release	199
local	governments	199
is	making	199
what	we	199
the	parents	199
have	helped	199
high	level	199
best	for	199
days	in	199
god	in	199
be	successful	199
foundation	and	199
not	allowed	199
say	about	199
interests	and	199
cells	in	199
facilities	and	199
not	go	199
they	cannot	199
the	digital	199
cut	off	199
academic	and	199
and	former	199
requirement	for	199
does	the	199
your	area	199
reports	on	199
at	different	198
are	much	198
seems	like	198
if	an	198
in	small	198
an	employee	198
art	of	198
get	more	198
to	cause	198
vulnerable	to	198
graduate	school	198
in	real	198
the	single	198
vast	majority	198
book	of	198
of	control	198
be	offered	198
is	never	198
whether	to	198
the	cultural	198
would	you	198
things	you	198
criteria	for	198
individual	and	198
the	site	198
benefits	and	198
of	books	198
are	having	198
the	educational	198
during	which	198
economy	and	198
be	much	198
it	back	198
in	most	198
is	included	198
time	they	198
the	ministry	197
country	in	197
us	about	197
and	academic	197
all	levels	197
the	device	197
not	possible	197
found	out	197
application	process	197
wait	to	197
the	army	197
companies	that	197
services	that	197
in	her	197
transfer	of	197
the	youth	197
we	may	197
while	you	197
and	evaluation	197
this	report	197
not	come	197
developments	in	197
to	display	197
are	due	197
taken	in	197
page	and	197
of	charge	197
are	held	196
he	should	196
turned	to	196
help	people	196
and	tools	196
their	personal	196
as	some	196
every	one	196
death	and	196
problem	in	196
the	story	196
of	scientific	196
be	released	196
in	learning	196
men	in	196
the	complex	196
room	and	196
explanation	of	196
showing	the	196
class	and	196
very	interesting	196
city	and	196
students	must	196
using	an	196
publication	of	196
that	means	196
beauty	of	196
of	training	196
exist	in	196
after	he	196
few	minutes	196
unless	you	196
this	class	196
would	help	196
the	values	196
north	dakota	196
set	in	196
framework	for	196
to	confirm	196
say	it	196
service	in	196
within	their	196
to	four	196
only	if	196
sensitive	to	196
will	enable	196
is	held	196
for	some	196
before	he	196
as	having	196
the	threat	196
his	name	196
path	of	196
this	event	195
of	materials	195
and	follow	195
to	integrate	195
office	and	195
the	provisions	195
demonstrate	the	195
past	two	195
power	in	195
to	predict	195
avoid	the	195
to	sleep	195
were	taken	195
the	bridge	195
our	understanding	195
of	directors	195
what	will	195
taught	in	195
may	use	195
if	you're	195
and	mental	195
of	certain	195
information	you	195
can	come	195
some	sort	195
the	circumstances	195
source	for	195
themselves	in	195
will	appear	195
application	and	195
courtesy	of	195
be	followed	195
will	start	195
measure	the	195
contrary	to	195
man	is	195
the	victims	195
as	with	195
the	behavior	195
the	incident	195
communicate	with	195
be	conducted	195
learning	to	195
and	finally	195
recommended	that	195
entered	into	195
education	programs	194
team	to	194
be	doing	194
will	result	194
been	so	194
after	they	194
the	technical	194
at	various	194
and	became	194
the	teacher	194
treated	with	194
participants	in	194
conclude	that	194
has	just	194
be	kept	194
wishes	to	194
occurs	in	194
criminal	justice	194
decline	in	194
considering	the	194
working	at	194
may	find	194
how	well	194
perhaps	the	194
is	placed	194
regions	of	194
the	original	194
the	beach	194
students	were	194
with	children	194
keep	your	194
report	that	194
representatives	of	194
but	has	194
and	complete	194
no	need	194
can	never	194
asking	for	194
by	both	193
for	information	193
at	first	193
data	collection	193
may	require	193
sample	of	193
it	came	193
responded	to	193
university	press	193
law	is	193
on	display	193
determined	that	193
political	science	193
accessible	to	193
is	filed	193
such	that	193
this	information	193
rhode	island	193
and	there	193
pain	and	193
the	critical	193
be	purchased	193
reality	of	193
but	then	193
the	positive	193
but	now	193
the	band	193
worked	at	193
consequence	of	193
been	involved	193
of	environmental	193
the	airport	193
he	did	193
the	workplace	193
and	equipment	193
appearance	of	193
the	procedure	193
could	help	193
and	death	193
the	introduction	193
and	power	193
appears	that	193
statement	of	193
to	exercise	193
leaders	of	192
must	complete	192
the	risks	192
the	union	192
thinking	of	192
please	see	192
site	to	192
it	takes	192
to	providing	192
the	mountains	192
be	performed	192
we	call	192
experience	that	192
children	from	192
the	baby	192
visited	the	192
cancel	reply	192
articles	on	192
were	being	192
with	little	192
the	camera	192
anyone	else	192
past	and	192
the	author	192
were	going	192
the	differences	192
in	short	192
you	believe	192
times	in	192
the	desired	192
my	mother	192
read	it	192
feeling	of	192
will	create	192
partner	with	192
the	attack	192
had	become	192
at	large	192
give	to	192
with	various	192
only	when	192
are	unable	192
assist	you	192
to	interact	192
the	college	192
their	research	192
of	blood	192
have	only	192
latin	american	192
by	calling	192
my	head	192
be	some	192
and	individuals	192
the	function	191
in	israel	191
the	caribbean	191
the	flow	191
las	vegas	191
state	that	191
changed	the	191
but	his	191
the	funds	191
of	fun	191
not	do	191
board	members	191
track	of	191
house	and	191
because	she	191
and	developing	191
fill	the	191
was	sent	191
and	present	191
service	is	191
are	concerned	191
to	enroll	191
in	texas	191
hear	about	191
will	still	191
seeing	the	191
that	need	191
the	irs	191
with	whom	191
man	in	191
sounds	like	191
the	expense	191
to	transfer	191
cultural	and	191
controlled	by	191
groups	in	191
we	found	190
your	heart	190
that	it's	190
the	father	190
the	bush	190
is	getting	190
has	said	190
in	recent	190
be	heard	190
idea	to	190
is	extremely	190
lot	to	190
no	such	190
know	you	190
to	assume	190
our	state	190
associated	press	190
with	over	190
recommend	that	190
on	average	190
one	hand	190
information	technology	190
objective	of	190
well	with	190
experiences	of	190
be	like	190
hope	for	190
the	freedom	190
their	new	190
available	through	190
is	supported	190
and	video	190
human	resources	190
the	pain	190
transition	to	190
report	of	190
there	be	190
out	about	190
team	and	190
and	submit	190
day	for	190
found	here	190
has	recently	190
homeland	security	190
for	developing	190
minutes	of	190
we	take	190
use	by	190
of	freedom	190
future	generations	190
for	human	190
was	like	190
an	impact	190
your	students	190
and	tell	190
the	post	189
search	of	189
articles	and	189
the	curriculum	189
at	every	189
be	posted	189
these	areas	189
are	among	189
to	pray	189
this	section	189
engineering	and	189
the	six	189
caring	for	189
photos	of	189
for	food	189
and	ultimately	189
the	faith	189
failure	of	189
the	method	189
water	in	189
will	support	189
each	one	189
the	standards	189
practices	in	189
credit	hours	189
policy	of	189
depending	on	189
the	son	189
and	return	189
also	include	189
these	new	189
told	us	189
this	year's	189
environment	for	189
considered	for	189
belonging	to	188
to	record	188
the	bus	188
this	week	188
person	in	188
claims	that	188
have	lost	188
man	of	188
that	much	188
jobs	in	188
days	to	188
will	look	188
law	school	188
map	of	188
efforts	in	188
occurred	in	188
challenge	to	188
pictures	of	188
days	before	188
investigate	the	188
consideration	of	188
middle	class	188
started	with	188
help	from	188
begins	to	188
his	home	188
immune	system	188
the	fifth	188
available	online	188
moving	to	188
police	department	188
the	evolution	188
feature	of	188
mental	illness	188
in	any	188
useful	in	188
this	fall	188
of	legal	187
of	treatment	187
right	in	187
and	especially	187
event	was	187
the	goals	187
to	hire	187
of	poverty	187
the	session	187
receipt	of	187
make	sense	187
easier	for	187
heard	the	187
the	contents	187
small	group	187
and	providing	187
provide	information	187
destruction	of	187
which	makes	187
and	ideas	187
expense	of	187
they	see	187
offers	the	187
employees	and	187
are	necessary	187
point	for	187
leaders	to	187
be	reviewed	187
experience	is	187
near	future	187
campus	and	187
me	on	187
form	to	187
and	religious	187
instrumental	in	187
leader	of	187
understand	and	186
campaign	to	186
guidelines	for	186
and	send	186
has	seen	186
are	there	186
only	as	186
suffer	from	186
cell	phone	186
introduction	of	186
acceptance	of	186
the	cost	186
intellectual	property	186
details	on	186
shows	how	186
cope	with	186
regulation	of	186
the	inner	186
that	come	186
not	exist	186
he	saw	186
if	not	186
press	release	186
operating	system	186
these	include	186
the	kingdom	186
define	the	186
have	them	186
husband	and	186
west	of	186
says	he	186
the	instructor	186
told	that	186
the	character	186
the	earliest	185
while	he	185
land	use	185
though	they	185
requests	for	185
for	four	185
would	need	185
had	made	185
the	literature	185
way	you	185
learned	about	185
the	answer	185
who	also	185
case	study	185
admission	to	185
by	making	185
our	efforts	185
burden	of	185
agreed	that	185
accuracy	of	185
you	give	185
and	left	185
can	choose	185
faster	than	185
country	is	185
could	get	185
it	became	185
everyone	else	185
was	told	185
the	civil	185
the	materials	185
the	doctor	185
ideas	for	185
influence	on	185
to	incorporate	185
patterns	of	185
case	is	185
financial	support	185
article	in	185
interviews	with	185
climate	change	185
for	health	185
the	peace	185
permitted	to	185
the	black	185
their	support	185
africa	and	185
your	health	185
of	international	185
the	cross	185
my	wife	185
to	influence	185
see	also	185
no	later	185
viewed	as	185
with	three	184
the	selection	184
in	downtown	184
get	some	184
without	having	184
an	academic	184
critical	thinking	184
light	and	184
takes	the	184
of	representatives	184
in	paris	184
been	found	184
to	throw	184
the	interview	184
israel	and	184
has	taught	184
present	and	184
the	gap	184
explained	that	184
the	return	184
appointed	to	184
in	social	184
in	christ	184
families	to	184
or	what	184
too	late	184
on	several	184
just	how	184
citizens	of	184
see	you	184
american	society	184
and	history	184
congress	to	184
truth	is	184
permission	of	184
concern	for	184
the	legislature	184
of	topics	184
in	creating	184
resulting	from	184
but	for	184
preparing	for	184
read	this	184
not	apply	184
residents	and	184
speak	with	183
that	means	183
the	department	183
dedication	to	183
is	pretty	183
received	an	183
resources	that	183
covered	with	183
plans	and	183
the	key	183
action	of	183
as	important	183
terms	and	183
all	day	183
we	went	183
whom	he	183
and	feel	183
of	july	183
visitors	to	183
the	moral	183
the	balance	183
panel	of	183
case	studies	183
months	after	183
each	time	183
only	on	183
at	age	183
our	mission	183
the	investigation	183
home	with	183
is	truly	183
invest	in	183
to	suggest	183
an	object	183
in	these	183
the	executive	183
be	less	183
he	came	183
attention	of	183
she	can	183
treated	as	183
keeping	the	183
also	found	183
project	in	183
solve	the	183
the	animals	183
the	canadian	183
of	john	183
of	mine	183
our	current	183
had	done	183
training	for	183
just	that	183
clean	up	183
and	offer	183
came	into	183
from	various	183
and	young	182
passage	of	182
hours	and	182
whether	you	182
more	often	182
into	my	182
funding	to	182
this	research	182
be	changed	182
sequence	of	182
report	is	182
about	the	182
the	florida	182
head	and	182
my	time	182
now	be	182
and	reduce	182
every	other	182
and	health	182
references	to	182
exchange	of	182
little	or	182
no	evidence	182
and	implement	182
created	to	182
get	started	182
action	is	182
we	go	182
society	and	182
good	thing	182
issue	in	182
barriers	to	182
event	that	182
that	made	182
won't	be	182
duty	to	182
achieve	the	182
in	either	182
foundation	for	182
by	my	182
for	life	182
the	output	182
who	came	182
the	law	181
accounts	for	181
the	system	181
option	for	181
event	in	181
division	of	181
also	need	181
of	natural	181
the	founder	181
customer	service	181
is	associated	181
live	and	181
an	exciting	181
so	it	181
or	some	181
educational	and	181
three	weeks	181
measures	to	181
grade	of	181
he	wrote	181
degree	program	181
bit	more	181
the	research	181
no	matter	181
in	international	181
our	goal	181
sense	that	181
that	support	181
he	received	181
listing	of	181
from	another	181
work	by	181
what	would	181
in	response	181
of	activities	181
worried	about	181
reflect	on	181
could	make	181
will	follow	181
have	many	181
being	made	181
best	in	181
the	israeli	181
to	either	181
to	joining	181
between	them	181
that	same	181
and	building	181
group	that	181
this	position	181
east	of	181
shared	with	181
is	supposed	181
and	move	181
of	evidence	181
the	hotel	181
the	so-called	181
of	wisconsin	181
in	determining	181
of	space	181
tell	them	180
facing	the	180
him	on	180
right	away	180
than	you	180
is	offered	180
surrounding	the	180
public	relations	180
revealed	that	180
other	way	180
team	is	180
was	already	180
communication	and	180
war	in	180
no	cost	180
marks	the	180
in	society	180
someone	to	180
to	store	180
the	landscape	180
selected	for	180
is	pleased	180
that	year	180
worth	of	180
week	in	180
failing	to	180
two	decades	180
school	district	180
advisory	committee	180
allow	us	180
down	from	180
the	struggle	180
anything	that	180
model	is	180
the	images	180
whom	the	180
local	community	180
middle	school	180
read	about	180
the	beautiful	180
succeed	in	180
professional	and	180
to	destroy	179
this	opportunity	179
experiences	and	179
have	long	179
the	virginia	179
of	building	179
relationship	to	179
to	aid	179
not	one	179
undergraduate	students	179
is	concerned	179
elementary	school	179
to	verify	179
institutions	and	179
made	with	179
the	famous	179
not	appear	179
was	recently	179
great	lakes	179
an	error	179
live	on	179
the	eastern	179
have	just	179
nice	to	179
of	defense	179
leadership	in	179
into	it	179
from	new	179
out	their	179
the	garden	179
symbol	of	179
he	wanted	179
manage	the	179
in	schools	179
barack	obama	179
and	youth	179
way	they	179
in	god	179
committee	of	178
of	specific	178
the	exhibition	178
essence	of	178
african	americans	178
from	time	178
centers	for	178
serves	on	178
the	remainder	178
government	agencies	178
on	public	178
but	you	178
any	case	178
of	choice	178
to	view	178
would	give	178
activity	and	178
read	more	178
identify	and	178
learn	how	178
defined	in	178
in	practice	178
or	use	178
them	up	178
poverty	and	178
company	that	178
and	increase	178
changes	that	178
individuals	to	178
in	itself	178
in	one	178
been	developed	178
our	society	178
link	between	178
eyes	and	178
strong	and	178
more	money	178
code	of	178
let	you	178
an	eye	178
this	email	177
and	show	177
is	written	177
remainder	of	177
discussion	on	177
i'm	going	177
style	of	177
two	hours	177
me	know	177
the	low	177
my	son	177
all	but	177
be	achieved	177
is	exactly	177
an	environment	177
of	digital	177
play	with	177
too	long	177
one	point	177
adopted	by	177
shortly	after	177
and	colleagues	177
the	article	177
and	sustainable	177
so	what	177
have	now	177
thoughts	and	177
allows	us	177
to	correct	177
scientists	and	177
young	men	177
of	times	177
connection	between	177
proved	to	177
and	potential	177
and	makes	177
reflected	in	177
move	the	177
that	kind	177
nothing	more	177
the	mass	177
and	sciences	177
the	completion	177
who	is	177
black	and	177
while	this	177
wrong	with	177
to	force	177
conference	in	177
and	materials	177
join	the	177
be	left	177
up	to	177
maximum	of	177
ask	you	177
the	intersection	177
mean	to	177
the	big	176
we	work	176
in	east	176
other	students	176
in	florida	176
spectrum	of	176
details	about	176
payment	of	176
focus	is	176
the	deceased	176
never	had	176
than	others	176
to	regulate	176
are	actually	176
follows	the	176
washington	post	176
of	special	176
relations	with	176
review	of	176
public	schools	176
that	allow	176
the	statement	176
friend	of	176
with	information	176
at	school	176
fish	and	176
for	college	176
and	conditions	176
in	light	176
woman	who	176
reflects	the	176
and	communication	176
suggesting	that	176
stand	up	176
last	time	176
is	clearly	176
analysis	of	176
and	yet	176
rural	areas	176
are	allowed	176
not	very	176
the	city	176
and	started	176
than	what	176
has	ever	176
to	maximize	176
and	understand	176
law	and	176
freedom	to	176
all	sorts	176
schools	to	176
people	like	175
an	act	175
miles	from	175
we	continue	175
thanks	for	175
the	origin	175
will	increase	175
who	died	175
board	member	175
it	because	175
the	ideas	175
special	needs	175
much	like	175
of	southern	175
he	would	175
currently	in	175
move	on	175
persons	with	175
to	invest	175
today	is	175
taken	into	175
at	harvard	175
would	come	175
are	then	175
are	limited	175
elementary	school	175
the	green	175
of	providing	175
are	typically	175
their	students	175
year	ago	175
money	in	175
the	coast	175
was	quite	175
demonstrate	that	175
greenhouse	gas	175
other	parts	175
the	award	175
for	different	175
take	this	175
and	getting	175
point	that	175
to	imagine	175
raise	awareness	175
while	we	175
less	likely	175
threat	of	175
the	resulting	175
set	aside	175
he	told	175
year	at	174
most	people	174
if	he	174
and	marketing	174
international	conference	174
and	i'm	174
our	time	174
resolution	of	174
plan	is	174
they	think	174
of	success	174
to	date	174
two	other	174
anything	to	174
and	live	174
published	on	174
and	music	174
progress	of	174
claimed	that	174
short	time	174
accused	of	174
are	essential	174
is	involved	174
functions	of	174
to	volunteer	174
origin	of	174
department	of	174
courses	and	174
have	enough	174
region	and	174
students	may	174
am	very	174
techniques	and	174
done	on	174
and	works	174
the	green	174
to	wear	174
my	father	174
also	help	174
attending	the	174
federal	reserve	174
your	support	174
while	there	174
graduated	with	174
unlikely	to	174
below	for	174
executive	committee	174
be	approved	174
during	his	174
of	thinking	174
organizations	to	174
discovery	of	174
addresses	the	174
young	adults	174
the	unit	174
area	in	174
education	for	174
special	education	174
planned	to	174
our	communities	174
from	many	174
and	career	174
my	husband	174
you	read	174
much	about	173
the	long-term	173
development	and	173
follow	up	173
left	in	173
to	washington	173
considered	the	173
is	complete	173
the	world	173
and	performance	173
we	live	173
national	association	173
not	too	173
already	in	173
these	two	173
together	for	173
the	funding	173
the	northern	173
tells	the	173
and	got	173
passionate	about	173
of	language	173
us	who	173
so	well	173
my	students	173
areas	that	173
for	business	173
these	three	173
makes	me	173
will	keep	173
the	king	173
exploring	the	173
new	ways	173
your	children	173
of	funding	173
be	directed	173
my	parents	173
to	pull	173
not	able	173
he	served	173
technical	assistance	172
great	opportunity	172
business	administration	172
and	ensure	172
the	purchase	172
the	credit	172
only	about	172
and	money	172
killed	in	172
wonder	if	172
and	run	172
extend	the	172
the	founding	172
to	various	172
in	contact	172
recommendations	for	172
the	philippines	172
perception	of	172
though	he	172
in	size	172
mode	of	172
the	school	172
of	potential	172
and	play	172
leadership	of	172
never	have	172
risk	factors	172
be	ready	172
she	did	172
team	members	172
action	and	172
and	cannot	172
article	on	172
put	to	172
of	millions	172
harvard	university	172
any	such	172
facilitate	the	172
commonly	used	172
there	have	172
assist	with	172
giving	the	172
is	proud	172
to	name	172
upon	which	172
growing	up	172
issued	by	172
and	select	172
companies	are	172
was	presented	172
what	can	172
the	meeting	172
take	into	172
to	market	172
long	way	172
to	step	172
appointed	by	172
coast	guard	172
be	created	172
american	people	172
the	burden	172
career	as	172
his	brother	171
first	thing	171
experience	as	171
that	helps	171
awareness	and	171
and	write	171
rooted	in	171
processes	and	171
teachers	to	171
happening	in	171
their	family	171
the	heat	171
performed	by	171
in	water	171
by	taking	171
ever	since	171
us	and	171
student	will	171
story	about	171
of	india	171
the	belief	171
faced	with	171
itself	is	171
hours	in	171
the	grant	171
through	your	171
were	held	171
the	purposes	171
that	women	171
be	reached	171
the	species	171
the	commission	171
directed	by	171
via	email	171
resources	are	171
was	released	171
simple	and	171
is	trying	171
in	spite	171
completing	the	171
men	of	171
return	of	171
the	divine	171
the	residents	171
in	asia	171
stories	and	171
selected	by	171
and	meet	171
but	their	171
for	various	171
only	thing	171
at	how	171
is	seen	170
the	relative	170
afraid	to	170
preparation	of	170
right	now	170
office	at	170
what	about	170
the	popular	170
to	worry	170
agencies	to	170
win	the	170
exploration	of	170
returns	to	170
method	to	170
family	member	170
balance	of	170
was	completed	170
perspective	on	170
is	little	170
liberal	arts	170
program	and	170
is	present	170
method	is	170
security	of	170
of	europe	170
and	creative	170
thinking	and	170
the	kitchen	170
asked	me	170
was	conducted	170
voice	of	170
engaging	in	170
complexity	of	170
daily	life	170
months	and	170
suffering	from	170
perhaps	the	170
an	array	170
new	ideas	170
value	is	170
to	rise	170
opening	of	170
investigation	of	170
the	sun	170
was	formed	170
this	very	170
for	admission	170
is	interested	170
reduction	of	170
from	some	170
procedures	for	170
have	ever	170
money	is	170
gives	us	170
of	academic	170
spend	the	169
to	issue	169
be	present	169
patients	in	169
world	bank	169
complete	and	169
in	congress	169
came	back	169
for	further	169
an	answer	169
would	get	169
the	demand	169
even	with	169
have	tried	169
it	took	169
india	and	169
also	serves	169
be	developed	169
possession	of	169
get	them	169
idea	is	169
and	low	169
an	even	169
get	you	169
we	cannot	169
new	technologies	169
be	brought	169
good	at	169
common	in	169
meets	the	169
it	so	169
are	under	169
may	well	169
at	both	169
regards	to	169
for	something	169
evidence	to	169
and	older	169
using	your	169
used	on	169
not	give	169
this	situation	169
the	historic	169
of	private	169
not	what	169
you	could	169
nervous	system	169
the	speed	169
chapter	of	169
an	artist	169
is	wrong	169
the	virus	169
of	clinical	169
technologies	and	169
in	west	169
in	russia	169
made	on	169
of	approximately	169
study	abroad	169
and	raised	169
be	willing	169
back	at	169
an	assistant	169
and	continues	168
the	workers	168
and	allow	168
the	fda	168
face	the	168
seems	that	168
and	girls	168
early	childhood	168
the	elements	168
your	organization	168
also	said	168
are	highly	168
the	argument	168
cells	and	168
as	my	168
job	is	168
of	student	168
lost	in	168
and	password	168
materials	for	168
we	just	168
rise	in	168
any	given	168
in	local	168
managed	by	168
the	sole	168
reasons	why	168
the	artist	168
the	registration	168
reports	and	168
you	start	168
is	full	168
option	is	168
to	acknowledge	168
the	pressure	168
to	bear	168
than	their	168
afraid	of	168
only	with	168
being	an	168
the	entrance	168
to	log	168
be	effective	168
class	of	168
by	john	168
the	beauty	168
thought	about	168
the	initiative	168
your	new	167
the	democratic	167
all	members	167
federal	and	167
interfere	with	167
to	match	167
day	of	167
an	interactive	167
be	carried	167
is	indeed	167
incorporated	into	167
making	sure	167
sight	of	167
will	pay	167
above	all	167
the	palestinian	167
himself	to	167
the	employee	167
reason	that	167
below	is	167
he	took	167
was	selected	167
positions	in	167
it	down	167
were	still	167
was	asked	167
of	changes	167
may	seem	167
hands	and	167
the	mission	167
show	how	167
the	approval	167
specific	to	167
week	to	167
the	types	167
your	account	167
new	testament	167
opportunities	in	167
will	develop	167
the	journal	167
this	method	167
our	local	166
to	justify	166
he	got	166
uses	of	166
these	programs	166
and	now	166
situation	is	166
page	is	166
was	introduced	166
associate	professor	166
restrictions	on	166
policy	is	166
association	with	166
programs	at	166
common	sense	166
cancer	and	166
layer	of	166
the	town	166
next	time	166
inability	to	166
answer	the	166
the	act	166
ones	that	166
concepts	of	166
all	people	166
of	federal	166
to	sustain	166
me	at	166
learned	to	166
written	and	166
get	their	166
the	lines	166
and	manage	166
management	and	166
while	it	166
prepared	by	166
house	and	166
war	and	166
be	closed	166
wave	of	166
and	wellness	166
principles	and	166
suggestions	for	166
to	fully	166
the	case	166
with	less	166
be	covered	166
performed	in	165
return	to	165
systems	that	165
and	clinical	165
after	being	165
church	and	165
of	creating	165
operations	and	165
space	in	165
in	five	165
highlight	the	165
sum	of	165
built	on	165
the	panel	165
to	five	165
the	grounds	165
about	being	165
go	for	165
been	identified	165
had	two	165
the	world	165
signed	by	165
depth	of	165
the	african	165
an	extra	165
for	creating	165
from	there	165
was	set	165
youth	and	165
long	ago	165
effective	in	165
about	whether	165
on	whether	165
know	who	165
improvements	in	165
an	ideal	165
artists	and	165
and	art	165
or	better	165
of	old	165
the	aim	165
an	emphasis	165
invite	you	165
and	everything	165
name	for	165
to	convert	165
members	have	165
felt	like	164
of	justice	164
aid	to	164
to	launch	164
the	cold	164
are	coming	164
must	take	164
also	called	164
and	parents	164
limits	of	164
which	provides	164
of	life	164
the	successful	164
of	environmental	164
and	talk	164
the	country's	164
please	visit	164
appear	on	164
financial	assistance	164
of	england	164
that	affect	164
the	implications	164
service	providers	164
will	no	164
improvement	in	164
only	have	164
rise	of	164
funding	from	164
professor	in	164
shape	of	164
classes	and	164
do	some	164
to	attack	164
to	exist	164
quickly	and	164
the	application	164
is	becoming	164
shut	down	164
to	distinguish	164
hours	to	164
clicking	on	164
their	health	164
or	both	164
and	military	164
should	do	164
integrity	of	164
to	require	164
the	labor	164
material	is	164
public	interest	164
governed	by	164
of	cultural	164
road	to	164
the	eastern	164
ask	questions	164
sustainable	development	164
deadline	for	164
position	is	164
to	welcome	164
before	the	164
the	negative	164
be	read	164
the	evaluation	164
term	of	164
life	as	164
didn't	have	164
of	paper	164
resource	center	164
year	after	164
the	comments	163
to	commit	163
the	sample	163
need	more	163
had	taken	163
and	construction	163
family	in	163
from	home	163
option	of	163
the	teachers	163
government	in	163
the	firm	163
presence	in	163
coming	up	163
philosophy	of	163
interests	in	163
the	researchers	163
influence	the	163
using	it	163
number	one	163
the	store	163
health	issues	163
letter	from	163
discussion	about	163
set	for	163
to	transform	163
including	those	163
assessment	and	163
moment	of	163
the	atlantic	163
the	connection	163
selected	to	163
night	and	163
gift	to	163
his	new	163
and	healthy	163
blog	post	163
dollars	in	163
small	business	163
paid	by	163
care	is	163
will	send	163
just	because	163
you	so	163
york	and	163
to	help	163
state	is	163
but	now	163
the	provision	163
the	city's	163
edited	by	163
efficiency	and	163
get	rid	163
what	kind	163
groups	are	163
innovation	and	163
that	works	163
the	accused	163
courses	are	163
of	civil	162
but	all	162
speed	of	162
demonstrated	that	162
full	text	162
company	to	162
construction	and	162
our	hearts	162
for	certain	162
of	child	162
feel	free	162
environmental	and	162
the	voice	162
up	an	162
of	existing	162
the	developing	162
of	june	162
it	again	162
the	lake	162
week	for	162
were	killed	162
this	time	162
are	proud	162
decades	of	162
medical	and	162
and	individual	162
want	you	162
conversation	with	162
purchase	of	162
they	came	162
cycle	of	162
i'm	sure	162
very	hard	162
child	to	162
excess	of	162
this	new	162
is	subject	162
until	he	162
your	site	162
to	individuals	162
civil	rights	162
your	help	162
the	proposed	162
relies	on	162
identified	by	162
congratulations	to	162
and	emotional	162
use	these	162
of	energy	162
planning	for	162
on	me	162
and	computer	162
maintained	by	162
your	browser	162
line	is	162
for	medical	162
the	forefront	162
coming	out	162
after	you	162
visits	to	162
the	older	162
to	find	162
go	with	162
in	philadelphia	162
will	host	161
forth	in	161
it	off	161
the	term	161
that	include	161
he	received	161
men	to	161
students	may	161
loved	one	161
the	input	161
may	result	161
but	most	161
weight	of	161
assistance	in	161
washington	state	161
months	to	161
back	up	161
in	providing	161
what	your	161
the	climate	161
the	documents	161
goods	and	161
in	future	161
has	since	161
and	helping	161
all	know	161
the	crisis	161
bring	to	161
and	experiences	161
starting	point	161
of	multiple	161
board	and	161
for	sharing	161
your	questions	161
them	by	161
are	discussed	161
the	agenda	161
their	life	161
of	jewish	161
to	challenge	161
him	from	161
come	with	161
community	that	161
to	arrive	161
within	the	161
and	serve	161
public	policy	161
we	saw	161
belief	in	161
trees	and	161
have	known	161
and	community	161
you	receive	161
this	link	161
require	that	161
while	also	161
her	career	161
pressure	on	161
working	group	161
something	about	161
by	way	161
in	colorado	160
peace	corps	160
an	adult	160
the	illinois	160
the	publication	160
respect	and	160
on	him	160
submitted	by	160
result	from	160
gap	between	160
will	happen	160
of	iowa	160
advisory	board	160
see	our	160
among	those	160
the	future	160
activities	to	160
national	institute	160
asked	if	160
their	experiences	160
the	kansas	160
and	techniques	160
think	it's	160
how	is	160
mother	of	160
work	out	160
promotion	of	160
enter	into	160
park	and	160
for	families	160
send	the	160
after	it	160
experts	in	160
and	everyone	160
we	now	160
among	them	160
preserve	the	160
to	someone	160
struggle	to	160
government	officials	160
take	action	160
his	book	160
leading	the	160
right	for	160
and	respect	160
each	student	160
or	higher	160
nuclear	power	160
the	roman	160
an	extremely	160
the	draft	160
to	admit	160
for	having	159
may	apply	159
point	where	159
off	in	159
information	will	159
interaction	with	159
the	holidays	159
the	human	159
object	of	159
substance	abuse	159
this	list	159
of	speech	159
went	out	159
practices	of	159
institutes	of	159
care	providers	159
the	parent	159
contact	your	159
reaction	to	159
the	master	159
as	any	159
add	the	159
time	was	159
from	god	159
the	moon	159
addressing	the	159
for	five	159
began	with	159
be	returned	159
in	higher	159
away	in	159
easy	for	159
my	friend	159
be	any	159
their	hands	159
and	running	159
it	cannot	159
vision	and	159
be	needed	159
program	in	159
plan	that	159
main	street	159
insurance	companies	159
went	through	159
the	epa	159
case	in	159
identified	in	159
that	uses	159
he	knew	159
analyze	the	159
it	provides	159
we	encourage	159
fact	is	158
minutes	to	158
now	has	158
father	of	158
local	government	158
user	to	158
the	navy	158
person	or	158
of	understanding	158
is	ready	158
this	means	158
bottom	line	158
or	when	158
but	can	158
the	inside	158
and	responsibilities	158
skills	that	158
one	day	158
on	this	158
on	earth	158
privacy	policy	158
no	less	158
not	included	158
of	animals	158
one	hundred	158
that	matter	158
of	military	158
in	spanish	158
you	come	158
to	combat	158
and	commercial	158
are	quite	158
one	could	158
the	red	158
activity	is	158
pray	for	158
limit	the	158
function	in	158
better	for	158
works	on	158
has	many	158
company	and	158
the	chemical	158
to	lower	158
opened	the	158
property	of	158
you	live	158
conclusion	of	158
we	use	158
billions	of	158
explains	the	158
the	court	158
the	trees	158
asked	him	158
with	friends	158
but	because	158
the	greek	158
can	apply	158
put	up	158
game	of	158
johns	hopkins	158
everything	that	158
spread	the	158
determining	the	157
so	important	157
mission	and	157
list	is	157
free	from	157
energy	to	157
that	led	157
for	social	157
most	recently	157
use	as	157
do	their	157
costs	for	157
status	and	157
the	accuracy	157
participants	will	157
told	her	157
washington	university	157
and	easy	157
not	clear	157
am	so	157
of	persons	157
long	island	157
council	for	157
will	tell	157
testing	and	157
the	girls	157
evidence	for	157
for	someone	157
and	challenges	157
income	and	157
economic	development	157
since	he	157
integral	part	157
was	doing	157
be	shown	157
sales	tax	157
it	through	157
meeting	will	157
allowing	the	157
annual	conference	157
looked	like	157
the	elderly	157
ideas	of	157
equivalent	of	157
was	probably	157
of	traditional	157
the	claim	157
and	information	157
has	only	157
itself	to	157
and	commitment	157
the	governor	157
to	fly	157
obligation	to	157
the	council	157
why	not	157
hand	and	157
connect	to	157
have	much	157
which	all	157
companies	in	157
not	think	157
almost	every	157
central	to	157
we	don't	157
everyone	in	157
be	granted	157
to	light	157
phone	number	157
the	birth	157
for	high	157
is	completed	157
traveled	to	157
the	essential	156
view	that	156
partnered	with	156
was	working	156
will	open	156
concepts	and	156
understand	why	156
affordable	care	156
by	state	156
one	week	156
thoughts	on	156
prevention	and	156
health	problems	156
mass	of	156
an	initial	156
to	tackle	156
every	single	156
director	for	156
the	failure	156
issues	are	156
danger	of	156
administered	by	156
being	done	156
the	simple	156
son	of	156
comparison	of	156
obtain	the	156
of	appeals	156
it	needs	156
and	leave	156
excellence	in	156
the	practical	156
some	way	156
chances	of	156
the	arctic	156
the	average	156
way	it	156
the	weight	156
the	seven	156
more	detailed	156
our	way	156
director	for	156
who	we	156
the	net	156
be	reduced	156
be	identified	156
activities	for	156
for	additional	156
have	recently	156
the	religious	156
is	created	156
be	implemented	156
the	earlier	156
of	employment	156
right	hand	156
to	deny	156
advance	of	156
produced	in	156
is	whether	156
those	things	156
for	providing	156
of	african	156
specializes	in	156
the	soviet	156
of	real	156
the	actions	156
are	extremely	156
and	volunteers	155
increases	the	155
levels	in	155
the	extra	155
again	to	155
not	receive	155
themselves	as	155
bring	about	155
in	clinical	155
grow	and	155
employed	in	155
inform	the	155
far	away	155
listened	to	155
this	matter	155
from	him	155
restricted	to	155
roles	in	155
and	increased	155
these	changes	155
each	week	155
some	more	155
an	outstanding	155
semester	hours	155
not	find	155
candidates	for	155
appears	in	155
trained	in	155
these	events	155
affects	the	155
much	time	155
present	at	155
other	members	155
the	legislation	155
district	court	155
of	foreign	155
we	could	155
careers	in	155
purpose	is	155
and	distribution	155
sitting	in	155
offered	in	155
and	protect	155
involves	the	155
that	came	155
medical	school	155
enable	the	155
the	female	155
to	agree	155
out	into	155
abuse	and	155
be	here	155
and	apply	155
like	me	155
harder	to	155
an	undergraduate	155
gave	us	155
open	up	155
longer	be	155
and	add	155
in	attendance	155
those	days	155
set	by	155
least	in	155
to	occur	155
center	on	155
house	of	154
although	it	154
congress	and	154
of	nuclear	154
we	really	154
their	jobs	154
had	gone	154
followed	the	154
in	southern	154
was	actually	154
air	and	154
everything	is	154
of	disease	154
he	wants	154
in	seattle	154
aid	in	154
pretty	good	154
families	of	154
is	completely	154
to	inspire	154
in	teaching	154
offers	an	154
to	satisfy	154
hand	in	154
not	much	154
by	people	154
software	and	154
names	and	154
art	and	154
and	growing	154
which	allows	154
for	international	154
really	is	154
the	exam	154
changes	and	154
so	if	154
and	helped	154
levels	and	154
asked	about	154
our	nation	154
to	navigate	154
regular	basis	154
state	or	154
explain	why	154
this	video	154
in	action	154
struggling	to	154
women	in	154
the	scale	154
the	student's	154
decrease	in	154
of	concern	154
now	we	154
schools	are	154
for	yourself	154
as	usual	154
also	used	154
the	profession	154
complex	and	154
that	require	154
between	these	154
some	new	154
children	were	154
the	social	154
justice	system	154
well	be	154
mixture	of	154
per	person	154
problem	solving	154
be	saved	154
house	in	154
will	try	154
but	then	153
importance	to	153
to	helping	153
under	which	153
used	with	153
daily	basis	153
head	of	153
today	to	153
change	your	153
been	more	153
the	creative	153
makes	sense	153
financial	and	153
the	discovery	153
as	far	153
program	at	153
elected	officials	153
hard	for	153
the	bar	153
are	set	153
the	academy	153
be	easily	153
are	pleased	153
take	your	153
activities	are	153
way	through	153
application	is	153
comfortable	with	153
make	our	153
affiliated	with	153
arrive	at	153
have	left	153
creating	the	153
views	on	153
press	conference	153
public	safety	153
highlights	the	153
the	commission	153
the	public	153
their	knowledge	153
he	added	153
the	parts	153
the	manner	153
knows	that	153
parents	to	153
the	assessment	153
happens	when	153
last	week	153
we	offer	153
when	an	153
day	at	153
sense	to	153
forum	for	153
he	must	152
his	parents	152
conditions	in	152
and	men	152
book	on	152
promise	of	152
ohio	state	152
national	institutes	152
social	sciences	152
lung	cancer	152
natural	and	152
interest	rates	152
task	force	152
research	that	152
movement	and	152
interests	include	152
government	of	152
your	career	152
will	hold	152
on	us	152
body	is	152
by	local	152
prove	that	152
investments	in	152
of	material	152
obtained	by	152
be	charged	152
china	has	152
an	e-mail	152
in	doing	152
until	we	152
since	we	152
turned	into	152
and	outside	152
will	run	152
officers	and	152
the	three	152
in	australia	152
search	for	152
form	is	152
contact	the	152
is	growing	152
knowledge	to	152
of	nursing	152
available	as	152
animals	and	152
trends	in	152
school	for	152
city	in	152
on	such	152
can	bring	152
value	in	152
and	turn	152
of	property	152
medicine	and	151
time	period	151
if	necessary	151
message	of	151
position	as	151
announced	the	151
applied	for	151
and	innovative	151
while	we	151
year	as	151
common	core	151
iowa	state	151
well-being	of	151
and	practical	151
at	these	151
the	spanish	151
value	for	151
were	asked	151
can	even	151
the	collection	151
is	crucial	151
once	in	151
transfer	to	151
but	some	151
studying	the	151
worth	the	151
provided	with	151
field	is	151
it	must	151
the	expression	151
it	could	151
in	illinois	151
hours	per	151
they	do	151
new	book	151
was	based	151
of	arizona	151
produce	the	151
system	was	151
the	regional	151
literature	and	151
efficiency	of	151
data	sets	151
long	before	151
for	review	151
fine	arts	151
teacher	and	151
of	hope	151
policy	and	151
mailing	list	151
both	the	151
pregnant	women	151
land	in	151
food	for	151
work	hard	151
would	provide	151
the	memory	151
should	include	151
science	of	151
actions	of	151
classified	as	151
in	building	151
him	or	151
on	every	151
to	do	151
the	significance	151
soon	after	151
within	our	151
the	roof	151
measures	of	151
may	make	151
games	and	151
for	taking	150
back	to	150
in	education	150
day	after	150
and	save	150
people	at	150
and	spiritual	150
married	to	150
an	innovative	150
to	estimate	150
anywhere	in	150
the	smallest	150
action	on	150
show	you	150
the	answers	150
taught	by	150
concerned	that	150
these	students	150
reading	of	150
techniques	to	150
they	just	150
is	allowed	150
the	percentage	150
pounds	of	150
to	rely	150
when	she	150
space	is	150
these	results	150
healthy	and	150
as	soon	150
this	great	150
strategies	and	150
also	made	150
for	specific	150
collection	and	150
the	boat	150
coupled	with	150
issues	related	150
but	may	150
this	regard	150
the	measure	150
in	court	150
staff	at	150
one	would	150
not	meet	150
carrying	out	150
about	all	150
their	community	150
the	shape	150
ensures	that	150
challenge	of	150
appropriate	to	150
people	would	150
work	or	150
and	saw	150
is	meant	150
on	various	150
and	forth	150
in	vitro	150
and	civil	150
in	preparation	150
it	right	150
action	in	150
been	doing	150
it	only	150
the	clinic	150
was	brought	150
be	awarded	150
the	concepts	150
they	become	150
the	total	150
raised	by	150
and	media	150
commit	to	150
the	color	150
the	los	149
be	counted	149
could	use	149
the	essence	149
quantity	of	149
effective	and	149
service	for	149
enjoyed	the	149
we	still	149
technology	is	149
the	holiday	149
committee	for	149
men	are	149
was	once	149
states	to	149
they	said	149
just	before	149
developing	the	149
here	on	149
early	as	149
force	of	149
death	penalty	149
of	plants	149
of	computer	149
coast	of	149
person	with	149
with	very	149
sites	and	149
translation	of	149
that	takes	149
the	paper	149
not	known	149
advances	in	149
since	then	149
whether	you	149
the	rest	149
attacks	on	149
which	should	149
water	supply	149
composition	of	149
must	include	149
intersection	of	149
association	and	149
and	environmental	149
for	men	149
disease	control	149
share	in	149
down	by	149
and	further	149
and	north	149
the	installation	149
finding	the	149
life	on	149
who	made	149
think	there	149
talked	to	149
products	are	149
that	requires	149
federal	agencies	149
to	enforce	149
the	mouth	149
has	found	149
don't	need	149
was	killed	149
itself	in	149
the	ohio	149
drawn	from	149
the	machine	149
what	this	149
true	for	148
available	here	148
and	active	148
and	offers	148
you	how	148
watching	the	148
my	eyes	148
in	less	148
how	will	148
care	act	148
two	countries	148
of	media	148
your	information	148
accounted	for	148
use	our	148
united	way	148
monitor	the	148
you	plan	148
the	spread	148
in	virginia	148
that	would	148
really	want	148
we	provide	148
not	support	148
also	worked	148
those	people	148
law	in	148
exchange	for	148
nor	the	148
diagnosis	of	148
father	and	148
an	attorney	148
nearly	all	148
articles	in	148
keep	you	148
basics	of	148
descriptions	of	148
as	described	148
the	black	148
property	and	148
your	search	148
bring	in	148
days	later	148
keep	them	148
operations	in	148
applications	of	148
that	someone	148
for	me	148
recorded	in	148
protection	agency	148
thus	far	148
showing	that	148
bulk	of	148
to	direct	148
the	republic	148
other	types	148
help	make	148
specified	in	148
the	latest	148
and	associated	148
east	and	148
is	unique	148
specifically	for	148
and	serves	148
be	understood	148
perspective	of	147
the	adoption	147
research	at	147
countries	to	147
yourself	and	147
era	of	147
alumni	association	147
for	public	147
look	at	147
parents	of	147
enter	your	147
in	search	147
be	just	147
how	far	147
market	and	147
is	seeking	147
might	want	147
it	gets	147
she	will	147
rates	and	147
community	foundation	147
fighting	for	147
estimated	that	147
they	come	147
look	into	147
or	after	147
so	if	147
my	name	147
everything	in	147
success	and	147
the	colorado	147
university	school	147
scale	of	147
the	storm	147
be	filled	147
marketing	and	147
committee	and	147
student	must	147
his	research	147
the	instructions	147
vision	for	147
me	about	147
fall	into	147
to	drop	147
their	rights	147
are	asked	147
political	science	147
the	ballot	147
are	far	147
this	could	147
an	enormous	147
this	web	147
and	wildlife	147
promise	to	147
please	see	147
stanford	university	147
and	pay	147
sent	out	147
women	with	147
why	you	147
what	does	147
location	and	147
must-revalidate	date	147
belonged	to	147
should	make	147
night	of	147
health	sciences	147
than	three	147
of	projects	147
at	present	147
of	reading	147
recognized	by	147
the	focus	147
year	with	147
attention	and	147
can	result	147
vote	on	147
reality	is	147
will	eventually	146
close	the	146
to	supply	146
the	vision	146
in	latin	146
of	mexico	146
for	each	146
that	cannot	146
san	jose	146
of	everything	146
the	launch	146
and	space	146
please	email	146
council	and	146
generations	of	146
for	better	146
video	of	146
the	ice	146
in	town	146
native	of	146
the	office	146
that	something	146
that	goes	146
the	way	146
broad	range	146
me	if	146
consent	of	146
to	get	146
model	and	146
date	and	146
to	schedule	146
question	that	146
of	october	146
very	low	146
adults	and	146
perform	the	146
of	georgia	146
information	can	146
and	efficient	146
of	chinese	146
just	have	146
this	document	146
and	higher	146
will	change	146
designed	by	146
social	work	146
and	historical	146
frequency	of	146
information	on	146
launch	of	146
converted	to	146
news	and	146
address	to	146
am	sure	146
emergence	of	146
the	framework	146
of	contemporary	146
be	announced	146
should	know	146
please	join	146
height	of	146
for	teachers	146
presented	with	146
the	damage	146
the	occasion	146
know	this	146
our	team	146
you	learn	146
became	an	146
the	mountain	146
money	from	146
active	and	146
the	transfer	146
he	thought	146
will	consider	146
my	job	145
susceptible	to	145
hundred	years	145
the	corporate	145
wishing	to	145
and	climate	145
the	limits	145
currently	working	145
material	and	145
stem	cell	145
company	is	145
as	shown	145
issues	with	145
the	ceremony	145
choice	for	145
of	security	145
ownership	of	145
trained	to	145
and	grow	145
announce	the	145
he	found	145
adapted	to	145
all	these	145
morning	and	145
the	word	145
important	than	145
home	page	145
and	that's	145
beneath	the	145
training	program	145
capture	the	145
implemented	in	145
clean	energy	145
for	nearly	145
all	types	145
not	understand	145
must	make	145
and	taking	145
police	officers	145
paper	and	145
to	grant	145
approve	the	145
in	getting	145
be	limited	145
the	judge	145
be	recognized	145
vital	to	145
the	high	145
holds	the	145
an	educational	145
the	internal	145
thrilled	to	145
to	see	145
and	scientific	145
this	region	145
and	brought	145
spring	of	145
to	coordinate	145
his	eyes	145
to	convince	145
the	republican	145
catholic	church	144
but	even	144
area	for	144
site	in	144
he	might	144
center	for	144
conference	in	144
strives	to	144
hope	and	144
the	promise	144
benefits	for	144
forget	to	144
non-profit	organization	144
what	happens	144
not	affect	144
paper	is	144
designed	and	144
students	should	144
no	means	144
money	on	144
representatives	from	144
describing	the	144
recognized	for	144
file	is	144
our	economy	144
to	retain	144
across	all	144
was	diagnosed	144
be	received	144
something	new	144
the	equipment	144
the	latter	144
for	all	144
from	this	144
also	offers	144
environment	that	144
get	this	144
the	amount	144
group	has	144
in	political	144
serving	the	144
developed	for	144
choose	from	144
mind	is	144
sit	down	144
our	best	144
an	award	144
over	again	144
father	was	144
and	growth	144
the	fear	144
which	included	144
the	plan	144
an	order	144
the	chapter	144
of	massachusetts	144
by	no	143
per	hour	143
worked	to	143
could	take	143
is	common	143
advance	the	143
the	trust	143
projects	are	143
and	software	143
one	hour	143
same	day	143
tendency	to	143
fish	and	143
so	hard	143
to	content	143
the	chair	143
are	shown	143
four	times	143
farmers	and	143
appreciation	of	143
told	them	143
adhere	to	143
we	provide	143
materials	are	143
who	make	143
to	mind	143
of	management	143
collected	from	143
during	an	143
or	do	143
families	who	143
reported	on	143
the	passage	143
market	for	143
too	often	143
day	or	143
lies	in	143
the	likelihood	143
to	actually	143
it	appears	143
possibility	that	143
this	system	143
speak	of	143
framework	of	143
at	last	143
scientific	and	143
should	contact	143
going	back	143
of	consciousness	143
getting	to	143
and	supporting	143
which	also	143
to	specific	143
be	displayed	143
national	guard	143
and	action	143
fossil	fuels	143
thing	about	143
can	expect	143
large	scale	143
and	lower	143
long	run	143
be	selected	143
the	direct	143
of	world	143
our	world	143
winner	of	143
to	proceed	143
very	long	143
be	replaced	143
logged	in	143
these	problems	143
findings	of	143
probably	be	143
should	we	142
background	in	142
weight	loss	142
appreciation	for	142
organization	is	142
they	should	142
rate	is	142
different	than	142
noticed	that	142
is	described	142
will	cover	142
once	you	142
team	in	142
of	january	142
to	illustrate	142
by	creating	142
truth	of	142
health	information	142
to	comment	142
school	or	142
grants	to	142
in	space	142
this	could	142
the	wake	142
the	opinion	142
the	congress	142
district	court	142
see	below	142
the	topics	142
the	complexity	142
year	we	142
her	father	142
video	and	142
to	clear	142
from	us	142
the	massachusetts	142
challenges	in	142
test	of	142
for	god	142
have	different	142
done	for	142
strategy	for	142
individuals	in	142
and	english	142
us	are	142
health	services	142
candidate	for	142
to	claim	142
our	most	142
people	who	142
alone	in	142
experiences	in	142
their	best	142
be	shared	142
each	individual	142
take	an	142
bringing	the	142
covering	the	142
waiting	to	142
honored	to	142
was	over	142
spent	on	142
design	and	142
of	colorado	142
on	human	142
families	with	142
several	months	142
techniques	for	142
puerto	rico	142
questions	regarding	142
this	state	142
protecting	the	142
martin	luther	142
is	estimated	142
to	effectively	142
they	live	142
yet	been	142
like	the	142
the	president	142
an	incredible	142
one	is	141
answer	questions	141
the	corresponding	141
the	resolution	141
others	have	141
and	education	141
will	share	141
after	that	141
affecting	the	141
by	god	141
the	records	141
his	research	141
team	will	141
the	sum	141
officials	and	141
at	me	141
hope	of	141
separated	from	141
every	month	141
making	this	141
for	success	141
communities	to	141
compatible	with	141
in	progress	141
you	put	141
has	over	141
ideas	to	141
find	an	141
be	affected	141
attended	by	141
california	and	141
also	use	141
family	is	141
the	train	141
been	published	141
as	it	141
threats	to	141
uc	davis	141
major	in	141
website	to	141
be	free	141
probability	of	141
it	easy	141
increased	by	141
so	you	141
the	expansion	141
continuing	education	141
national	security	141
annual	meeting	141
are	better	141
build	on	141
medical	school	141
passed	by	141
of	income	141
for	small	141
took	over	141
make	decisions	141
the	fall	141
canada	and	141
the	plants	141
doctrine	of	141
in	connection	141
detailed	information	141
tribute	to	141
would	become	141
fee	for	141
will	assist	141
there	has	141
monday	through	141
the	point	141
and	production	141
persons	who	141
first	week	141
environment	in	140
most	significant	140
by	phone	140
planned	for	140
police	and	140
convinced	that	140
two	things	140
knowledge	about	140
in	exchange	140
the	desire	140
specializing	in	140
public	opinion	140
and	expand	140
himself	in	140
memories	of	140
the	medical	140
the	causes	140
adapt	to	140
materials	in	140
the	us	140
of	taking	140
twice	as	140
how	our	140
the	crime	140
given	that	140
off	with	140
to	hide	140
living	and	140
who	might	140
the	lessons	140
or	contact	140
i'd	like	140
send	an	140
go	away	140
saw	that	140
times	when	140
and	canada	140
contract	with	140
which	one	140
shortage	of	140
link	below	140
dynamics	of	140
be	known	140
the	ideal	140
contain	the	140
human	health	140
everyone	to	140
to	settle	140
step	is	140
embedded	in	140
brought	the	140
be	great	140
guided	by	140
of	christian	140
from	within	140
submit	the	140
notion	that	140
of	giving	140
need	it	140
and	values	140
industry	in	140
or	click	140
researchers	and	140
an	increased	139
of	common	139
the	plane	139
session	will	139
and	answer	139
motion	to	139
mentioned	above	139
practices	that	139
everything	else	139
be	established	139
for	kids	139
something	you	139
and	college	139
to	function	139
workshop	will	139
for	disease	139
patients	to	139
was	known	139
clean	and	139
to	six	139
more	effectively	139
reduced	to	139
supported	the	139
continuation	of	139
the	clinical	139
platform	for	139
freedom	and	139
water	for	139
and	gives	139
time	or	139
establish	the	139
structures	and	139
the	board	139
worse	than	139
the	criteria	139
was	considered	139
independent	of	139
for	assistance	139
old	testament	139
american	association	139
by	far	139
rights	in	139
door	to	139
participants	will	139
the	temperature	139
that	children	139
not	seem	139
demands	of	139
the	club	139
and	improving	139
to	link	139
called	on	139
happened	in	139
and	sent	139
summer	and	139
few	people	139
undergraduate	and	139
their	current	139
though	the	139
your	school	139
the	finest	139
serve	in	139
we	expect	139
the	citizens	139
hands	on	139
behavior	and	139
adjacent	to	139
abuse	of	139
is	simple	139
by	others	139
it	clear	139
have	something	139
points	in	139
applications	and	139
air	quality	139
gulf	of	139
president	bush	139
made	an	139
have	provided	139
most	powerful	139
your	best	139
be	fully	138
for	adults	138
more	common	138
for	sure	138
the	files	138
times	as	138
chief	of	138
to	account	138
the	characteristics	138
and	died	138
monitoring	and	138
insights	into	138
the	interaction	138
first	of	138
around	us	138
from	local	138
be	quite	138
gene	expression	138
address	this	138
in	its	138
control	and	138
through	it	138
child	in	138
that	once	138
next	two	138
security	and	138
washington	and	138
search	engine	138
into	law	138
make	use	138
obama	administration	138
give	him	138
to	israel	138
of	cases	138
and	planning	138
holiday	season	138
cities	and	138
validity	of	138
woman	in	138
is	sometimes	138
materials	to	138
solutions	for	138
are	simply	138
administration	and	138
student	body	138
of	central	138
procedures	and	138
poor	and	138
spoke	to	138
team	that	138
if	any	138
educational	programs	138
the	islamic	138
of	mental	138
in	ohio	138
and	mary	138
his	face	138
with	water	138
download	the	138
violence	in	138
to	adapt	138
score	of	138
systems	in	138
they	work	138
to	marry	138
it	includes	138
states	have	138
are	taken	138
workshops	and	138
left	for	138
efforts	and	138
seem	like	138
not	necessary	138
the	divine	138
is	using	138
your	password	138
this	season	138
and	elsewhere	138
not	quite	138
stand	in	138
an	art	138
law	that	138
approved	for	138
voted	to	138
against	it	138
helping	the	138
do	if	138
after	this	137
incidence	of	137
very	similar	137
handle	the	137
his	mind	137
the	loan	137
in	kansas	137
who	believe	137
likely	be	137
participation	of	137
kids	and	137
this	purpose	137
widely	used	137
from	two	137
raise	money	137
the	probability	137
didn't	know	137
knowing	that	137
of	production	137
much	larger	137
can	access	137
extended	to	137
not	used	137
get	the	137
while	at	137
the	laboratory	137
you	love	137
photo	by	137
being	held	137
uc	berkeley	137
new	year	137
value	and	137
manager	of	137
important	as	137
but	more	137
rates	for	137
news	is	137
relationships	between	137
happen	in	137
to	assure	137
for	whom	137
and	peace	137
the	experiment	137
desire	for	137
went	back	137
for	new	137
rate	for	137
the	boys	137
have	chosen	137
is	willing	137
several	different	137
the	appointment	137
they	found	137
as	required	137
inclusion	of	137
to	highlight	137
this	policy	137
trade	and	137
by	giving	137
no	time	137
website	is	137
and	join	137
lost	their	137
accepted	the	137
in	return	137
dean	of	137
wake	of	137
conference	will	137
conditions	for	137
take	their	137
or	how	137
develop	an	137
always	have	137
containing	the	137
the	views	137
how	your	137
an	equal	137
who	worked	137
of	truth	137
water	from	137
way	out	137
just	want	137
beginning	with	137
the	constitution	137
problem	for	137
drive	to	137
is	appropriate	137
of	august	136
substitute	for	136
as	early	136
by	what	136
this	weekend	136
was	much	136
is	useful	136
supporter	of	136
dominated	by	136
at	high	136
and	international	136
than	other	136
dream	of	136
in	excess	136
the	food	136
an	animal	136
events	are	136
text	and	136
million	dollars	136
it	now	136
sound	of	136
consultation	with	136
something	in	136
technology	and	136
college	or	136
power	is	136
states	in	136
the	moon	136
now	on	136
and	check	136
this	class	136
killed	by	136
learn	that	136
george	washington	136
kept	in	136
care	provider	136
by	adding	136
done	so	136
in	private	136
volunteers	to	136
with	just	136
joined	by	136
interest	is	136
protection	and	136
before	being	136
unique	to	136
and	animals	136
her	time	136
there	may	136
rich	and	136
people	living	136
where	people	136
to	clarify	136
and	fun	136
change	their	136
realm	of	136
get	there	136
in	cases	136
course	for	136
the	entire	136
business	owners	136
doing	something	136
even	be	136
take	over	136
directly	with	136
the	ages	136
would	seem	136
then	he	136
the	exercise	136
invested	in	136
and	begin	136
years	since	136
books	on	136
the	deadline	136
things	we	136
help	your	136
not	simply	136
he	began	136
receiving	the	136
total	number	136
of	articles	136
may	provide	136
results	for	136
brothers	and	136
may	cause	136
michigan	state	135
other	ways	135
to	reveal	135
has	brought	135
staff	in	135
and	participate	135
course	work	135
the	journey	135
through	friday	135
by	being	135
more	expensive	135
can	play	135
to	remind	135
but	my	135
the	commercial	135
unique	and	135
links	below	135
and	lead	135
can't	be	135
politics	and	135
life	was	135
assistance	with	135
their	needs	135
then	he	135
large	numbers	135
topics	in	135
by	default	135
rules	for	135
soon	be	135
to	balance	135
trips	to	135
we	learn	135
was	great	135
the	menu	135
far	too	135
be	noted	135
this	goal	135
were	only	135
an	action	135
grow	in	135
began	his	135
and	thought	135
maintaining	the	135
to	suffer	135
the	bad	135
acts	as	135
determination	of	135
develop	their	135
cases	where	135
also	included	135
the	photo	135
in	hand	135
make	any	135
the	fbi	135
not	because	135
the	family	135
your	way	135
school	for	135
is	vital	135
grow	up	135
enter	your	135
to	refer	135
funds	are	135
that	jesus	135
himself	and	135
reported	by	135
covers	the	135
notice	that	135
al	qaeda	135
write	about	135
these	cases	135
the	criminal	135
your	current	135
sales	and	135
the	appearance	135
in	syria	135
my	experience	135
degree	programs	135
of	software	135
formed	in	135
other	forms	135
an	economic	135
failure	to	135
play	an	135
will	say	135
eliminate	the	134
numbers	and	134
and	cost	134
to	ride	134
of	medicine	134
new	study	134
the	items	134
day	with	134
will	occur	134
of	god's	134
goal	was	134
as	long	134
are	similar	134
admit	that	134
of	educational	134
and	wildlife	134
and	six	134
even	after	134
to	this	134
about	two	134
developed	to	134
and	concerns	134
happy	with	134
financial	institutions	134
can	always	134
fill	in	134
named	the	134
christ	and	134
be	assigned	134
advantages	of	134
to	cope	134
interesting	and	134
years	from	134
founded	in	134
improve	your	134
lost	to	134
have	time	134
least	three	134
million	for	134
small	number	134
civil	war	134
creative	commons	134
program	provides	134
their	peers	134
performance	in	134
ago	and	134
powered	by	134
is	believed	134
be	maintained	134
her	home	134
the	maintenance	134
run	on	134
assessment	and	134
proposal	to	134
of	domestic	134
for	learning	134
the	assistance	134
whole	of	134
three	different	134
anything	about	134
our	site	134
the	book	134
the	station	134
of	fish	134
federation	of	134
has	yet	134
are	present	134
if	all	134
forest	service	134
and	strategies	134
are	seeking	134
in	vietnam	134
new	technology	134
local	communities	134
cent	of	134
to	document	134
but	does	134
this	process	134
to	negotiate	134
brought	in	134
in	comparison	134
the	membership	134
preservation	of	134
the	boundaries	134
office	is	134
the	destruction	134
state	college	134
military	and	134
certain	that	134
here	we	134
boundaries	of	134
their	business	134
real	time	133
this	method	133
supervision	of	133
it	provides	133
its	kind	133
following	information	133
math	and	133
forward	in	133
birth	to	133
family	planning	133
our	office	133
building	on	133
layers	of	133
friend	and	133
date	for	133
health	assessment	133
outlined	in	133
often	used	133
enabled	to	133
the	fish	133
an	analysis	133
too	far	133
taken	place	133
studies	are	133
encourage	the	133
click	here	133
saudi	arabia	133
the	item	133
foster	care	133
technology	in	133
and	society	133
the	deep	133
must	submit	133
told	to	133
there	must	133
is	focused	133
pay	attention	133
the	parking	133
to	specify	133
members	from	133
it	might	133
this	makes	133
categories	of	133
the	diagnosis	133
turn	out	133
of	carbon	133
have	little	133
you	understand	133
close	public	133
subset	of	133
of	heart	133
patient	and	133
either	in	133
model	that	133
new	home	133
his	work	133
that	doesn't	133
year	or	133
beginning	in	133
of	products	133
mechanism	for	133
made	this	133
state	law	133
young	women	133
places	where	133
risks	of	133
the	convention	133
countries	that	133
brings	together	133
and	continued	133
office	to	133
in	total	133
of	eight	133
meeting	was	133
still	not	133
please	click	133
cost	for	133
have	so	133
by	students	133
why	should	133
of	funds	133
an	update	133
private	and	133
may	or	133
ever	been	133
cases	in	133
doesn't	have	133
other	information	133
the	fun	133
means	for	133
students	in	133
into	effect	133
language	is	133
reliance	on	133
meant	that	133
social	change	133
they	feel	133
career	and	133
having	an	133
can	occur	133
match	the	133
put	them	133
compete	in	132
to	seeing	132
take	you	132
of	labor	132
its	use	132
met	in	132
teaching	of	132
be	taught	132
we	found	132
the	blog	132
intends	to	132
diagnosis	and	132
until	his	132
initiative	to	132
and	critical	132
for	almost	132
extent	to	132
arrival	of	132
taught	me	132
for	improving	132
medicine	and	132
on	hand	132
have	written	132
working	with	132
some	things	132
for	personal	132
unit	of	132
great	britain	132
break	the	132
branch	of	132
keep	their	132
test	for	132
his	team	132
to	drink	132
was	chosen	132
land	of	132
to	impose	132
models	for	132
the	requirement	132
wake	up	132
introduce	the	132
fewer	than	132
once	more	132
second	time	132
the	chief	132
allow	them	132
of	sciences	132
centre	for	132
very	helpful	132
described	by	132
participants	to	132
and	enhance	132
been	no	132
for	six	132
the	guidelines	132
images	and	132
the	stars	132
the	name	132
we	welcome	132
that's	why	132
the	third	132
worked	out	132
heart	attack	132
bring	your	132
the	newest	132
heard	about	132
is	absolutely	132
american	indian	132
sitting	on	132
and	science	132
air	pollution	132
the	ability	132
to	contain	132
of	courses	132
and	maybe	132
lists	of	132
submit	your	132
us	by	132
held	that	132
see	your	132
written	by	132
parties	to	132
over	their	132
estimate	of	132
human	life	132
once	again	132
be	hard	132
about	one	132
award	for	132
is	related	131
food	is	131
classes	are	131
of	women	131
easily	be	131
be	careful	131
never	seen	131
years	or	131
ask	that	131
technical	and	131
begins	at	131
and	sharing	131
authority	of	131
starting	with	131
the	ruling	131
did	they	131
right	here	131
groups	that	131
there	should	131
is	consistent	131
national	academy	131
up	into	131
unto	the	131
are	living	131
in	contrast	131
and	methods	131
act	on	131
promises	to	131
to	modify	131
arts	in	131
business	and	131
tips	for	131
collected	by	131
hundred	and	131
becoming	more	131
and	living	131
world	as	131
and	helps	131
street	journal	131
the	act	131
your	job	131
the	doors	131
over	two	131
improvement	of	131
of	becoming	131
his	hand	131
down	with	131
this	subject	131
in	memory	131
country	that	131
regional	and	131
spending	time	131
of	faculty	131
making	them	131
the	guidance	131
the	payment	131
it	had	131
around	them	131
minister	of	131
of	kansas	131
the	netherlands	131
to	interpret	131
pride	in	131
this	context	131
comes	in	131
work	will	131
let	alone	131
information	about	131
email	or	131
situation	and	131
the	duration	131
with	good	131
may	become	131
santa	cruz	131
moving	forward	131
by	admin	131
the	cover	131
of	additional	131
to	calculate	131
soviet	union	130
last	day	130
level	in	130
data	set	130
computer	and	130
see	an	130
lord	jesus	130
system	has	130
and	engineering	130
takes	to	130
areas	are	130
that	gives	130
during	that	130
nonprofit	organization	130
changed	to	130
the	broader	130
of	missouri	130
the	oregon	130
english	language	130
and	policies	130
position	on	130
are	planning	130
message	that	130
this	allows	130
have	fun	130
film	and	130
of	fire	130
see	their	130
they	wanted	130
this	document	130
the	delivery	130
in	cooperation	130
opinion	of	130
be	due	130
run	for	130
many	students	130
federal	law	130
war	on	130
for	graduate	130
phd	in	130
has	one	130
multitude	of	130
makes	you	130
the	phrase	130
of	workers	130
large	part	130
message	is	130
becomes	the	130
him	by	130
of	file	130
you	still	130
abundance	of	130
times	more	130
moment	to	130
faced	by	130
america	is	130
the	annual	130
extent	that	130
performing	arts	130
this	place	130
an	earlier	130
me	how	130
fee	of	130
get	on	130
places	to	130
we	did	130
student	has	130
planning	and	130
young	woman	130
power	plants	130
efficient	and	130
thing	as	130
it	goes	130
for	teaching	130
square	feet	130
were	then	130
determine	what	130
may	even	130
are	either	130
serving	in	130
to	lay	129
teachers	are	129
tools	that	129
named	after	129
advice	on	129
hard	and	129
considered	in	129
tended	to	129
companies	have	129
people	with	129
in	length	129
indicate	the	129
conflict	with	129
to	america	129
of	seven	129
classes	in	129
be	served	129
when	one	129
and	additional	129
legal	and	129
south	african	129
build	up	129
from	outside	129
members	will	129
the	employer	129
to	miss	129
can	download	129
research	into	129
which	there	129
support	our	129
all	areas	129
could	go	129
left	behind	129
gas	emissions	129
to	consult	129
the	novel	129
proven	to	129
run	in	129
reduces	the	129
be	written	129
study	by	129
possible	by	129
case	that	129
confident	that	129
is	typically	129
data	analysis	129
our	family	129
like	they	129
forms	and	129
the	real	129
they	use	129
need	help	129
charter	schools	129
for	building	129
public	safety	129
he	served	129
back	home	129
for	members	129
has	begun	129
up	his	129
the	wonderful	129
remains	the	129
the	motion	129
so	there	129
my	best	129
two	types	129
gave	him	129
challenge	for	129
of	air	129
and	china	129
can	add	129
users	of	129
the	workshop	129
the	major	129
to	ignore	129
and	direct	129
system	will	129
the	insurance	129
area	where	129
in	georgia	129
an	associate	129
was	seen	129
the	full	129
vote	of	129
founder	and	129
my	way	129
assistance	of	129
mentioned	that	129
is	built	129
for	health	129
by	another	129
is	capable	129
or	anything	129
an	attack	129
north	korea	129
care	system	129
the	dominant	129
simply	because	129
was	raised	129
more	importantly	129
the	emergency	129
that	needs	129
ideas	about	129
the	holy	129
places	in	129
costs	are	129
now	being	128
described	the	128
who	took	128
since	its	128
inside	of	128
position	and	128
they	would	128
later	this	128
field	trips	128
and	administrative	128
the	committee	128
to	separate	128
in	section	128
in	massachusetts	128
our	patients	128
phone	calls	128
we	feel	128
my	daughter	128
noting	that	128
if	their	128
then	we	128
the	good	128
of	ten	128
at	one	128
regulations	and	128
will	return	128
except	that	128
me	from	128
solution	is	128
facebook	page	128
promoting	the	128
and	test	128
instruction	in	128
training	is	128
the	international	128
people	think	128
out	if	128
source	code	128
serve	on	128
of	total	128
can	improve	128
organization	in	128
day	when	128
development	of	128
view	it	128
why	he	128
and	processes	128
and	family	128
opened	in	128
and	allows	128
have	read	128
team	has	128
into	its	128
how	long	128
really	good	128
the	governor	128
will	examine	128
have	begun	128
state	park	128
to	successfully	128
guide	for	128
to	rest	128
master's	degree	128
and	watch	128
case	with	128
about	half	128
this	should	128
collaboration	between	128
this	service	128
every	year	128
the	temple	128
be	issued	128
information	and	128
if	one	128
at	hand	128
do	well	128
replaced	with	128
become	part	128
have	included	128
the	crew	128
sites	in	128
model	to	128
especially	those	128
could	lead	128
home	or	128
same	year	128
and	vegetables	128
of	friends	128
transition	from	128
other	two	128
likelihood	of	127
why	this	127
the	difficulty	127
two	children	127
and	avoid	127
distributed	to	127
noted	in	127
forefront	of	127
very	first	127
this	approach	127
be	accessed	127
report	from	127
are	placed	127
chance	for	127
in	heaven	127
for	doing	127
few	hours	127
states	is	127
at	best	127
number	is	127
your	needs	127
would	probably	127
kingdom	of	127
right	thing	127
examples	of	127
grant	to	127
problems	are	127
it	turns	127
the	humanities	127
first	one	127
the	survey	127
your	website	127
chief	of	127
stating	that	127
him	at	127
will	join	127
most	importantly	127
are	created	127
was	responsible	127
they	made	127
the	hill	127
american	academy	127
information	provided	127
whom	they	127
and	explore	127
but	these	127
without	being	127
can	affect	127
to	affect	127
acquisition	of	127
everyday	life	127
results	were	127
look	back	127
and	discussion	127
religion	and	127
indiana	university	127
something	for	127
all	cases	127
have	experienced	127
important	thing	127
with	multiple	127
on	paper	127
the	cia	127
guilty	of	127
options	are	127
small	groups	127
it	makes	127
three	or	127
to	war	127
characteristic	of	127
past	decade	127
birth	of	127
and	written	127
the	spring	127
reviewed	by	127
after	school	127
grown	in	127
and	while	127
second	half	127
your	company	127
graduating	from	127
communication	skills	127
the	diversity	127
works	as	127
is	divided	127
addressed	the	127
request	of	127
risks	and	127
not	having	127
played	in	127
the	reference	127
the	consumer	127
are	intended	126
gone	to	126
doctors	and	126
space	to	126
thirty	years	126
some	great	126
the	mississippi	126
the	association	126
another	person	126
and	published	126
an	experience	126
models	and	126
into	consideration	126
high	levels	126
the	dangers	126
training	programs	126
universities	and	126
democratic	party	126
served	by	126
contribution	of	126
hour	of	126
the	scenes	126
of	historical	126
not	all	126
china	is	126
in	reality	126
discussion	and	126
reply	your	126
an	education	126
write	the	126
down	into	126
remember	that	126
your	interest	126
has	proven	126
his	colleagues	126
compare	the	126
believe	this	126
support	services	126
products	that	126
unless	they	126
following	year	126
the	equivalent	126
are	excited	126
use	an	126
the	exchange	126
the	tour	126
we	used	126
just	over	126
work	experience	126
from	me	126
this	part	126
not	seen	126
have	passed	126
recommended	for	126
displayed	in	126
mechanisms	of	126
funding	and	126
from	several	126
the	art	126
as	both	126
concentration	of	126
in	northern	126
discussing	the	126
the	missouri	126
why	are	126
conditions	that	126
two	of	126
budget	for	126
is	funded	126
human	resources	126
national	center	126
go	up	126
the	processes	126
each	person	126
volunteers	and	126
through	all	126
know	why	126
cells	are	126
rank	of	126
is	unlikely	126
way	as	126
when	people	126
if	so	126
himself	as	126
and	fall	126
an	integrated	126
your	comments	126
files	are	126
confined	to	126
listed	as	126
nothing	else	126
inclined	to	126
installation	of	126
buy	the	126
of	town	126
people	do	126
to	execute	126
if	it's	126
been	reported	126
changes	are	125
can	include	125
department	and	125
the	americas	125
seven	days	125
on	june	125
two	men	125
de	la	125
the	school	125
wrote	the	125
on	social	125
progress	and	125
content	is	125
accounts	of	125
first	few	125
most	interesting	125
meaning	that	125
job	in	125
and	freedom	125
in	wisconsin	125
we	can't	125
prevention	of	125
early	stages	125
community	college	125
his	hands	125
of	black	125
consult	with	125
and	stay	125
step	of	125
are	covered	125
operated	by	125
policy	in	125
advice	and	125
the	pages	125
but	would	125
cross	the	125
standard	for	125
something	more	125
good	as	125
we	say	125
open	access	125
that	included	125
them	were	125
not	merely	125
financial	crisis	125
everyone	is	125
bill	that	125
had	one	125
drawn	to	125
the	interior	125
at	uc	125
in	computer	125
to	email	125
these	were	125
but	never	125
the	feeling	125
legacy	of	125
was	later	125
consumption	of	125
they	believe	125
maintenance	and	125
it	when	125
can	afford	125
that	often	125
the	preceding	125
the	symptoms	125
of	expression	125
disagree	with	125
that	part	125
the	specified	125
and	creating	125
energy	and	125
do	all	125
more	detail	125
be	met	125
the	solar	125
was	put	125
code	of	125
learning	in	125
introduced	in	125
been	established	125
is	among	125
other	factors	125
is	moving	125
to	boost	125
to	china	125
each	semester	125
although	this	125
see	more	125
he	never	125
earned	his	125
historical	society	125
with	similar	125
species	and	124
bill	would	124
you	decide	124
about	him	124
investing	in	124
over	all	124
or	through	124
in	their	124
how	people	124
to	adjust	124
why	did	124
partners	to	124
miss	the	124
was	well	124
in	keeping	124
options	and	124
see	him	124
another	way	124
faculty	in	124
the	list	124
vote	in	124
manner	of	124
and	function	124
much	higher	124
people	around	124
truth	and	124
does	that	124
you	don't	124
be	located	124
partnering	with	124
employed	by	124
indicating	that	124
use	this	124
our	program	124
execution	of	124
the	centre	124
take	away	124
of	western	124
destroy	the	124
area	that	124
facts	and	124
question	about	124
methodist	church	124
support	this	124
find	themselves	124
hand	to	124
and	assist	124
membership	in	124
the	dean	124
this	idea	124
status	quo	124
grants	and	124
special	events	124
for	parents	124
the	bulk	124
claims	to	124
by	such	124
dollars	to	124
industry	is	124
for	student	124
problem	that	124
returned	from	124
population	and	124
released	in	124
indicated	by	124
you	do	124
for	using	124
makes	them	124
go	down	124
invitation	to	124
is	left	124
freedom	of	124
in	modern	124
is	awarded	124
might	also	124
that	did	124
the	workforce	124
students	can	124
his	personal	124
you	through	124
ages	of	124
the	emergence	124
is	primarily	124
the	longest	124
and	testing	124
of	september	124
have	nothing	124
from	such	124
create	new	124
expected	that	124
and	senior	124
proposed	to	124
with	questions	124
it	still	124
in	figure	124
be	different	124
we	started	124
who	they	124
states	of	124
buildings	and	124
of	leadership	124
about	some	124
the	genetic	124
the	flesh	124
of	nearly	124
over	this	124
letters	to	124
he	asked	124
into	three	124
first	half	123
as	high	123
approved	the	123
be	defined	123
state	has	123
life	with	123
partners	in	123
and	investment	123
was	good	123
conditions	are	123
leaders	who	123
in	june	123
of	plant	123
the	full	123
the	columbia	123
together	as	123
website	at	123
we	see	123
the	joint	123
in	january	123
street	and	123
its	mission	123
the	stock	123
records	and	123
around	for	123
in	central	123
the	strongest	123
proof	that	123
in	medical	123
research	in	123
people	are	123
and	prevention	123
was	trying	123
items	in	123
running	the	123
legislation	to	123
now	we	123
after	an	123
one	place	123
that	end	123
are	happy	123
when	asked	123
speech	and	123
college	is	123
will	improve	123
knowledge	in	123
fortunate	to	123
homeland	security	123
may	lead	123
change	that	123
of	key	123
communities	of	123
lessons	learned	123
was	unable	123
in	haiti	123
your	research	123
the	editor	123
the	vote	123
accepted	by	123
the	pilot	123
cancer	cells	123
are	treated	123
on	another	123
professionals	in	123
right	direction	123
two	new	123
of	basic	123
the	rank	123
tired	of	123
stories	about	123
older	adults	123
fit	for	123
center	in	123
the	exhibit	123
the	necessity	123
to	cross	123
citizens	and	123
experiences	with	123
standing	in	123
cold	war	123
an	electronic	123
born	on	123
for	individual	123
the	decision	123
marine	corps	123
required	in	123
sit	in	123
and	supports	123
users	and	123
of	white	123
disease	is	123
color	and	123
photo	of	123
for	american	123
police	officer	123
weeks	after	123
to	mean	122
the	pleasure	122
been	one	122
be	evaluated	122
the	minnesota	122
not	easy	122
teachers	in	122
explains	how	122
interactions	with	122
and	employment	122
command	of	122
in	finding	122
not	currently	122
completed	by	122
way	back	122
company	in	122
but	do	122
this	website	122
took	me	122
there	can	122
from	now	122
at	mit	122
are	aware	122
listen	to	122
stay	on	122
icon	to	122
feelings	of	122
let	it	122
is	fully	122
has	continued	122
in	multiple	122
so	that	122
before	his	122
of	utah	122
impacts	on	122
an	extended	122
starts	with	122
in	federal	122
is	running	122
content	to	122
example	is	122
be	tested	122
visiting	the	122
an	extension	122
the	remaining	122
violations	of	122
have	served	122
you	tell	122
off	from	122
the	advantage	122
and	uses	122
your	thoughts	122
serve	to	122
to	shape	122
anyone	who	122
playing	the	122
of	conflict	122
when	their	122
is	within	122
armed	forces	122
expect	that	122
be	downloaded	122
sold	to	122
forward	and	122
just	an	122
we	ask	122
the	radio	122
capitol	hill	122
crucial	to	122
for	change	122
the	man	122
these	services	122
notify	the	122
act	in	122
hospital	in	122
most	often	122
in	pennsylvania	122
will	review	122
built	by	122
the	figure	122
lot	about	122
by	david	122
died	on	122
luther	king	122
reason	is	122
proposed	by	122
the	sort	122
what	should	122
say	this	122
the	possibilities	122
ask	them	122
yet	the	122
he	gave	122
conduct	of	122
than	this	122
the	forum	122
workers	are	122
issue	with	122
why	do	122
class	will	122
do	things	122
are	prepared	122
you	guys	122
off	for	122
this	rule	122
was	arrested	122
known	about	122
expertise	and	122
the	immune	122
goals	for	122
the	customer	122
he	didn't	121
while	on	121
donation	to	121
decisions	and	121
more	easily	121
are	accepted	121
submit	an	121
what	did	121
put	their	121
promised	to	121
of	west	121
obvious	that	121
interest	rate	121
just	not	121
includes	an	121
santa	barbara	121
and	director	121
professionals	and	121
were	just	121
when	your	121
shift	in	121
letters	of	121
prevalence	of	121
this	option	121
of	mass	121
ever	seen	121
the	supply	121
and	applications	121
santa	fe	121
graduate	from	121
their	stories	121
way	or	121
efforts	are	121
orange	county	121
per	capita	121
as	president	121
and	long-term	121
drugs	and	121
nursing	home	121
by	doing	121
degrees	of	121
to	undertake	121
remained	in	121
the	lord	121
public	affairs	121
the	library	121
protected	by	121
the	visual	121
the	bureau	121
be	described	121
but	instead	121
information	systems	121
who	knows	121
fruits	and	121
let	him	121
the	clock	121
care	services	121
have	grown	121
know	more	121
powered	by	121
operating	in	121
is	high	121
of	credit	121
which	include	121
satisfied	with	121
the	description	121
your	experience	121
village	of	121
conception	of	121
units	of	121
wife	of	121
first	part	121
have	such	121
they	really	121
weeks	to	121
also	provided	121
this	meeting	121
journey	to	121
about	any	121
brought	up	121
rates	are	121
mailed	to	121
very	happy	121
sexual	assault	121
the	lord	121
can	look	121
web	pages	121
must	provide	121
was	performed	121
the	wisdom	121
the	external	121
the	family	121
england	and	121
and	hence	121
were	some	121
spirit	of	121
not	fully	121
have	increased	121
exempt	from	121
leads	the	121
am	going	121
to	hit	121
goes	into	121
and	developed	121
in	bermuda	121
we	wanted	121
legislation	that	121
solution	for	121
words	to	121
the	demands	121
relied	on	121
catalog	record	121
because	this	121
parents	are	121
organizations	are	121
countries	have	121
but	did	121
is	largely	121
pleased	with	121
and	returned	120
population	in	120
of	humanity	120
was	followed	120
women	were	120
be	reported	120
become	one	120
months	in	120
find	their	120
not	exceed	120
issue	that	120
of	engineering	120
how	are	120
california	state	120
are	done	120
update	the	120
minimize	the	120
he	went	120
send	you	120
wrote	in	120
you	ask	120
and	trade	120
president	for	120
in	urban	120
provides	information	120
ability	to	120
should	never	120
should	go	120
works	by	120
because	it's	120
interests	are	120
is	enough	120
to	print	120
also	like	120
operations	of	120
prospect	of	120
objectives	of	120
we	then	120
an	agency	120
other	organizations	120
signed	up	120
your	car	120
were	there	120
in	humans	120
in	rome	120
women	have	120
intent	of	120
day	before	120
the	commonwealth	120
track	record	120
and	final	120
consent	to	120
you	work	120
and	sisters	120
made	public	120
in	michigan	120
to	recruit	120
their	products	120
the	electronic	120
interaction	between	120
are	probably	120
disease	in	120
the	formal	120
would	only	120
hand	of	120
even	better	120
in	such	120
and	violence	120
in	terms	120
list	for	120
thus	the	120
things	about	120
outcomes	of	120
challenges	that	120
political	parties	120
by	several	120
high	risk	120
except	the	120
were	born	120
walk	in	120
day	that	120
in	may	120
these	types	120
the	typical	120
ice	cream	120
hopes	that	120
was	looking	120
often	have	120
during	my	120
again	for	120
the	palestinians	120
drop	in	120
addressed	to	120
technology	that	120
your	request	119
the	midwest	119
community	leaders	119
than	most	119
offered	at	119
fulfill	the	119
factor	of	119
our	ability	119
the	outer	119
levels	are	119
the	properties	119
employees	to	119
the	issue	119
name	in	119
was	something	119
their	website	119
had	their	119
for	himself	119
estimate	the	119
that	shows	119
include	an	119
they	go	119
restoration	of	119
the	seventh	119
the	mexican	119
get	up	119
contributions	of	119
achieve	this	119
make	us	119
residents	to	119
database	of	119
good	job	119
that	person	119
cell	phones	119
this	session	119
dose	of	119
the	murder	119
translated	into	119
practice	is	119
with	disabilities	119
meeting	on	119
obliged	to	119
some	good	119
housing	and	119
and	cooperation	119
can	continue	119
is	sponsored	119
for	treatment	119
is	unclear	119
you	what	119
church	and	119
ground	and	119
which	must	119
who	works	119
room	to	119
spring	and	119
fan	of	119
conservation	and	119
full	catalog	119
impacted	by	119
comments	and	119
men	were	119
travel	and	119
you	see	119
increase	their	119
texas	at	119
decide	whether	119
the	building	119
has	passed	119
program	with	119
concerns	of	119
of	islam	119
walls	of	119
what	will	119
alternatives	to	119
and	foreign	119
in	previous	119
and	abroad	119
happens	in	119
is	definitely	119
in	jerusalem	119
iraq	and	119
where	is	119
first	three	119
an	example	119
says	it	119
an	appeal	119
department	at	119
new	members	119
and	advocacy	119
measured	by	119
needed	in	119
three	hours	119
had	received	119
insurance	coverage	119
please	enter	119
graduate	program	119
new	way	119
the	secret	119
evening	of	119
delighted	to	119
holding	the	118
experience	at	118
good	time	118
while	it	118
its	name	118
children	and	118
the	waste	118
youth	in	118
is	comprised	118
good	reason	118
of	jobs	118
rich	in	118
with	family	118
entry	into	118
the	film	118
states	in	118
the	court	118
the	blue	118
in	northern	118
and	outreach	118
take	the	118
have	put	118
were	doing	118
fees	for	118
authorized	to	118
over	his	118
my	career	118
of	growth	118
the	mental	118
check	for	118
instance	of	118
selected	as	118
in	minnesota	118
the	basic	118
know	when	118
have	lived	118
services	at	118
an	overall	118
of	activity	118
in	march	118
law	firm	118
award	in	118
code	is	118
be	delivered	118
look	for	118
not	alone	118
foundation	is	118
never	heard	118
who	wants	118
though	we	118
of	labor	118
are	particularly	118
future	for	118
fee	is	118
up	this	118
south	korea	118
officer	of	118
the	advantages	118
affordable	housing	118
the	sport	118
sciences	and	118
reply	to	118
recognizes	the	118
ahead	and	118
be	associated	118
heard	from	118
the	validity	118
most	famous	118
was	passed	118
are	becoming	118
group	will	118
creating	an	118
sierra	leone	118
is	evident	118
members	were	118
schedule	of	118
are	four	118
minor	in	118
your	student	118
heads	of	118
may	still	118
dimensions	of	118
was	invited	118
the	signal	118
the	fund	118
services	and	118
adults	with	118
of	goods	118
display	of	118
the	appeal	118
resolve	the	118
and	other	118
labor	and	118
may	choose	118
key	role	118
have	met	118
building	is	118
be	something	118
for	international	118
explain	how	118
will	address	118
effects	of	118
illustrate	the	118
discussions	with	118
american	history	118
where	can	118
and	travel	118
has	held	118
the	role	118
and	well-being	118
analyses	of	118
born	in	118
charge	for	118
this	research	118
once	they	118
relations	between	118
sure	what	118
intention	to	118
how	important	118
national	level	118
regardless	of	118
an	increasing	118
the	associated	118
long	after	118
and	visitors	118
to	himself	118
this	category	118
of	critical	118
they	provide	118
member	of	118
developing	and	118
some	reason	118
submit	to	118
requirements	are	118
online	at	118
the	error	117
to	utilize	117
be	distributed	117
relationships	and	117
project	has	117
and	how	117
coming	back	117
the	identification	117
the	letters	117
the	pictures	117
like	we	117
can	reduce	117
city	hall	117
most	commonly	117
imagine	that	117
an	argument	117
the	app	117
one	million	117
award	is	117
history	and	117
first	amendment	117
struggle	for	117
would	want	117
can	keep	117
jesus	is	117
for	long	117
challenges	to	117
mind	of	117
in	music	117
special	collections	117
in	spite	117
both	of	117
scientific	research	117
display	the	117
author	and	117
this	bill	117
are	determined	117
welfare	of	117
that	contains	117
they	saw	117
the	adult	117
don't	see	117
the	privilege	117
the	realm	117
to	congress	117
as	he	117
that	night	117
company	has	117
the	faculty	117
fear	that	117
purpose	and	117
americans	are	117
to	blame	117
record	in	117
the	biggest	117
information	systems	117
engage	with	117
salt	lake	117
and	lots	117
taking	care	117
succeeded	in	117
then	there	117
been	added	117
this	collection	117
has	spent	117
add	to	117
actions	and	117
an	institution	117
stated	in	117
the	driver	117
that	case	117
of	construction	117
had	any	117
or	perhaps	117
for	helping	117
spend	time	117
any	person	117
work	closely	117
you	already	117
select	the	117
there's	no	117
right	on	117
of	volunteers	117
tax	on	117
by	members	117
out	an	117
why	not	117
of	transportation	117
fair	and	117
in	understanding	117
classes	of	117
the	studio	117
right	side	117
for	water	117
to	quickly	117
two	major	117
currently	being	117
from	high	117
no	further	117
ideas	that	117
capacity	for	117
did	so	117
wait	until	117
pass	through	117
medical	students	117
current	research	117
very	strong	117
restore	the	117
can	view	117
awareness	about	116
early	on	116
health	professionals	116
and	animal	116
after	their	116
taken	on	116
duty	of	116
cancer	patients	116
honor	the	116
distance	from	116
for	next	116
the	officers	116
moments	of	116
old	man	116
everything	you	116
tips	and	116
how	would	116
the	impacts	116
hazardous	waste	116
involving	the	116
onset	of	116
providers	and	116
institute	in	116
the	pentagon	116
one	thing	116
and	improved	116
stands	for	116
difference	is	116
the	intellectual	116
international	students	116
presents	the	116
he	died	116
documents	and	116
processes	of	116
god	for	116
to	him	116
exercise	of	116
in	vivo	116
doing	what	116
launched	in	116
book	that	116
really	like	116
for	services	116
support	their	116
and	interests	116
search	and	116
certainly	not	116
more	so	116
the	preparation	116
can	understand	116
professor	in	116
kids	are	116
positive	and	116
learning	experience	116
the	soldiers	116
this	chapter	116
partners	and	116
but	its	116
was	involved	116
the	division	116
families	are	116
implementing	the	116
his	body	116
web	sites	116
make	me	116
just	be	116
with	every	116
the	company's	116
our	lord	116
prostate	cancer	116
are	talking	116
address	these	116
for	working	116
should	you	116
services	provided	116
this	series	116
are	described	116
class	in	116
finds	that	116
roles	of	116
concerns	and	116
as	necessary	116
should	consider	116
mention	of	116
who	use	116
else	in	116
development	is	116
bachelor's	degree	116
the	grand	116
very	useful	116
for	credit	116
is	widely	116
this	type	116
give	back	116
want	it	116
best	known	116
to	higher	116
complete	with	116
on	health	116
you	got	116
the	tradition	116
make	some	116
must	do	116
strengths	and	115
of	reasons	115
put	out	115
the	perspective	115
instances	of	115
these	were	115
do	our	115
log	in	115
then	they	115
markets	and	115
the	horizon	115
thing	you	115
for	research	115
at	columbia	115
to	mark	115
find	this	115
processes	that	115
and	exciting	115
women	and	115
third	year	115
the	integrity	115
get	through	115
whom	we	115
discover	the	115
details	and	115
different	kinds	115
limitations	of	115
knows	the	115
this	collection	115
taken	as	115
would	rather	115
am	also	115
and	supported	115
been	approved	115
of	gender	115
phone	call	115
property	is	115
earlier	in	115
library	and	115
public	sector	115
the	pattern	115
the	boy	115
ever	be	115
call	for	115
the	dog	115
opportunities	that	115
and	highly	115
the	trade	115
join	in	115
of	dna	115
settled	in	115
that	really	115
your	program	115
evaluation	and	115
had	previously	115
trust	and	115
was	now	115
mexico	and	115
have	failed	115
short	term	115
asia	and	115
will	ensure	115
day	on	115
assistance	and	115
annual	report	115
is	composed	115
team	at	115
king	of	115
whether	we	115
and	patient	115
virtue	of	115
collections	of	115
authors	of	115
print	and	115
playing	with	115
are	associated	115
the	dream	115
can	serve	115
just	what	115
leading	up	115
the	organization	115
resident	of	115
for	granted	115
denial	of	115
was	forced	115
hope	is	115
is	thus	115
to	certain	115
your	hands	115
satisfy	the	115
my	research	115
the	peace	115
more	accurate	115
struggle	with	115
will	perform	115
we	offer	115
materials	that	115
workers	to	115
way	into	115
meeting	is	115
and	guidance	115
effect	in	115
the	findings	115
intention	of	114
perceptions	of	114
ties	to	114
the	characters	114
about	its	114
name	was	114
was	most	114
one	way	114
our	people	114
of	organic	114
forces	of	114
corresponding	to	114
founded	the	114
will	ask	114
that's	the	114
if	an	114
starting	in	114
your	web	114
if	someone	114
very	best	114
miles	to	114
she	worked	114
economy	is	114
the	common	114
have	gotten	114
that	took	114
have	very	114
of	reference	114
battle	of	114
new	information	114
consequences	for	114
let	the	114
our	national	114
below	or	114
fees	and	114
can	we	114
the	foot	114
the	gas	114
urban	areas	114
but	many	114
on	three	114
director	and	114
to	combine	114
out	his	114
over	it	114
society	and	114
review	process	114
he	felt	114
and	third	114
and	digital	114
friends	in	114
the	housing	114
the	senior	114
new	life	114
modes	of	114
and	europe	114
thing	for	114
would	still	114
the	affordable	114
and	expertise	114
since	its	114
have	led	114
was	signed	114
the	former	114
and	prepare	114
exists	in	114
all	four	114
other	issues	114
links	to	114
and	reporting	114
start	at	114
prone	to	114
of	literature	114
carry	the	114
my	father	114
are	paid	114
giving	them	114
for	education	114
students	should	114
they	got	114
evidence	is	114
volumes	of	114
the	michigan	114
building	in	114
some	very	114
only	available	114
much	money	114
building	was	114
taught	at	114
at	him	114
from	every	114
as	president	114
word	of	114
am	looking	114
for	financial	114
all	this	114
place	that	113
recently	been	113
operate	in	113
new	year	113
meeting	at	113
limited	number	113
paying	for	113
be	enough	113
been	created	113
were	collected	113
the	duty	113
of	classes	113
enforcement	of	113
in	both	113
so	great	113
the	molecular	113
be	avoided	113
and	moved	113
amount	to	113
decisions	about	113
of	pain	113
to	convey	113
function	and	113
to	subscribe	113
the	santa	113
nothing	about	113
matters	of	113
award	from	113
amino	acid	113
or	without	113
native	americans	113
the	fruit	113
creation	and	113
points	and	113
when	his	113
global	economy	113
network	and	113
has	won	113
by	having	113
increased	risk	113
any	new	113
the	defense	113
was	recognized	113
begin	in	113
schools	that	113
applications	to	113
report	of	113
race	and	113
is	applied	113
in	brazil	113
and	lack	113
past	three	113
powers	of	113
the	marketplace	113
staff	is	113
we	read	113
the	prison	113
mark	the	113
is	key	113
following	is	113
we	just	113
of	culture	113
her	research	113
good	way	113
any	particular	113
he	told	113
species	in	113
his	heart	113
helping	them	113
to	appeal	113
to	collaborate	113
be	surprised	113
pool	of	113
are	fully	113
communication	with	113
more	closely	113
kids	to	113
to	campus	113
treatment	is	113
and	reports	113
other	sources	113
on	site	113
to	recommend	113
the	combination	113
marked	by	113
and	transportation	113
our	knowledge	113
and	increasing	113
make	more	113
the	calendar	113
and	assistance	113
only	after	113
sure	they	113
capital	of	113
for	publication	113
and	innovation	113
and	ready	113
the	journal	113
american	college	113
very	close	113
several	days	113
the	violence	113
run	out	113
in	promoting	113
and	teacher	112
while	some	112
provides	for	112
and	choose	112
is	obvious	112
staff	will	112
states	are	112
the	acquisition	112
all	children	112
may	request	112
must	meet	112
have	started	112
supply	chain	112
so	she	112
all	too	112
the	younger	112
benefit	to	112
feels	like	112
my	name	112
books	in	112
expression	in	112
his	friends	112
category	of	112
closely	related	112
something	is	112
was	approved	112
really	need	112
and	approved	112
the	pursuit	112
was	supposed	112
knowledge	that	112
center	will	112
refusing	to	112
student	learning	112
informed	of	112
contact	me	112
high	blood	112
please	send	112
and	reading	112
need	your	112
the	committee	112
ban	on	112
showed	up	112
ignore	the	112
can	start	112
applications	in	112
and	air	112
web	sites	112
what	makes	112
was	determined	112
long	history	112
by	president	112
to	climate	112
with	four	112
office	for	112
the	old	112
has	contributed	112
it	very	112
its	ability	112
the	ordinary	112
out	all	112
ratio	of	112
pdf	format	112
for	purposes	112
studies	and	112
for	children	112
miles	away	112
your	eyes	112
whole	world	112
treat	the	112
to	embrace	112
about	why	112
itself	as	112
long	enough	112
thing	in	112
that	seems	112
at	line	112
and	links	112
distinction	between	112
be	afraid	112
determine	how	112
learned	in	112
managing	the	112
do	we	112
of	reality	112
after	which	112
laid	out	112
please	be	112
and	summer	112
response	to	112
called	upon	112
object	is	112
is	listed	112
the	northwest	112
in	italy	112
his	office	112
the	sixth	112
been	there	112
the	holocaust	112
our	friends	112
and	numerous	112
an	impressive	112
this	product	112
be	well	112
girls	and	112
and	probably	112
also	find	112
if	only	112
in	regard	112
an	original	112
you	provide	112
the	song	112
year	by	112
event	for	112
against	him	112
the	gold	112
contributor	to	112
would	then	112
forget	that	112
life	of	112
collaborate	with	112
the	daughter	112
were	created	112
made	him	112
and	maintaining	112
the	environmental	112
differ	from	112
suited	to	112
struggling	with	112
sources	and	112
shape	and	112
signs	and	112
in	poverty	112
outcomes	for	112
because	their	112
to	judge	112
aim	is	111
limits	on	111
expert	on	111
click	to	111
us	what	111
javascript	enabled	111
exceed	the	111
or	make	111
record	and	111
your	next	111
and	simple	111
questions	on	111
human	nature	111
jewish	community	111
out	your	111
my	mom	111
americans	and	111
does	it	111
starts	to	111
for	discussion	111
the	great	111
balance	between	111
decision	of	111
fall	in	111
in	atlanta	111
this	effort	111
and	hear	111
to	trust	111
filed	under	111
her	parents	111
necessity	of	111
topics	include	111
six	weeks	111
cancer	center	111
immediately	after	111
schools	in	111
earlier	this	111
peer	review	111
office	for	111
the	welfare	111
write	to	111
breast	cancer	111
or	whether	111
break	down	111
appeared	on	111
papers	and	111
the	initial	111
applications	are	111
is	perhaps	111
forget	the	111
frequently	asked	111
and	subsequent	111
described	above	111
and	david	111
group	was	111
raising	the	111
united	methodist	111
and	spent	111
not	change	111
most	successful	111
keep	our	111
the	frequency	111
meet	their	111
the	truth	111
is	relatively	111
the	impression	111
is	having	111
by	each	111
the	strategic	111
photographs	of	111
of	expertise	111
but	even	111
for	understanding	111
reading	this	111
application	form	111
values	for	111
in	almost	111
so	often	111
remains	to	111
conclusion	that	111
can	no	111
that	supports	111
in	combination	111
distance	of	111
will	automatically	111
which	might	111
god	will	111
was	reported	111
are	posted	111
in	numerous	111
concern	about	111
most	difficult	111
of	commercial	111
made	at	111
an	internal	111
product	is	111
is	helping	111
insurance	company	111
the	va	111
defense	of	111
worth	it	111
of	birds	111
on	track	111
they	didn't	111
this	moment	111
the	grace	111
ourselves	to	111
reminds	us	111
was	pretty	111
the	house	111
prepare	the	111
was	getting	111
the	height	111
conference	of	111
books	of	111
reluctant	to	111
news	of	111
our	programs	111
social	work	111
who	said	111
the	annual	111
case	was	111
released	by	111
order	that	111
come	down	111
our	future	111
resources	available	111
movement	to	111
events	for	111
pm	and	111
town	of	110
of	primary	110
he	left	110
field	trip	110
all	men	110
of	youth	110
the	comment	110
and	participation	110
article	about	110
grand	lodge	110
their	use	110
was	provided	110
and	internationally	110
to	withdraw	110
the	biological	110
secure	the	110
that's	the	110
to	forget	110
number	of	110
an	audience	110
the	arrival	110
these	words	110
values	are	110
agree	on	110
students	learn	110
we	invite	110
she	received	110
responds	to	110
founded	by	110
definition	at	110
excluded	from	110
be	transferred	110
the	aircraft	110
identifying	the	110
lines	and	110
still	has	110
did	this	110
their	country	110
them	about	110
systems	for	110
they	take	110
it	says	110
committee	of	110
coming	in	110
two-thirds	of	110
how	does	110
creative	and	110
go	home	110
the	stream	110
the	cities	110
any	reason	110
strategies	that	110
and	conservation	110
email	addresses	110
feedback	from	110
world	where	110
it	gives	110
profile	of	110
nothing	in	110
caused	the	110
foundation	has	110
the	increasing	110
plans	are	110
seen	by	110
brand	new	110
the	seed	110
deliver	the	110
so	please	110
table	of	110
force	in	110
questions	from	110
took	part	110
natural	world	110
it	seemed	110
the	opposition	110
have	yet	110
funds	from	110
in	arizona	110
in	public	110
page	on	110
is	safe	110
born	and	110
as	one	110
observations	of	110
are	taught	110
story	in	110
much	easier	110
earth	and	110
function	is	110
items	that	110
will	play	110
helps	us	110
see	some	110
curriculum	and	110
readily	available	110
but	how	110
guidance	of	110
the	regulations	110
was	started	110
criminal	justice	110
courage	to	110
the	georgia	110
but	were	110
creativity	and	110
the	pool	110
the	wider	110
and	drug	110
my	brother	110
work	through	110
west	bank	110
these	results	110
time	frame	110
appointment	of	110
states	has	110
the	doctrine	110
what	their	110
the	joint	110
to	christ	110
chain	of	110
what	about	110
and	politics	110
bush	administration	110
involvement	of	109
and	managed	109
input	from	109
and	effort	109
and	built	109
aside	from	109
the	recommendations	109
the	card	109
the	federal	109
to	san	109
more	recent	109
the	smaller	109
plant	and	109
this	message	109
the	debt	109
for	peace	109
thank	the	109
someone	is	109
fit	the	109
please	call	109
demonstration	of	109
are	few	109
and	managing	109
university	and	109
only	three	109
can	call	109
year	later	109
even	in	109
up	there	109
their	careers	109
even	know	109
explains	that	109
the	study	109
when	using	109
the	nearest	109
any	further	109
how	their	109
the	operating	109
by	hand	109
achieved	by	109
social	sciences	109
for	approval	109
give	an	109
to	translate	109
general	education	109
the	lights	109
i'll	be	109
hesitate	to	109
against	them	109
in	case	109
music	is	109
the	changing	109
and	strengthen	109
of	british	109
the	evil	109
of	safety	109
their	actions	109
view	the	109
below	are	109
biology	and	109
has	focused	109
and	complex	109
the	charge	109
been	using	109
the	ministry	109
our	school	109
find	more	109
for	managing	109
its	current	109
this	spring	109
and	powerful	109
the	danger	109
second	floor	109
of	corporate	109
if	my	109
instructions	for	109
numbers	are	109
will	affect	109
the	australian	109
rights	reserved	109
to	read	109
at	university	109
the	relationships	109
more	interesting	109
to	finance	109
do	when	109
who	lived	109
can	often	109
donated	to	109
positive	impact	109
stream	of	109
yourself	to	109
statement	that	109
an	external	109
the	rear	109
in	pdf	109
victim	of	109
participants	and	109
my	children	109
designated	as	109
last	three	109
of	marriage	109
meeting	of	109
the	signs	109
the	writer	109
with	additional	109
his	last	109
was	added	109
by	saying	109
the	settlement	109
and	hold	109
of	finding	109
smaller	than	109
argument	is	109
who	does	109
has	reached	109
on	different	109
or	four	109
employment	and	109
them	more	109
need	javascript	109
have	reached	109
sat	down	109
risk	management	108
processing	and	108
parents	who	108
an	internship	108
undergraduate	degree	108
that	question	108
degree	in	108
partnerships	with	108
not	accept	108
other	groups	108
the	route	108
not	considered	108
late	in	108
business	leaders	108
workers	who	108
living	on	108
and	behavioral	108
in	print	108
learning	how	108
until	after	108
of	former	108
feedback	on	108
agriculture	and	108
and	print	108
majoring	in	108
got	it	108
in	each	108
the	devil	108
it	wasn't	108
to	bed	108
later	on	108
funds	and	108
are	selected	108
their	local	108
found	this	108
the	authorities	108
the	administrative	108
limit	of	108
for	youth	108
are	scheduled	108
who	should	108
elements	in	108
save	the	108
of	hiv	108
the	prospect	108
the	timing	108
knew	it	108
are	considering	108
progress	on	108
of	excellence	108
two	sides	108
state	government	108
get	my	108
please	check	108
equipment	to	108
the	special	108
comes	out	108
created	for	108
in	his	108
the	mechanisms	108
software	is	108
the	land	108
situation	of	108
the	council	108
technology	for	108
can	offer	108
season	of	108
the	candidate	108
to	myself	108
free	time	108
children	have	108
at	present	108
of	africa	108
check	the	108
earned	her	108
classroom	and	108
played	by	108
had	more	108
the	taliban	108
community	has	108
of	sin	108
off	on	108
the	guy	108
news	for	108
cancer	in	108
as	little	108
of	london	108
improve	our	108
member	states	108
you	become	108
this	sort	108
and	secure	108
her	son	108
that	go	108
declined	to	108
upon	his	108
educators	and	108
our	attention	108
he	does	108
years	have	108
find	them	108
teaching	in	108
go	from	108
cutting	edge	108
following	are	108
their	experience	108
an	investigation	107
the	washington	107
last	decade	107
this	experience	107
the	bank	107
and	monitoring	107
asked	questions	107
art	of	107
ideal	for	107
been	selected	107
their	faith	107
team	was	107
has	three	107
this	workshop	107
characterization	of	107
may	occur	107
government	and	107
move	into	107
as	they	107
our	goal	107
of	chemical	107
represented	in	107
physical	education	107
supplies	and	107
and	led	107
costa	rica	107
and	drug	107
coverage	for	107
be	updated	107
nineteenth	century	107
taken	at	107
talking	with	107
to	argue	107
and	biological	107
when	my	107
the	piece	107
be	installed	107
to	strike	107
that	offers	107
of	genetic	107
do	better	107
bring	together	107
resources	on	107
to	advocate	107
cause	for	107
are	even	107
for	funding	107
to	disclose	107
comparison	to	107
died	of	107
sexual	orientation	107
the	woods	107
home	from	107
follow	the	107
came	together	107
my	colleagues	107
the	preservation	107
the	youngest	107
clean	water	107
library	and	107
not	made	107
than	anything	107
is	produced	107
estimates	that	107
the	glory	107
handling	of	107
the	korean	107
on	stage	107
some	form	107
be	back	107
an	increasingly	107
also	contains	107
violence	against	107
material	in	107
amongst	the	107
and	stability	107
code	and	107
great	place	107
own	personal	107
rates	in	107
diversity	and	107
to	target	107
notre	dame	107
has	appeared	107
it	too	107
then	click	107
is	correct	107
will	leave	107
part	by	107
clinical	trial	107
stories	that	107
system	with	107
the	candidates	107
amendment	to	107
in	april	107
whether	there	107
infrastructure	and	107
fix	the	107
addressed	in	107
research	focuses	107
love	that	107
been	called	107
book	was	107
to	qualify	107
could	only	107
that	happens	107
keeping	with	107
needs	for	107
announce	that	107
the	class	107
observed	that	107
on	account	107
registration	form	107
sites	are	107
features	and	107
blood	vessels	106
impossible	for	106
what	kind	106
all	americans	106
especially	with	106
helps	you	106
to	arrange	106
of	sound	106
get	away	106
other	activities	106
here	as	106
be	accomplished	106
gone	through	106
and	placed	106
lead	in	106
the	subsequent	106
integrated	into	106
voice	and	106
their	eyes	106
owners	of	106
his	house	106
one	man	106
the	banks	106
these	groups	106
returns	the	106
your	choice	106
with	large	106
be	collected	106
also	very	106
primarily	on	106
things	which	106
department	is	106
efficacy	of	106
causing	the	106
science	in	106
of	weeks	106
to	appreciate	106
dispose	of	106
hundreds	of	106
us	have	106
not	found	106
very	excited	106
my	body	106
cannot	afford	106
cared	for	106
cut	the	106
photo	by	106
are	we	106
under	his	106
business	is	106
school	board	106
remains	of	106
loss	and	106
and	corporate	106
thinking	that	106
the	leader	106
was	even	106
an	immediate	106
the	legislative	106
was	launched	106
about	three	106
the	intention	106
want	them	106
comparable	to	106
the	environment	106
please	let	106
like	those	106
the	right	106
together	on	106
your	child's	106
of	objects	106
the	fiscal	106
will	produce	106
approach	that	106
have	asked	106
spent	in	106
more	serious	106
button	to	106
by	him	106
ranged	from	106
her	daughter	106
of	drugs	106
the	regulation	106
our	research	106
better	place	106
to	plant	106
you	enjoy	106
from	here	106
fields	and	106
although	it	106
two	main	106
aftermath	of	106
mind	to	106
and	respond	106
of	progress	106
reserves	the	106
to	stimulate	106
nonprofit	organizations	106
and	management	106
color	of	106
is	interesting	106
conference	is	106
pressure	and	106
request	that	106
estimated	to	106
the	security	106
calendar	year	106
their	future	106
the	objective	106
within	an	106
up	all	106
to	fail	106
the	difficulties	106
face	and	106
whether	he	106
in	supporting	106
apart	from	106
them	back	106
christ	is	106
learning	environment	106
be	introduced	106
and	beautiful	106
criticism	of	106
policy	makers	106
in	vain	106
almost	always	106
this	model	106
heard	that	106
what	you	106
its	work	106
will	cause	106
the	fastest	106
text	is	106
fund	for	106
of	cells	106
the	removal	106
views	and	106
stability	of	106
at	two	106
in	respect	106
of	crime	106
unique	opportunity	106
it	remains	106
object	to	106
solutions	that	106
policy	that	106
trust	in	106
in	politics	106
beautiful	and	106
code	for	106
that	since	106
and	sexual	105
note	of	105
moved	into	105
never	made	105
the	temple	105
rules	that	105
community	health	105
back	with	105
the	order	105
try	to	105
and	communications	105
the	depth	105
did	he	105
the	petition	105
image	is	105
is	either	105
very	clear	105
in	december	105
decision	on	105
sent	by	105
an	investment	105
observe	the	105
protect	their	105
been	named	105
the	honor	105
is	unknown	105
showed	the	105
would	expect	105
countries	are	105
argument	that	105
safe	to	105
master	of	105
chosen	by	105
more	powerful	105
the	judgment	105
to	declare	105
to	increased	105
not	working	105
so	this	105
relying	on	105
and	recommendations	105
and	advice	105
understand	it	105
and	advanced	105
month	in	105
not	good	105
read	in	105
on	either	105
of	memory	105
of	numerous	105
at	most	105
or	whatever	105
take	some	105
demonstrates	the	105
others	were	105
to	block	105
steps	in	105
the	day	105
were	presented	105
the	donor	105
population	is	105
rate	in	105
explaining	the	105
forward	with	105
respect	of	105
located	in	105
all	students	105
the	mouse	105
service	that	105
and	safe	105
he	returned	105
has	failed	105
and	external	105
is	expressed	105
among	all	105
church	in	105
of	items	105
do	your	105
is	named	105
housed	in	105
are	beginning	105
national	council	105
center	has	105
was	necessary	105
improvements	to	105
to	repair	105
agreed	with	105
after	her	105
up	my	105
more	advanced	105
that	anyone	105
of	daily	105
new	ones	105
and	suggestions	105
cultures	and	105
endangered	species	105
their	education	105
keep	track	105
plan	for	105
education	program	105
to	distribute	105
minutes	and	105
they	find	105
training	at	105
health	department	105
assumption	that	105
concentrate	on	105
businesses	in	105
moved	from	105
difficulty	in	105
impressed	with	105
is	organized	105
science	center	105
movement	in	105
as	defined	105
the	hearts	105
alter	the	105
please	send	105
is	published	105
factors	in	105
were	conducted	105
the	grass	105
session	of	105
history	is	105
except	in	105
events	on	105
incentive	to	105
studies	in	105
prove	to	105
has	played	105
earth	and	105
examined	the	105
man	was	105
we	encourage	105
the	recovery	105
far	beyond	105
obama	and	104
books	are	104
it	made	104
was	clear	104
an	extraordinary	104
mention	the	104
accustomed	to	104
out	some	104
safety	and	104
registration	is	104
and	engage	104
and	contribute	104
sound	like	104
can	receive	104
using	their	104
social	services	104
bone	marrow	104
social	networking	104
clear	to	104
the	stress	104
output	of	104
and	prevent	104
collected	in	104
it	means	104
institutions	of	104
in	february	104
take	them	104
for	everything	104
hospital	and	104
its	original	104
the	open	104
going	into	104
be	stored	104
faculty	of	104
you	shall	104
the	privacy	104
the	first	104
achieve	their	104
benefits	that	104
time	before	104
russia	and	104
inherent	in	104
reserved	for	104
blood	and	104
is	unable	104
science	is	104
can	save	104
bring	it	104
days	ago	104
citizens	to	104
living	room	104
the	vice	104
are	supported	104
inside	and	104
appreciate	your	104
among	us	104
material	for	104
filed	under	104
church	is	104
with	faculty	104
conform	to	104
refuses	to	104
raised	the	104
or	university	104
collection	is	104
tool	that	104
introduced	by	104
work	done	104
before	us	104
section	is	104
an	associate	104
age	group	104
and	behavior	104
are	sometimes	104
can	produce	104
and	influence	104
one	should	104
taken	up	104
is	commonly	104
have	happened	104
of	attention	104
manage	to	104
they	want	104
relations	and	104
but	how	104
remains	in	104
also	received	104
league	of	104
are	almost	104
fall	and	104
favour	of	104
country	has	104
help	keep	104
of	technical	104
committee	to	104
stop	by	104
the	winner	104
real	estate	104
third	parties	104
questions	are	104
excellence	in	104
month	and	104
working	group	104
most	vulnerable	104
spoke	with	104
about	which	104
and	positive	104
whether	this	104
were	selected	104
not	let	104
shared	by	104
in	danger	104
of	animal	104
and	bad	104
feeling	that	104
he	added	104
partner	in	104
within	this	104
months	later	104
we	love	104
view	is	104
and	justice	104
real	life	104
the	pennsylvania	104
of	genes	104
studies	on	104
institutions	to	104
by	mail	104
his	fellow	104
budget	and	104
you're	not	104
the	chinese	104
their	academic	104
though	not	104
in	august	103
book	for	103
very	active	103
to	demand	103
interacting	with	103
still	need	103
users	can	103
conference	on	103
how	could	103
effort	and	103
office	at	103
taste	of	103
resources	for	103
an	officer	103
your	data	103
for	life	103
does	have	103
he	died	103
had	seen	103
environmental	issues	103
to	invite	103
to	decrease	103
assistance	from	103
considered	by	103
have	decided	103
into	her	103
authorized	by	103
the	amazing	103
upon	request	103
expand	their	103
to	initiate	103
two	more	103
analysis	is	103
the	papers	103
day	was	103
our	customers	103
is	sent	103
brought	into	103
the	format	103
may	come	103
the	leaves	103
chief	executive	103
that	lead	103
was	shot	103
on	march	103
social	security	103
for	testing	103
at	new	103
eye	on	103
responsibilities	of	103
and	spanish	103
can	contribute	103
our	minds	103
this	e-mail	103
when	all	103
an	advanced	103
finished	the	103
that's	not	103
the	respective	103
far	less	103
she	wanted	103
professional	development	103
realize	the	103
can	support	103
washington	dc	103
the	efficiency	103
of	birth	103
and	gender	103
projected	to	103
research	team	103
send	it	103
devices	and	103
this	same	103
the	province	103
free	speech	103
the	waters	103
they	still	103
the	broad	103
take	time	103
even	have	103
joy	of	103
for	academic	103
instructions	on	103
the	nuclear	103
the	subjects	103
detection	of	103
the	alleged	103
power	plant	103
magnitude	of	103
the	philadelphia	103
while	working	103
and	requires	103
look	up	103
may	change	103
it	before	103
on	land	103
all	forms	103
how	about	103
faculty	at	103
to	respect	103
group	for	103
during	her	103
expert	in	103
has	nothing	103
and	religion	103
how	she	103
during	world	103
in	favour	103
opened	up	103
words	in	103
they	used	103
be	important	103
topics	and	103
helpful	in	103
management	system	103
this	does	103
the	arizona	103
the	general	103
rural	communities	103
leaders	are	103
the	absolute	103
check	your	103
he	called	103
up	against	103
both	on	103
highest	level	103
and	chemical	103
customers	and	103
more	info	103
good	or	103
brain	and	102
not	feel	102
school	system	102
expectations	of	102
it	looks	102
completed	his	102
you	never	102
community	colleges	102
is	essentially	102
be	filed	102
is	added	102
new	media	102
little	girl	102
or	visit	102
growing	number	102
photos	and	102
currently	available	102
experiences	that	102
reveals	that	102
the	powers	102
the	greater	102
full	range	102
not	covered	102
planning	process	102
was	issued	102
that	brings	102
of	supervisors	102
reflection	of	102
goal	to	102
force	and	102
only	those	102
property	in	102
and	articles	102
be	processed	102
the	eight	102
be	sold	102
privilege	of	102
the	great	102
will	put	102
off	by	102
this	community	102
world	has	102
methods	are	102
and	credit	102
role	for	102
refusal	to	102
all	rights	102
behavior	in	102
even	before	102
know	your	102
on	specific	102
has	established	102
by	e-mail	102
of	participants	102
left	with	102
the	buddha	102
courses	at	102
down	at	102
development	for	102
severity	of	102
its	new	102
through	this	102
we	consider	102
centers	and	102
four	months	102
powerful	and	102
on	july	102
in	planning	102
our	online	102
strategy	to	102
should	use	102
so	why	102
will	add	102
compete	with	102
president	barack	102
that	moment	102
didn't	want	102
see	any	102
their	skills	102
catch	up	102
the	federal	102
who	lives	102
options	to	102
on	topics	102
benefits	from	102
made	their	102
is	recognized	102
models	to	102
educational	opportunities	102
topics	of	102
for	consideration	102
the	forces	102
good	things	102
close	skip	102
an	explanation	102
target	of	102
time	since	102
and	discussed	102
of	humor	102
recommendations	to	102
school	at	102
an	approach	102
manner	in	102
hit	by	102
costs	to	102
know	they	102
measurement	of	102
physicians	and	102
wonder	what	102
had	only	102
employees	who	102
american	studies	102
chapter	of	102
you	cannot	102
pleasure	of	102
can	happen	102
sets	the	102
we	understand	102
in	french	102
begin	at	102
individual	or	102
local	level	102
the	rain	102
and	produce	102
streets	of	102
as	well	102
the	button	102
next	month	102
your	credit	102
you'd	like	102
the	kingdom	102
too	high	102
now	been	102
convicted	of	102
has	resulted	102
staff	are	101
told	you	101
he	took	101
code	to	101
are	supposed	101
not	already	101
beauty	and	101
consult	the	101
morning	of	101
in	oregon	101
public	relations	101
the	desert	101
the	summer	101
protect	our	101
the	advice	101
programs	have	101
bar	association	101
help	him	101
it	take	101
also	may	101
expect	the	101
good	enough	101
for	service	101
posts	by	101
his	second	101
and	author	101
brought	together	101
of	european	101
and	giving	101
and	unique	101
baptist	church	101
headed	by	101
sound	and	101
my	personal	101
the	onset	101
crime	and	101
the	muslim	101
is	filled	101
in	technology	101
as	compared	101
be	worth	101
several	weeks	101
ground	for	101
their	minds	101
section	on	101
accepted	for	101
new	yorkers	101
the	harvard	101
most	other	101
plan	was	101
have	occurred	101
what	might	101
its	inception	101
the	children	101
next	morning	101
two	ways	101
million	years	101
the	official	101
writing	in	101
the	convention	101
be	explained	101
and	fees	101
four	days	101
sharing	of	101
two	groups	101
kingdom	of	101
is	reported	101
be	forced	101
professionals	who	101
and	interesting	101
help	our	101
france	and	101
and	hopefully	101
an	experienced	101
they	often	101
the	development	101
that	causes	101
in	november	101
ourselves	and	101
weather	and	101
and	organizational	101
degree	at	101
studies	at	101
it	over	101
strategic	planning	101
officials	to	101
with	mental	101
senior	year	101
should	always	101
ever	before	101
been	taken	101
way	he	101
secretary	of	101
resides	in	101
specify	the	101
command	line	101
winning	the	101
switch	to	101
early	days	101
was	almost	101
updates	on	101
the	arguments	101
in	view	101
were	identified	101
you	can't	101
running	for	101
find	ways	101
elimination	of	101
on	climate	101
are	told	101
this	data	101
of	excellence	101
news	that	101
this	session	101
heavily	on	101
think	he	101
of	complex	101
job	as	101
long-term	care	101
be	contacted	101
fit	into	101
is	covered	101
promoted	to	101
is	somewhat	101
the	railroad	101
is	greater	101
case	you	101
be	moved	101
fear	and	101
duties	of	101
and	industrial	101
indication	of	101
phases	of	101
and	even	101
genetically	modified	101
perspectives	on	101
of	professional	101
starting	at	101
we	put	101
in	western	101
upon	them	101
with	autism	101
and	sound	101
branches	of	101
develop	new	101
the	pope	101
that	although	101
they	receive	101
grade	level	101
whole	lot	101
methods	that	101
advisor	to	101
knows	how	101
the	promotion	101
are	common	101
all	that	101
taxes	and	101
bring	them	101
you	also	101
chicago	and	101
the	resulting	101
conflict	and	101
them	through	101
like	your	101
could	easily	100
its	impact	100
project	management	100
spoke	about	100
and	analyze	100
which	is	100
just	another	100
which	does	100
in	mathematics	100
in	bringing	100
share	this	100
was	organized	100
reports	to	100
small	amount	100
are	members	100
corresponds	to	100
of	transportation	100
installed	on	100
night	in	100
the	statute	100
locations	in	100
stand	on	100
an	exception	100
of	lake	100
were	told	100
was	nothing	100
fell	in	100
not	sufficient	100
family	was	100
and	visual	100
the	birds	100
the	index	100
upon	their	100
business	or	100
lord	of	100
and	evaluate	100
and	strategic	100
sure	if	100
this	change	100
overcome	the	100
where	all	100
role	that	100
me	when	100
the	conservation	100
low	cost	100
at	stanford	100
courses	for	100
made	his	100
scene	of	100
order	of	100
guarantee	that	100
is	caused	100
low	income	100
to	showcase	100
is	thought	100
lets	you	100
the	combined	100
the	defendant	100
and	india	100
first	floor	100
emphasizes	the	100
three	decades	100
to	heal	100
animals	are	100
known	in	100
special	interest	100
the	browser	100
is	directly	100
just	like	100
to	rebuild	100
statement	is	100
lots	of	100
continuing	education	100
the	marine	100
up	our	100
can	actually	100
had	its	100
the	male	100
and	independent	100
the	integration	100
upcoming	events	100
also	want	100
connections	between	100
is	performed	100
story	that	100
concern	is	100
fund	the	100
memory	and	100
against	their	100
can	move	100
has	happened	100
forwarded	to	100
have	got	100
weeks	in	100
would	work	100
the	spot	100
with	low	100
things	as	100
we	think	100
studies	that	100
very	special	100
location	for	100
period	in	100
yourself	in	100
accredited	by	100
more	complicated	100
was	carried	100
religious	and	100
mechanism	of	100
hopes	of	100
the	dynamics	100
support	for	100
universities	in	100
largest	and	100
you	hear	100
car	and	100
production	in	100
and	decided	100
plan	on	100
plants	in	100
or	service	100
and	paste	100
strategy	and	100
japan	and	100
the	financial	100
expanded	to	100
relationship	of	100
featured	on	100
in	egypt	100
that	says	100
evident	in	100
passed	through	100
estimates	of	100
and	university	100
no	better	100
when	this	100
and	poor	100
for	private	100
features	that	100
idea	for	100
organized	and	100
business	plan	100
forces	in	100
only	once	100
be	passed	100
sexual	abuse	100
that	occur	100
this	date	100
and	conduct	100
of	urban	100
you	consider	100
was	due	100
themselves	with	100
removing	the	100
build	and	100
it	here	100
is	approximately	100
decides	to	100
supply	and	100
confirmed	that	100
higher	level	100
are	starting	100
of	race	100
roads	and	99
username	and	99
for	training	99
other	times	99
grade	point	99
and	blood	99
they	serve	99
doesn't	mean	99
patients	are	99
stuck	in	99
can	assist	99
reasons	to	99
are	moving	99
were	two	99
the	keys	99
of	capital	99
can	buy	99
condition	that	99
fire	and	99
important	information	99
our	kids	99
are	identified	99
the	exhibition	99
reside	in	99
and	implementing	99
the	joy	99
program	for	99
today	are	99
as	yet	99
more	specific	99
and	maintained	99
in	six	99
program	director	99
ones	who	99
not	to	99
understanding	that	99
with	someone	99
nine	years	99
we	hear	99
new	jobs	99
commission	for	99
acquainted	with	99
has	put	99
examining	the	99
advisory	council	99
alcohol	and	99
current	state	99
the	value	99
and	urban	99
the	inclusion	99
to	attain	99
be	logged	99
and	computer	99
think	about	99
of	fresh	99
and	ethical	99
architecture	and	99
correspond	to	99
publications	and	99
perfect	for	99
tax	cuts	99
you	begin	99
even	when	99
by	itself	99
will	want	99
can	contact	99
and	potentially	99
search	the	99
be	permitted	99
corporal	punishment	99
be	turned	99
in	uncategorized	99
it	happen	99
we	try	99
hospitals	and	99
learned	how	99
the	schedule	99
word	for	99
court	to	99
financial	services	99
is	imperative	99
who	know	99
and	demand	99
public	comment	99
in	southern	99
will	participate	99
all	time	99
recognized	the	99
off	at	99
glimpse	of	99
are	mostly	99
with	cancer	99
supplied	by	99
the	effect	99
an	important	99
of	sustainable	99
today	we	99
if	possible	99
quickly	as	99
or	services	99
established	to	99
offices	in	99
sentenced	to	99
are	grateful	99
been	seen	99
site	has	99
one-third	of	99
studies	at	99
the	conduct	99
they	took	99
the	art	99
and	sustainability	99
connections	to	99
specialize	in	99
it	helps	99
comment	by	99
language	in	99
putting	the	99
enough	that	99
don't	like	99
will	depend	99
acknowledge	the	99
leave	it	99
be	easy	99
and	collaboration	99
or	older	99
family	history	99
only	do	99
software	to	99
of	tools	99
be	nice	99
the	deadline	99
state	board	99
it	isn't	99
been	around	99
pacific	northwest	99
to	partner	99
general	fund	99
that	reason	99
follow	this	99
known	that	99
projects	for	99
conservation	of	99
advice	to	99
myself	and	99
process	will	99
their	land	99
me	an	99
move	from	99
on	developing	99
he	who	99
meetings	are	99
effective	way	99
products	to	99
will	know	99
water	resources	99
then	you	99
an	icon	99
the	difference	99
the	masses	98
to	developing	98
the	aftermath	98
her	children	98
testing	of	98
and	researchers	98
we	find	98
standards	are	98
with	strong	98
own	life	98
pleasure	to	98
face	to	98
fill	in	98
had	had	98
that	particular	98
habitat	for	98
part	because	98
the	huge	98
benefited	from	98
preparing	to	98
problem	was	98
reductions	in	98
centre	of	98
the	overall	98
discuss	how	98
us	into	98
employees	are	98
the	top	98
out	these	98
certificate	of	98
from	china	98
for	an	98
this	position	98
by	going	98
of	cell	98
body	in	98
occupied	by	98
and	act	98
are	especially	98
he	met	98
the	reduction	98
sometimes	the	98
the	thousands	98
the	dam	98
my	last	98
why	does	98
he	believes	98
got	into	98
was	discovered	98
in	winter	98
an	item	98
anything	but	98
am	currently	98
business	with	98
few	more	98
was	supported	98
my	home	98
are	great	98
theories	of	98
assumed	that	98
of	grace	98
courses	that	98
are	helping	98
what	should	98
recommends	that	98
files	and	98
will	move	98
nation	and	98
not	stop	98
these	countries	98
be	assessed	98
we	used	98
partners	with	98
the	cloud	98
and	abuse	98
directly	into	98
the	hudson	98
be	observed	98
computers	and	98
his	best	98
not	done	98
entrance	to	98
actively	involved	98
document	is	98
definitions	of	98
will	end	98
tuition	and	98
make	my	98
food	security	98
check	with	98
in	jail	98
wrote	about	98
for	most	98
wall	of	98
leadership	skills	98
in	consultation	98
can	begin	98
and	alumni	98
any	changes	98
boys	and	98
calculate	the	98
discussion	with	98
best	of	98
find	your	98
present	day	98
to	empower	98
are	increasingly	98
she	received	98
and	actions	98
the	alliance	98
to	resist	98
be	repeated	98
through	these	98
to	abandon	98
began	her	98
any	type	98
little	about	98
west	coast	98
what	our	98
like	these	98
american	journal	98
predict	the	98
bear	the	98
we	made	98
and	she	98
connect	the	98
learning	opportunities	98
is	received	98
giving	up	98
wouldn't	be	98
service	and	98
it's	just	98
management	in	98
decision	was	98
also	make	98
proceeded	to	98
new	research	98
church	is	98
learning	more	98
my	house	98
of	nine	98
would	likely	98
world	are	98
and	institutions	98
the	display	98
she	also	98
issues	for	98
points	for	97
one	can	97
are	right	97
on	local	97
by	looking	97
questions	for	97
became	more	97
and	identify	97
timing	of	97
date	on	97
different	parts	97
fit	in	97
wisdom	of	97
he	knows	97
alumni	and	97
and	contemporary	97
combination	with	97
tests	and	97
future	of	97
was	among	97
opus	dei	97
in	central	97
our	schools	97
the	foundation	97
the	master	97
the	staff	97
compelled	to	97
it	really	97
start	in	97
at	noon	97
job	creation	97
soil	and	97
these	activities	97
stand	for	97
correlation	between	97
go	about	97
fun	to	97
behavior	is	97
the	collective	97
and	employees	97
gave	them	97
our	commitment	97
researchers	to	97
active	duty	97
physical	therapy	97
style	and	97
doing	that	97
and	deliver	97
vary	from	97
will	speak	97
trade	in	97
been	completed	97
other	resources	97
the	polls	97
very	popular	97
facilities	in	97
very	easy	97
center	and	97
the	design	97
cup	of	97
for	getting	97
no	charge	97
tip	of	97
is	eligible	97
concentrations	of	97
resources	and	97
the	wisconsin	97
quite	different	97
the	wood	97
need	to	97
spring	semester	97
the	letter	97
solely	on	97
those	two	97
were	often	97
health	insurance	97
tips	on	97
to	cancel	97
page	or	97
act	and	97
the	package	97
separated	by	97
the	cold	97
they	shall	97
register	to	97
the	track	97
the	urban	97
domain	of	97
the	healthcare	97
and	raise	97
region	is	97
the	obvious	97
advised	to	97
guidance	and	97
diseases	and	97
your	house	97
conversation	about	97
they	went	97
background	and	97
be	admitted	97
the	universal	97
just	need	97
knows	what	97
skills	are	97
world	with	97
final	rule	97
only	the	97
whole	new	97
from	using	97
room	in	97
happy	and	97
officials	in	97
and	sold	97
questions	you	97
process	by	97
of	low	97
such	things	97
the	courage	97
the	summit	97
taking	on	97
is	directed	97
oversight	of	97
from	where	97
the	emerging	97
character	and	97
formed	by	97
said	about	97
the	players	97
express	their	97
the	platform	97
performed	on	97
health	center	97
three	children	97
the	model	97
twentieth	century	97
more	comfortable	97
and	tried	97
proposals	for	97
that	serve	97
the	iowa	97
room	with	97
line	in	97
of	effort	97
installed	in	97
help	reduce	97
guidance	on	97
market	is	97
have	several	97
the	flag	97
at	stake	97
turned	on	97
the	hardest	97
of	northern	97
already	has	97
and	thereby	97
are	related	97
was	observed	97
teach	the	97
the	village	97
or	simply	97
objective	is	97
the	composition	97
party	to	97
through	my	97
in	global	97
knowledge	is	97
was	because	97
or	later	97
who	don't	97
people	had	96
and	facilities	96
now	you	96
and	moral	96
was	placed	96
city	council	96
professor	and	96
asking	the	96
the	continent	96
and	administrators	96
gives	them	96
would	think	96
transformed	into	96
available	by	96
and	stop	96
face	in	96
film	festival	96
certificate	of	96
of	foreign	96
gave	up	96
child	support	96
and	nearly	96
is	entitled	96
or	should	96
their	heads	96
slow	down	96
of	innovation	96
are	capable	96
was	another	96
must	pay	96
the	church	96
of	insurance	96
the	couple	96
domestic	and	96
do	about	96
pleased	that	96
adopted	the	96
direction	and	96
foreign	language	96
treatment	options	96
an	ancient	96
our	region	96
have	contributed	96
her	students	96
anywhere	else	96
where	students	96
would	look	96
sure	your	96
the	participation	96
bill	is	96
someone	in	96
you	going	96
report	on	96
go	over	96
as	provided	96
strategic	plan	96
the	panel	96
can	send	96
sites	that	96
tailored	to	96
becoming	the	96
the	rising	96
the	protein	96
unemployment	rate	96
local	food	96
of	emergency	96
time	she	96
also	take	96
you	agree	96
of	fear	96
the	recession	96
several	of	96
should	look	96
texas	and	96
sales	of	96
israel	is	96
the	challenge	96
thousands	of	96
the	university	96
new	world	96
stay	with	96
refrain	from	96
city	is	96
community	as	96
me	out	96
help	ensure	96
to	repeat	96
effect	is	96
your	head	96
will	ever	96
the	engine	96
will	cost	96
service	members	96
could	you	96
separation	of	96
found	by	96
can	put	96
of	origin	96
debate	on	96
cancer	is	96
for	months	96
includes	all	96
the	indians	96
activation	of	96
in	science	96
his	daughter	96
that	occurs	96
the	concept	96
ease	of	96
sold	in	96
facebook	and	96
never	know	96
minds	of	96
were	among	96
soon	to	96
were	published	96
do	these	96
find	yourself	96
also	work	96
doing	business	96
this	disease	96
support	your	96
not	doing	96
speak	about	96
fight	to	96
classes	for	96
chief	executive	96
the	dynamic	96
of	active	96
of	electricity	96
reject	the	96
and	cut	96
come	across	96
was	required	96
to	cooperate	96
cooperation	and	96
our	staff	96
we	come	96
ends	of	96
participates	in	96
in	britain	96
see	her	96
will	determine	96
fate	of	96
else	to	96
to	copy	96
head	to	96
to	register	96
are	assigned	96
school	is	95
the	extreme	95
very	simple	95
this	technology	95
the	fine	95
operating	systems	95
of	increasing	95
very	successful	95
identity	and	95
have	three	95
missed	the	95
recommended	by	95
are	learning	95
view	all	95
hope	this	95
is	lost	95
can	set	95
the	valley	95
the	content	95
useful	information	95
send	me	95
during	our	95
close	vary	95
colleagues	in	95
security	forces	95
was	honored	95
without	an	95
to	exceed	95
issues	such	95
was	right	95
national	laboratory	95
in	diameter	95
for	special	95
tax	credit	95
conferences	and	95
submission	of	95
not	say	95
human	body	95
unless	it	95
permission	from	95
the	domain	95
scientists	have	95
for	higher	95
to	reinforce	95
what	if	95
upon	us	95
anyone	to	95
were	reported	95
and	appropriate	95
hospital	and	95
this	end	95
send	your	95
expertise	to	95
liberal	arts	95
present	their	95
panel	discussion	95
child	abuse	95
the	investment	95
the	functions	95
the	iraqi	95
weight	and	95
court	in	95
not	something	95
by	now	95
report	was	95
to	shoot	95
origins	of	95
of	ohio	95
community	with	95
and	literature	95
his	students	95
you	enter	95
departments	and	95
with	that	95
an	industry	95
modify	the	95
adding	that	95
georgia	tech	95
or	equivalent	95
club	of	95
many	new	95
and	perform	95
for	economic	95
players	in	95
southeast	asia	95
your	project	95
have	thought	95
the	kinds	95
caught	up	95
of	operation	95
with	diabetes	95
work	well	95
the	maryland	95
protect	your	95
see	all	95
everything	we	95
to	witness	95
he	started	95
that's	what	95
to	attempt	95
you'll	be	95
move	in	95
we	knew	95
the	irish	95
step	to	95
given	me	95
who	helped	95
on	sale	95
studied	the	95
reviewed	the	95
always	had	95
attention	on	95
books	that	95
his	people	95
concern	that	95
their	ideas	95
agreement	between	95
remember	to	95
grace	of	95
like	any	95
find	some	95
been	removed	95
feet	and	95
the	viewer	95
the	proceedings	95
help	others	95
to	renew	95
are	sent	95
mixed	with	95
or	family	95
man	with	95
else	is	95
great	time	95
hear	that	95
two	years	95
scholars	and	95
high	as	95
germany	and	95
selected	from	95
to	me	95
has	completed	95
be	regarded	95
be	improved	95
go	ahead	95
health	system	95
business	school	95
to	jump	95
left	on	95
point	average	95
stage	and	95
its	most	95
open	space	95
partnership	between	95
be	drawn	95
are	seen	95
who	come	95
one	else	95
was	last	95
not	eligible	95
not	directly	95
the	nih	95
the	announcement	95
we	give	95
that	helped	95
is	changing	95
the	default	95
demonstrates	that	95
at	sea	95
were	already	95
spread	to	95
drive	the	95
of	green	95
of	applications	95
be	extended	95
season	and	95
teachers	who	95
and	indeed	95
the	interface	95
creative	writing	95
and	kept	95
was	prepared	95
with	support	95
impressed	by	95
are	critical	94
the	glass	94
insurance	and	94
student	with	94
taken	for	94
contact	you	94
sea	level	94
functions	and	94
an	author	94
has	raised	94
comments	are	94
the	poorest	94
adobe	acrobat	94
pressure	to	94
send	them	94
do	everything	94
to	transport	94
been	awarded	94
grocery	store	94
every	aspect	94
challenge	is	94
dependence	on	94
this	does	94
or	consent	94
experiment	with	94
was	accepted	94
governments	and	94
can	feel	94
glory	of	94
war	with	94
but	after	94
of	philadelphia	94
be	elected	94
responsibility	and	94
home	on	94
same	period	94
clicking	here	94
hearts	of	94
that	money	94
facts	about	94
public	domain	94
palliative	care	94
could	never	94
fall	semester	94
were	both	94
our	families	94
letters	and	94
of	canada	94
record	for	94
this	fact	94
in	july	94
after	its	94
very	limited	94
rejection	of	94
there	could	94
form	below	94
your	state	94
this	function	94
cooperation	in	94
will	turn	94
and	location	94
accountable	for	94
employment	opportunities	94
the	academic	94
gained	from	94
created	an	94
british	columbia	94
beneficial	to	94
for	either	94
stay	at	94
allowed	for	94
friends	who	94
laws	that	94
wisdom	and	94
pairs	of	94
moment	in	94
sure	it	94
an	invitation	94
their	individual	94
be	clear	94
responses	to	94
dangers	of	94
be	encouraged	94
species	are	94
good	example	94
be	using	94
is	closed	94
this	sense	94
article	was	94
one	must	94
of	computer	94
is	dependent	94
and	soon	94
stage	for	94
the	tumor	94
portrait	of	94
done	it	94
event	at	94
in	western	94
world's	largest	94
farmers	in	94
about	me	94
the	code	94
could	say	94
copy	and	94
witness	to	94
is	sufficient	94
has	produced	94
volunteers	who	94
the	minor	94
it	just	94
off	their	94
went	up	94
calls	to	94
this	role	94
the	undergraduate	94
there	had	94
in	art	94
survival	of	94
reveal	the	94
could	find	94
spirit	and	94
institutions	in	94
for	faculty	94
and	secondary	94
this	award	94
of	researchers	94
of	oregon	94
for	professional	94
have	died	94
the	yard	94
done	at	94
and	foremost	94
and	james	94
homes	in	94
they	learn	94
be	supported	94
organization	dedicated	94
discretion	of	94
usage	of	94
be	safe	94
be	accompanied	94
introduced	the	94
also	important	94
whom	are	94
requirements	in	94
quantities	of	94
test	is	94
one	month	94
and	seek	94
pointed	to	94
and	dance	94
on	may	94
are	added	94
save	money	94
their	right	94
send	us	94
working	conditions	94
cities	in	94
view	this	93
recognized	that	93
vice	versa	93
matter	is	93
of	boston	93
from	over	93
wrote	to	93
of	equipment	93
in	portland	93
writer	and	93
set	off	93
he	joined	93
pass	on	93
my	dad	93
the	execution	93
bring	their	93
arguing	that	93
for	social	93
is	strongly	93
involve	the	93
the	jury	93
in	nursing	93
signed	the	93
in	international	93
the	self	93
clinical	research	93
back	in	93
some	ways	93
an	entirely	93
is	paid	93
comments	to	93
sit	on	93
dependent	upon	93
the	intent	93
home	care	93
people	about	93
by	increasing	93
that	area	93
and	exchange	93
and	completed	93
time	after	93
early	years	93
habit	of	93
education	system	93
carry	on	93
block	of	93
banks	and	93
unlikely	that	93
congress	has	93
an	advocate	93
and	features	93
the	confidence	93
be	interpreted	93
nutrition	and	93
doctor	of	93
and	creativity	93
under	way	93
manager	for	93
the	magazine	93
from	last	93
see	why	93
with	hiv	93
this	item	93
and	instead	93
going	out	93
intensity	of	93
was	important	93
be	raised	93
not	intended	93
the	assumption	93
enjoyment	of	93
within	one	93
motor	vehicle	93
specific	information	93
technologies	to	93
printed	in	93
items	are	93
processing	of	93
identity	of	93
words	that	93
be	looking	93
commission	and	93
the	gene	93
is	established	93
manner	that	93
were	developed	93
had	heard	93
circumstances	of	93
information	for	93
agreement	on	93
in	office	93
claiming	that	93
message	from	93
her	work	93
we	now	93
one	might	93
transformation	of	93
personnel	and	93
while	at	93
the	largest	93
month	for	93
becomes	more	93
that	offer	93
five	minutes	93
is	providing	93
photograph	of	93
the	child	93
with	community	93
meetings	with	93
drug	use	93
in	section	93
is	precisely	93
sure	we	93
backed	by	93
keep-alive	content-length	93
said	there	93
had	many	93
that	promote	93
intent	to	93
had	also	93
wished	to	93
by	contacting	93
website	or	93
an	unusual	93
than	he	93
enhancing	the	93
limited	by	93
are	defined	93
provide	students	93
would	see	93
her	new	93
they	did	93
force	base	93
include	all	93
held	for	93
awards	for	93
currently	serves	93
be	produced	93
is	easier	93
instruction	and	93
be	interesting	93
presentation	on	93
the	church	93
meet	in	93
ip	address	93
clinical	and	93
and	learning	93
the	emotional	93
push	the	93
it	doesn't	93
of	opinion	93
system	can	93
action	plan	93
the	speech	93
things	for	93
to	edit	93
session	on	93
but	had	93
communities	that	93
were	awarded	93
was	ready	93
broke	out	93
art	in	93
of	fine	93
the	roles	93
you	try	93
to	mitigate	93
are	difficult	93
have	good	93
is	approved	93
new	generation	93
to	expose	93
centered	on	93
passed	in	93
return	for	93
those	are	93
ground	in	93
so	when	93
the	british	93
semester	of	93
don't	get	93
different	countries	93
hours	after	93
our	daily	93
you	mean	93
older	people	93
not	contain	93
on	april	93
cal	poly	93
posed	by	92
board	members	92
form	for	92
for	general	92
the	extension	92
products	for	92
they	say	92
not	forget	92
advocates	for	92
financial	need	92
was	wrong	92
dates	and	92
meaning	and	92
the	mechanism	92
shown	by	92
varieties	of	92
five	days	92
transform	the	92
therapy	and	92
feet	in	92
of	experts	92
the	proceeds	92
completely	different	92
charge	to	92
to	defeat	92
roots	of	92
gets	to	92
the	utility	92
elsewhere	in	92
spinal	cord	92
murder	of	92
difficulty	of	92
they	never	92
shortly	after	92
world	around	92
the	armed	92
the	contribution	92
love	you	92
an	opinion	92
also	helped	92
the	sentence	92
considers	the	92
the	supervision	92
makes	us	92
and	post	92
and	vision	92
president	for	92
the	institute	92
medicare	and	92
nominated	for	92
shape	the	92
the	restoration	92
not	less	92
last	minute	92
hearts	and	92
pointing	out	92
the	artists	92
invasion	of	92
of	gold	92
the	above	92
symposium	on	92
executive	board	92
is	today	92
the	highway	92
developing	world	92
innovation	in	92
still	being	92
leaves	the	92
images	from	92
go	beyond	92
the	decline	92
and	determine	92
who	cannot	92
and	trying	92
for	large	92
reach	of	92
probably	not	92
the	liberal	92
society	is	92
access	for	92
can	follow	92
of	worship	92
online	or	92
the	iranian	92
issue	for	92
most	basic	92
of	running	92
princeton	university	92
not	true	92
education	at	92
while	still	92
john	paul	92
population	growth	92
force	to	92
to	counter	92
contact	us	92
these	studies	92
never	forget	92
an	initiative	92
the	discipline	92
house	is	92
the	homeless	92
during	your	92
live	music	92
has	left	92
been	said	92
who	served	92
we	face	92
hold	on	92
this	proposal	92
the	port	92
rule	is	92
made	no	92
an	office	92
processes	in	92
step	forward	92
hold	of	92
geological	survey	92
street	in	92
speak	for	92
idea	what	92
and	applied	92
the	contributions	92
to	protest	92
market	in	92
help	prevent	92
culture	in	92
help	but	92
we	serve	92
notified	of	92
of	alaska	92
first	meeting	92
an	informal	92
person	has	92
next	level	92
previous	year	92
grace	and	92
best	possible	92
the	blue	92
state	agencies	92
will	reduce	92
caught	in	92
quick	to	92
or	social	92
e-mail	to	92
we	begin	92
to	render	92
and	electronic	92
must	first	92
the	capitol	92
small	town	92
for	america	92
advocating	for	92
on	tuesday	92
parks	and	92
women	from	92
this	man	92
an	actual	92
words	are	92
as	quickly	92
or	group	92
an	effect	92
these	data	92
is	nearly	92
provide	support	92
synthesis	of	92
study	on	92
by	working	92
and	promoting	92
to	improving	92
of	legislation	92
of	heaven	92
article	by	92
of	documents	92
root	of	92
with	small	92
learning	center	92
and	vice	92
the	sacred	92
the	scholarship	92
may	receive	92
facility	in	92
the	rapid	91
this	letter	91
of	jerusalem	91
the	uw	91
evaluating	the	91
should	get	91
the	faithful	91
and	successful	91
of	economic	91
be	told	91
and	israel	91
of	george	91
but	she	91
granted	to	91
humans	and	91
all	possible	91
more	recently	91
on	january	91
please	do	91
be	resolved	91
of	alcohol	91
appointment	to	91
his	most	91
more	efficiently	91
we're	going	91
way	of	91
breadth	of	91
they	knew	91
whole	thing	91
the	remote	91
heart	failure	91
determines	the	91
to	sing	91
were	treated	91
love	is	91
but	i'm	91
on	saturday	91
food	bank	91
been	recognized	91
either	by	91
stand	out	91
the	closest	91
were	looking	91
that	nothing	91
to	cultivate	91
and	gain	91
spoke	of	91
since	this	91
workshop	is	91
be	extremely	91
in	regards	91
the	end	91
and	nutrition	91
and	rural	91
she	does	91
both	parties	91
was	produced	91
the	nineteenth	91
structure	is	91
nearly	as	91
possibilities	of	91
change	from	91
this	should	91
own	way	91
an	essay	91
let	go	91
not	well	91
unwilling	to	91
of	force	91
heat	and	91
so	they	91
be	remembered	91
preparation	and	91
came	down	91
thankful	for	91
expanding	the	91
ordered	the	91
amounts	to	91
brings	to	91
part	time	91
will	last	91
of	evolution	91
teaching	at	91
or	business	91
east	coast	91
the	sand	91
the	industrial	91
from	others	91
gender	and	91
in	summer	91
those	which	91
plant	in	91
get	our	91
and	principles	91
older	than	91
the	poem	91
the	basement	91
having	trouble	91
best	friend	91
other	services	91
he	gets	91
and	sell	91
only	one	91
other	state	91
committee	is	91
as	did	91
within	each	91
payments	to	91
eligibility	for	91
week	or	91
that	we're	91
through	her	91
guidelines	for	91
to	slow	91
with	limited	91
provide	more	91
your	resume	91
plants	are	91
using	these	91
used	it	91
be	right	91
sign	that	91
the	owners	91
jesus	and	91
so	much	91
you	keep	91
food	safety	91
before	you	91
the	prestigious	91
the	aim	91
association	of	91
project	with	91
with	members	91
your	question	91
even	at	91
has	several	91
on	file	91
never	really	91
their	school	91
unlike	the	91
and	female	91
even	those	91
he	continued	91
highlighted	the	91
your	ideas	91
to	conserve	91
the	snow	91
for	these	91
the	hot	91
fire	department	91
disclosure	of	91
the	objects	91
and	prevention	91
the	regional	91
businesses	to	91
reminder	of	91
input	and	91
can	reach	91
male	and	91
carnegie	mellon	91
grown	to	91
of	scientists	91
provided	an	91
paid	in	91
please	do	91
life	at	91
department	is	91
and	continuing	91
be	measured	91
conference	was	91
accurate	and	90
about	each	90
the	domestic	90
position	at	90
king	of	90
it	shall	90
other	important	90
the	delaware	90
wages	and	90
they	must	90
not	surprising	90
jesus	was	90
given	for	90
electrical	engineering	90
society	in	90
and	listen	90
blend	of	90
including	an	90
than	five	90
location	is	90
and	drink	90
in	grades	90
to	oppose	90
philosophy	and	90
ultimate	goal	90
passed	on	90
has	lost	90
blog	and	90
other	health	90
with	either	90
the	italian	90
communication	between	90
their	names	90
were	sent	90
children's	hospital	90
thousand	years	90
lucky	to	90
new	program	90
can	live	90
only	because	90
draft	of	90
such	cases	90
the	sequence	90
does	he	90
business	community	90
and	michael	90
suggested	by	90
at	another	90
their	kids	90
segment	of	90
and	film	90
the	mail	90
education	in	90
likes	to	90
are	left	90
commitment	of	90
parties	and	90
also	offer	90
items	to	90
and	trust	90
of	producing	90
every	day	90
several	hundred	90
one	reason	90
agriculture	and	90
energy	is	90
please	read	90
the	friends	90
agreement	to	90
bank	account	90
within	your	90
one	step	90
us	how	90
of	christianity	90
the	print	90
important	issues	90
the	substance	90
be	designed	90
in	peace	90
of	resistance	90
of	arkansas	90
providing	an	90
the	sciences	90
or	take	90
large	amounts	90
may	only	90
over	an	90
or	someone	90
against	this	90
comes	up	90
suspect	that	90
journal	articles	90
are	asking	90
classes	at	90
in	drosophila	90
although	we	90
other	public	90
good	work	90
by	this	90
much	needed	90
it	even	90
for	questions	90
two	hundred	90
until	now	90
their	full	90
local	businesses	90
put	your	90
meet	the	90
from	there	90
aid	and	90
when	our	90
the	free	90
by	following	90
resource	management	90
the	alternative	90
site	that	90
to	afford	90
in	direct	90
family	has	90
you	call	90
separate	from	90
the	digital	90
playing	in	90
is	licensed	90
next	steps	90
where	do	90
we	recommend	90
the	submission	90
who	attended	90
working	class	90
web	site	90
so	little	90
teaching	and	90
reaching	out	90
house	was	90
parks	and	90
wish	you	90
the	sales	90
the	festival	90
years	now	90
solar	energy	90
top	priority	90
are	entitled	90
that	contain	90
better	off	90
checked	out	90
the	president's	90
is	charged	90
of	mankind	90
provide	them	90
is	entirely	90
will	stay	90
of	economics	90
is	maintained	90
others	will	90
escape	from	90
assistance	for	90
and	killed	90
nothing	is	90
paper	on	90
committee	will	90
the	liver	90
early	childhood	90
in	pakistan	90
mechanical	engineering	90
the	transformation	90
power	over	90
public	works	90
test	scores	90
your	system	90
died	at	90
written	for	90
natural	resource	90
to	speed	90
return	on	90
public	service	90
best	thing	90
students	about	90
extremely	important	90
this	species	90
way	up	89
this	legislation	89
we	took	89
believe	we	89
months	before	89
school	was	89
but	these	89
better	way	89
updated	on	89
for	military	89
of	maine	89
participant	in	89
and	basic	89
notions	of	89
speaking	to	89
to	traditional	89
has	allowed	89
create	your	89
our	organization	89
of	respect	89
student	affairs	89
surprised	to	89
listed	above	89
war	is	89
educate	the	89
students	enrolled	89
an	empty	89
stress	and	89
to	ease	89
competition	and	89
the	vatican	89
solid	waste	89
and	shared	89
social	networks	89
the	examination	89
push	for	89
telling	the	89
few	things	89
rivers	and	89
acknowledge	that	89
study	will	89
areas	such	89
an	election	89
condition	and	89
turn	into	89
will	you	89
heart	is	89
cuts	to	89
and	comments	89
the	roots	89
the	lens	89
the	london	89
reports	from	89
confirm	the	89
some	extent	89
school	children	89
find	the	89
these	data	89
that	period	89
it	feels	89
taught	to	89
that	others	89
it	relates	89
by	using	89
authority	and	89
reduced	the	89
and	workshops	89
sponsored	by	89
the	officer	89
displayed	on	89
the	marriage	89
the	contemporary	89
continue	their	89
members	with	89
are	met	89
for	political	89
of	factors	89
be	attributed	89
level	is	89
various	other	89
conflict	in	89
call	on	89
these	children	89
was	left	89
is	prohibited	89
an	adequate	89
researchers	are	89
and	supplies	89
no	real	89
in	october	89
to	borrow	89
where	your	89
been	tested	89
had	given	89
might	say	89
and	labor	89
do	know	89
report	for	89
let	your	89
who	knew	89
was	previously	89
individual	is	89
two	people	89
interactions	between	89
are	trained	89
research	will	89
shown	on	89
to	shift	89
red	sox	89
way	around	89
sharing	the	89
an	absolute	89
deny	the	89
historical	and	89
and	black	89
wrote	that	89
choice	to	89
the	affected	89
often	as	89
the	reaction	89
the	prevention	89
allowed	in	89
fast	and	89
the	buildings	89
of	reducing	89
changes	made	89
organization	for	89
which	these	89
lose	their	89
with	access	89
but	just	89
emphasize	the	89
to	know	89
too	small	89
stability	and	89
an	english	89
of	creation	89
and	fire	89
policies	of	89
me	what	89
be	divided	89
clinical	practice	89
their	bodies	89
the	poverty	89
us	through	89
sciences	and	89
of	william	89
are	reported	89
and	consumer	89
can	share	89
the	site	89
in	recognition	89
other	places	89
accounting	for	89
the	powerful	89
land	is	89
the	contest	89
the	fourth	89
left	hand	89
and	holds	89
table	and	89
every	time	89
unaware	of	89
records	are	89
make	these	89
be	referred	89
orders	of	89
who	are	89
have	appeared	89
collaboration	and	89
to	persuade	89
get	around	89
the	newspaper	89
your	story	89
effect	of	89
conversations	with	89
to	touch	89
update	on	89
from	multiple	89
abide	by	89
ad	hoc	89
in	compliance	89
in	hawaii	89
the	discretion	89
this	respect	89
was	finally	89
of	poetry	89
alive	and	89
to	court	89
were	many	89
to	reject	89
training	on	89
he	worked	89
link	for	89
surface	and	89
and	turned	89
and	treat	89
for	federal	89
bodies	of	89
step	up	89
exactly	how	88
the	closing	88
in	ukraine	88
your	case	88
actions	to	88
explained	the	88
budget	is	88
and	finding	88
the	rural	88
images	are	88
who	received	88
an	accurate	88
god	as	88
material	that	88
and	that's	88
presentation	will	88
you	very	88
in	preparing	88
at	san	88
share	our	88
gaps	in	88
groups	have	88
serious	about	88
the	attacks	88
would	happen	88
diversity	in	88
and	policy	88
someone	with	88
but	without	88
finding	that	88
started	on	88
or	private	88
were	present	88
and	senate	88
when	compared	88
opinion	that	88
you	won't	88
operation	and	88
design	for	88
of	solar	88
of	knowing	88
share	information	88
is	beyond	88
and	domestic	88
you	prefer	88
past	week	88
regarding	this	88
monitoring	of	88
location	in	88
it	allows	88
other	end	88
the	centers	88
to	charge	88
proposed	that	88
jobs	are	88
services	as	88
assume	the	88
commented	on	88
information	contact	88
not	without	88
values	in	88
to	evolve	88
be	honest	88
its	place	88
image	to	88
the	seat	88
and	skill	88
any	part	88
our	campus	88
means	you	88
to	climb	88
you	want	88
competition	for	88
is	offering	88
data	with	88
it	requires	88
offices	of	88
proposal	for	88
of	hope	88
of	homeland	88
calling	on	88
and	operations	88
decade	of	88
to	quit	88
they	look	88
supportive	of	88
in	communities	88
looks	forward	88
cells	that	88
campus	in	88
variation	in	88
cars	and	88
the	trend	88
the	hall	88
why	would	88
the	style	88
membership	of	88
on	one	88
with	all	88
within	its	88
on	line	88
teacher	at	88
cannot	do	88
and	memory	88
of	duty	88
across	the	88
skin	and	88
differs	from	88
love	it	88
and	places	88
latest	news	88
written	about	88
just	two	88
the	editorial	88
foreign	minister	88
gallons	of	88
the	improvement	88
sure	how	88
of	ice	88
the	congregation	88
genetically	engineered	88
developing	new	88
this	happens	88
filling	out	88
and	administration	88
the	tv	88
an	information	88
data	were	88
we	decided	88
comments	about	88
the	lake	88
achievement	of	88
commercial	and	88
to	creating	88
but	at	88
and	japan	88
natural	disasters	88
the	massive	88
in	business	88
next	five	88
new	friends	88
well	over	88
and	speak	88
was	located	88
read	as	88
provider	of	88
or	organization	88
solution	of	88
if	these	88
do	nothing	88
somewhere	in	88
formed	the	88
data	collected	88
the	present	88
education	program	88
scores	of	88
what	had	88
to	europe	88
can	ask	88
that	occurred	88
integrity	and	88
things	have	88
exception	to	88
and	dedication	88
but	those	88
patterns	and	88
on	water	88
will	spend	88
the	flight	88
for	ways	88
park	in	88
the	mystery	88
of	iraq	88
understanding	the	88
areas	for	88
been	told	88
used	at	88
to	ensure	88
watched	the	88
are	dedicated	88
the	week	88
for	download	88
looking	into	88
background	of	88
faith	is	88
investigating	the	88
beyond	the	88
will	grow	88
their	friends	88
and	clean	87
of	electronic	87
the	household	87
cities	of	87
the	documentation	87
data	will	87
relatively	small	87
they	could	87
what	has	87
bill	to	87
associate	director	87
keep	in	87
digital	media	87
the	twentieth	87
post	on	87
and	intellectual	87
as	determined	87
anyone	in	87
manufacturing	and	87
in	houston	87
guide	for	87
report	by	87
requested	to	87
over	time	87
prayer	and	87
or	before	87
was	intended	87
accumulation	of	87
store	and	87
free	trade	87
depression	and	87
were	never	87
are	small	87
has	remained	87
politics	of	87
reproductive	health	87
passion	and	87
other	programs	87
results	will	87
easy	way	87
is	neither	87
research	program	87
your	kids	87
with	food	87
and	resource	87
helping	people	87
the	boundary	87
function	as	87
already	know	87
be	going	87
have	demonstrated	87
of	instructor	87
in	today's	87
effect	that	87
basis	to	87
cold	and	87
the	christmas	87
of	kids	87
by	offering	87
discussions	of	87
not	aware	87
reaching	the	87
international	journal	87
french	and	87
children	will	87
determine	which	87
by	anonymous	87
claims	of	87
public	or	87
very	proud	87
in	santa	87
after	having	87
speed	and	87
any	number	87
used	when	87
been	designed	87
quick	and	87
hoped	that	87
suppose	that	87
almost	as	87
came	across	87
and	particularly	87
video	games	87
the	chances	87
been	killed	87
your	money	87
kids	in	87
as	fast	87
proceeds	from	87
had	left	87
verify	the	87
the	heavy	87
of	trust	87
of	biological	87
the	translation	87
off	as	87
hours	are	87
the	classic	87
per	acre	87
and	taught	87
make	his	87
or	maybe	87
the	sounds	87
has	set	87
help	improve	87
tests	are	87
studied	in	87
to	permit	87
wind	and	87
the	infrastructure	87
or	those	87
rules	are	87
to	lift	87
student	achievement	87
open	access	87
new	features	87
learning	from	87
as	close	87
increased	from	87
of	self	87
typical	of	87
capacity	and	87
some	are	87
was	taking	87
should	work	87
and	emergency	87
this	special	87
started	by	87
new	law	87
north	and	87
european	countries	87
and	recovery	87
both	at	87
the	diverse	87
left	out	87
the	continuing	87
gas	and	87
committee	members	87
this	option	87
where	this	87
eastern	europe	87
prepare	students	87
north	africa	87
shown	below	87
comparison	with	87
will	gain	87
file	for	87
went	down	87
not	present	87
solar	system	87
university	has	87
old	age	87
york	university	87
both	cases	87
island	of	87
future	is	87
and	radio	87
week	after	87
much	longer	87
up	some	87
join	our	87
user	interface	87
london	and	87
graduate	studies	87
his	love	87
may	feel	87
this	workshop	87
transportation	and	87
had	his	87
and	plant	87
capability	to	87
blood	sugar	87
price	for	87
collaborating	with	87
be	proud	87
around	you	87
rss	feed	87
an	accident	87
protect	and	86
the	graph	86
social	issues	86
mean	for	86
she	may	86
resistant	to	86
me	feel	86
reviewed	and	86
their	commitment	86
read	by	86
of	civil	86
support	group	86
mouth	of	86
spend	more	86
his	right	86
using	our	86
and	accountability	86
word	that	86
have	brought	86
the	mainstream	86
her	research	86
teams	and	86
it	sounds	86
be	completely	86
by	name	86
would	increase	86
budget	cuts	86
the	sides	86
big	deal	86
the	interpretation	86
are	enrolled	86
discovered	the	86
in	half	86
gulf	coast	86
for	peace	86
in	reading	86
science	education	86
getting	into	86
was	surprised	86
celebrating	the	86
position	that	86
presented	as	86
goals	are	86
you	probably	86
express	the	86
in	psychology	86
are	represented	86
second	part	86
but	could	86
arm	of	86
believe	they	86
the	darkness	86
member	states	86
over	your	86
everyone	has	86
areas	with	86
facilities	are	86
animals	in	86
has	demonstrated	86
and	explain	86
how	did	86
of	protection	86
started	out	86
receive	your	86
information	available	86
around	it	86
temperature	and	86
guidelines	and	86
they	give	86
the	latin	86
be	related	86
two	separate	86
and	immediately	86
its	people	86
few	words	86
tested	for	86
stayed	in	86
the	college	86
and	spending	86
stop	and	86
about	those	86
as	something	86
realities	of	86
whatever	you	86
in	cancer	86
understood	that	86
to	confront	86
suffered	from	86
business	days	86
researchers	in	86
discuss	their	86
we	didn't	86
named	in	86
project	on	86
get	from	86
that	appear	86
to	shut	86
new	delhi	86
museum	in	86
voice	in	86
conflict	between	86
critical	for	86
administration	and	86
in	indonesia	86
and	robert	86
internet	and	86
causes	the	86
social	science	86
new	report	86
calling	the	86
tips	to	86
and	reliable	86
and	assessment	86
where	the	86
military	service	86
models	are	86
and	television	86
your	loved	86
mean	by	86
in	jesus	86
an	assessment	86
has	announced	86
most	importantly	86
post	is	86
identified	with	86
is	represented	86
were	too	86
voice	to	86
and	caring	86
my	first	86
to	justice	86
last	summer	86
sees	the	86
news	about	86
asked	what	86
from	harvard	86
marked	the	86
cure	for	86
their	goals	86
from	school	86
to	rule	86
the	horse	86
applying	to	86
struck	by	86
about	other	86
react	to	86
the	objective	86
picking	up	86
collective	bargaining	86
in	september	86
check	to	86
the	lungs	86
applied	in	86
said	unto	86
birds	and	86
global	health	86
for	full	86
thomas	jefferson	86
to	diagnose	86
employees	of	86
help	her	86
accomplished	by	86
who	take	86
who	wanted	86
via	e-mail	86
had	all	86
the	parish	86
directed	the	86
already	had	86
released	from	86
the	situation	86
documents	are	86
in	engineering	86
her	eyes	86
credit	cards	86
you	leave	86
trial	court	86
recording	of	86
world	cup	86
left	side	86
these	conditions	86
of	keeping	86
the	ohio	86
the	experimental	86
degrees	from	86
natural	history	86
are	forced	86
speak	at	86
for	energy	86
she	says	86
is	run	86
the	center	86
same	manner	86
one	end	86
the	golden	86
the	label	86
design	is	86
worked	together	86
to	relax	86
make	him	85
we	work	85
this	piece	85
the	vaccine	85
this	unique	85
cost	is	85
artist	and	85
music	in	85
be	informed	85
was	adopted	85
next	three	85
dignity	and	85
the	heavens	85
networks	and	85
your	group	85
timely	manner	85
will	the	85
maps	of	85
opposite	of	85
for	years	85
proximity	to	85
after	this	85
of	democracy	85
increase	your	85
forty	years	85
the	police	85
decisions	that	85
of	government	85
and	moving	85
name	or	85
aimed	to	85
variations	in	85
know	whether	85
his	children	85
employees	in	85
for	ourselves	85
worked	hard	85
people	want	85
that	address	85
expressed	by	85
and	generally	85
to	chicago	85
than	once	85
version	is	85
child	with	85
and	keeping	85
can	benefit	85
of	responsibility	85
want	your	85
need	some	85
government	will	85
the	complaint	85
our	faith	85
critique	of	85
content	in	85
here	you	85
objects	in	85
members	can	85
arising	from	85
very	pleased	85
our	food	85
survey	of	85
making	their	85
policies	in	85
the	california	85
risk	assessment	85
this	might	85
americans	have	85
the	components	85
to	administer	85
into	which	85
hour	and	85
product	and	85
myself	to	85
hard	on	85
us	today	85
us	an	85
are	clearly	85
on	november	85
was	married	85
the	folks	85
although	they	85
are	high	85
our	clients	85
been	active	85
residents	in	85
seen	that	85
be	modified	85
private	property	85
these	resources	85
friday	night	85
evaluation	of	85
other	day	85
him	into	85
of	movement	85
were	written	85
he	could	85
kill	the	85
the	olympic	85
advent	of	85
upon	him	85
actually	be	85
findings	from	85
soon	after	85
sports	and	85
communities	are	85
next	meeting	85
of	mary	85
by	side	85
given	us	85
the	universe	85
time	spent	85
as	appropriate	85
the	distinction	85
decide	what	85
summer	months	85
in	gaza	85
can	show	85
any	information	85
policy	for	85
hardware	and	85
communications	and	85
may	contact	85
to	accompany	85
effort	in	85
expects	to	85
we	never	85
like	most	85
last	updated	85
are	running	85
to	suit	85
internet	explorer	85
of	drug	85
to	emphasize	85
placement	of	85
the	text	85
the	stuff	85
arizona	state	85
early	age	85
sources	for	85
and	strength	85
chosen	for	85
of	helping	85
the	position	85
tickets	to	85
student	may	85
into	action	85
where	are	85
also	means	85
an	exercise	85
am	glad	85
of	philosophy	85
god	was	85
to	compensate	85
if	needed	85
and	looked	85
consider	the	85
of	spiritual	85
is	followed	85
the	celebration	85
ask	me	85
and	math	85
and	dedicated	85
around	me	85
confirm	that	85
books	for	85
we	recommend	85
fellow	at	85
proposal	is	85
nobel	prize	85
steering	committee	85
the	tip	85
greenhouse	gases	85
interpreted	as	85
surgery	and	85
call	from	85
sat	in	85
was	instrumental	85
the	dna	85
you	would	85
what	god	85
their	employees	85
health	benefits	85
we	came	85
effort	is	85
they	needed	85
good	health	85
to	load	85
selecting	the	85
after	you	85
and	european	85
not	subject	85
interview	with	85
need	an	85
of	wood	85
and	consumers	85
heard	in	84
training	and	84
adults	who	84
committee	and	84
the	police	84
agencies	in	84
off	your	84
think	of	84
weather	conditions	84
very	young	84
records	for	84
working	hard	84
loved	the	84
call	this	84
and	operating	84
recognize	and	84
any	form	84
meetings	of	84
environmental	impact	84
some	degree	84
his	experience	84
bring	your	84
this	year's	84
this	school	84
the	mark	84
and	recreation	84
peace	process	84
the	native	84
understand	their	84
making	an	84
because	my	84
decision	makers	84
software	for	84
assistance	programs	84
best	interest	84
measurements	of	84
be	under	84
sites	for	84
this	requirement	84
also	makes	84
they	thought	84
vision	is	84
the	sierra	84
actions	are	84
samples	from	84
even	with	84
of	conduct	84
the	girl	84
to	exchange	84
in	kenya	84
if	no	84
will	often	84
the	fcc	84
of	snow	84
graduate	programs	84
enjoying	the	84
add	your	84
we	receive	84
times	for	84
to	extract	84
more	years	84
best	practice	84
accepted	into	84
and	implemented	84
war	against	84
side	by	84
many	who	84
the	show	84
reviews	of	84
there's	no	84
can	hear	84
country	with	84
transmission	of	84
rights	are	84
asked	questions	84
their	favorite	84
important	because	84
the	evidence	84
that	men	84
easy	access	84
emotional	and	84
in	violation	84
forces	and	84
him	out	84
some	have	84
the	contractor	84
if	no	84
of	kentucky	84
she	went	84
state	level	84
also	see	84
the	odds	84
facilities	for	84
to	sort	84
leaders	from	84
either	side	84
under	their	84
many	areas	84
its	students	84
near	you	84
facility	is	84
actions	that	84
is	considering	84
maximize	the	84
the	society	84
and	technologies	84
before	their	84
something	we	84
roman	catholic	84
wondering	if	84
has	used	84
waiting	list	84
an	evaluation	84
was	present	84
weeks	before	84
adherence	to	84
no	man	84
the	neck	84
not	agree	84
art	museum	84
this	view	84
who	gave	84
measured	in	84
following	day	84
is	developing	84
in	spring	84
often	than	84
the	nebraska	84
provided	at	84
like	all	84
this	activity	84
debate	over	84
the	main	84
is	situated	84
past	five	84
particular	interest	84
do	business	84
are	affected	84
progression	of	84
they	need	84
credit	union	84
for	cancer	84
enhance	their	84
our	life	84
process	was	84
and	easily	84
contributions	from	84
meet	your	84
thought	they	84
must	be	84
identical	to	84
be	scheduled	84
products	in	84
policy	issues	84
higher	in	84
please	use	84
why	is	84
so	called	84
speak	out	84
be	fixed	84
send	out	84
element	in	84
in	physical	84
image	and	84
or	get	84
writing	about	84
hoped	to	84
over	there	84
just	wanted	84
the	territory	84
can	think	84
run	into	84
connections	with	84
to	conclude	84
for	early	84
park	service	84
or	e-mail	84
as	always	84
and	useful	84
list	of	84
be	listed	84
to	properly	84
your	blog	84
benefits	are	84
allows	students	84
visual	arts	84
species	is	84
two	parts	84
demand	that	84
initiated	by	84
hopkins	university	84
really	are	84
install	the	83
less	time	83
been	some	83
the	agency	83
any	sort	83
endorsed	by	83
all	other	83
has	started	83
track	and	83
support	it	83
prices	for	83
many	reasons	83
successful	completion	83
ever	had	83
specifically	to	83
the	slightest	83
museum	and	83
these	ideas	83
of	earth	83
privacy	and	83
so	excited	83
established	in	83
represented	the	83
could	possibly	83
new	approach	83
season	with	83
enter	the	83
the	warm	83
disease	that	83
least	for	83
refer	to	83
which	made	83
discussions	and	83
of	images	83
finding	out	83
now	at	83
reports	are	83
have	often	83
be	mailed	83
our	next	83
were	invited	83
due	process	83
mobile	devices	83
an	assistant	83
and	comprehensive	83
during	pregnancy	83
the	farmers	83
we	keep	83
equipment	is	83
proceed	to	83
the	charges	83
were	unable	83
explained	in	83
slow	to	83
our	services	83
of	trees	83
have	established	83
of	pittsburgh	83
results	show	83
that	went	83
the	ceo	83
brought	about	83
of	family	83
hours	for	83
is	treated	83
waters	of	83
carried	on	83
or	else	83
federal	court	83
by	asking	83
student	loan	83
the	young	83
few	times	83
of	authority	83
and	regulatory	83
an	element	83
courage	and	83
been	known	83
ministry	of	83
we	needed	83
display	in	83
or	similar	83
be	lost	83
after	graduation	83
for	myself	83
and	joy	83
me	up	83
percent	increase	83
environment	is	83
between	our	83
the	bed	83
had	little	83
this	group	83
and	goals	83
employment	in	83
the	outset	83
and	eat	83
consider	it	83
know	which	83
share	it	83
for	improvement	83
all	sides	83
at	length	83
the	theme	83
and	overall	83
place	it	83
others	that	83
the	dollar	83
delivered	by	83
and	seeing	83
as	members	83
and	learned	83
was	funded	83
community	development	83
the	stone	83
and	although	83
no	effect	83
not	look	83
board	for	83
children	under	83
in	black	83
running	on	83
his	country	83
highlighting	the	83
the	class	83
languages	and	83
to	consumers	83
expression	and	83
northern	california	83
performed	at	83
every	week	83
university	college	83
governments	to	83
the	congressional	83
in	improving	83
impression	that	83
very	quickly	83
that	everything	83
mention	that	83
before	this	83
have	joined	83
we	began	83
the	chair	83
should	only	83
have	committed	83
degree	is	83
adopt	the	83
on	page	83
about	where	83
society	that	83
date	is	83
to	provide	83
hard	drive	83
area	with	83
the	attorney	83
time	now	83
by	various	83
and	modern	83
wildlife	service	83
videos	and	83
samples	of	83
of	rome	83
on	youtube	83
and	all	83
this	discussion	83
similar	in	83
applications	are	83
the	syrian	83
best	interests	83
decision	is	83
beliefs	and	83
evidence	in	83
these	efforts	83
the	plaintiff	83
together	with	83
of	rules	83
to	jesus	83
this	last	83
to	exclude	83
towns	and	83
property	tax	83
project	is	83
the	roads	83
on	american	83
the	rock	83
offer	an	83
the	residence	83
life	cycle	83
them	know	83
true	in	83
the	wall	83
council	is	83
implies	that	83
the	administration	83
before	him	83
in	turkey	83
material	from	83
investment	and	83
christ	in	83
any	additional	83
this	because	83
clients	and	83
many	countries	83
the	prosecution	83
items	and	83
imply	that	83
for	one	83
years	he	83
emissions	from	83
or	near	83
the	traffic	83
for	access	83
our	bodies	83
second	is	83
investigation	into	83
your	knowledge	83
provides	access	83
time	there	83
registration	is	83
the	processing	83
pray	that	83
during	her	83
would	mean	83
doctorate	in	83
marriage	and	83
least	some	83
had	ever	83
team	for	83
growing	in	83
paying	the	83
is	displayed	83
for	purchase	83
if	these	83
foreign	affairs	83
that	leads	83
the	instrument	83
play	on	83
tickets	are	83
georgetown	university	82
have	raised	82
response	is	82
ton	of	82
talks	with	82
be	invited	82
confirmed	by	82
just	been	82
is	removed	82
pollution	and	82
of	poor	82
you're	looking	82
is	easily	82
format	of	82
approach	for	82
the	quantity	82
central	america	82
or	comments	82
their	name	82
discovered	in	82
this	kind	82
week	at	82
millions	of	82
is	updated	82
emergency	room	82
to	relieve	82
procedure	is	82
crisis	in	82
agencies	are	82
response	from	82
confidence	and	82
details	below	82
who	participated	82
recently	published	82
child	welfare	82
knew	what	82
per	se	82
made	some	82
of	pharmacy	82
to	employ	82
an	environmental	82
the	shadow	82
system	as	82
her	head	82
needs	are	82
are	built	82
sexual	violence	82
the	effects	82
was	moved	82
so	when	82
shadow	of	82
the	vicinity	82
and	engaging	82
turn	it	82
guidance	to	82
says	she	82
defend	the	82
be	exposed	82
times	that	82
this	example	82
makes	this	82
can	build	82
the	spectrum	82
own	work	82
very	short	82
notice	to	82
prices	and	82
other	children	82
daily	lives	82
not	show	82
the	embassy	82
are	born	82
very	nice	82
and	police	82
motivated	by	82
and	experienced	82
the	plate	82
which	case	82
the	ncaa	82
woman	to	82
email	us	82
institute	is	82
test	results	82
be	the	82
keeps	the	82
ordered	to	82
put	an	82
useful	and	82
explanation	for	82
that	show	82
of	serious	82
is	further	82
is	mostly	82
library	is	82
and	videos	82
has	caused	82
ends	with	82
users	are	82
possibilities	for	82
will	vary	82
makes	no	82
nationally	recognized	82
my	son	82
be	cut	82
the	circle	82
recovery	of	82
for	seven	82
storage	and	82
theological	seminary	82
an	evening	82
stick	to	82
readers	to	82
your	right	82
in	places	82
trouble	with	82
colleagues	and	82
was	hired	82
of	david	82
like	my	82
not	pay	82
atmosphere	of	82
that	meet	82
an	established	82
capacity	building	82
drug	administration	82
will	enjoy	82
the	wilderness	82
individuals	are	82
steps	of	82
when	someone	82
and	reach	82
parts	and	82
as	often	82
at	cornell	82
on	student	82
knowing	the	82
and	remove	82
by	visiting	82
to	notice	82
be	run	82
was	under	82
earned	the	82
thing	we	82
she	found	82
personal	experience	82
blood	cells	82
have	spent	82
energy	use	82
have	even	82
ages	and	82
in	prayer	82
it	mean	82
social	worker	82
research	was	82
all	new	82
frame	of	82
such	thing	82
well	being	82
this	practice	82
with	current	82
make	money	82
registration	fee	82
assistance	program	82
feel	more	82
much	greater	82
motion	of	82
research	council	82
keynote	speaker	82
country	for	82
of	america's	82
community	center	82
for	human	82
ranges	from	82
the	identity	82
online	application	82
have	moved	82
all	three	82
the	forest	82
the	user	82
of	gas	82
concerns	that	82
contact	our	82
illustrates	the	82
meetings	in	82
moving	in	82
the	narrative	82
imposed	by	82
he	came	82
background	information	82
primarily	in	82
to	refuse	82
provides	students	82
whole	family	82
the	achievement	82
names	are	82
and	alcohol	82
that	said	82
great	job	82
provided	on	82
we	move	82
concludes	that	82
trial	of	82
death	by	82
common	good	82
of	moving	82
our	health	82
to	upgrade	82
should	provide	82
life	insurance	82
of	slavery	81
from	having	81
may	wish	81
your	doctor	81
the	right	81
the	duties	81
the	script	81
late	to	81
to	eight	81
culture	that	81
in	denver	81
and	safety	81
their	child	81
kick	off	81
each	other's	81
and	volunteer	81
known	by	81
come	on	81
what	extent	81
these	challenges	81
would	bring	81
the	catalog	81
work	we	81
my	child	81
where	his	81
warm	and	81
is	gone	81
house	is	81
liable	for	81
radio	station	81
denied	the	81
few	other	81
of	these	81
student	services	81
with	specific	81
announced	in	81
check	on	81
direct	and	81
keep	on	81
the	democrats	81
be	denied	81
species	that	81
depths	of	81
articles	that	81
encouraged	by	81
the	designated	81
that	cause	81
reach	their	81
scholarships	to	81
radio	and	81
world	health	81
serving	on	81
community	health	81
temperature	of	81
site	was	81
qualities	of	81
be	getting	81
would	prefer	81
parents	were	81
more	open	81
you	select	81
and	paul	81
identification	and	81
duke	university	81
would	use	81
international	airport	81
from	scratch	81
in	ireland	81
no	doubt	81
advancement	of	81
citizens	in	81
farm	and	81
no	surprise	81
it	happens	81
status	as	81
inclusion	in	81
an	efficient	81
clicking	the	81
for	educational	81
these	projects	81
topics	such	81
and	certainly	81
environmental	protection	81
is	increasingly	81
more	quickly	81
quoted	in	81
not	actually	81
he	graduated	81
and	drive	81
kids	who	81
does	this	81
suffering	and	81
fair	to	81
cost	effective	81
compensation	for	81
feedback	and	81
of	receiving	81
the	upper	81
journey	of	81
trends	and	81
accepted	as	81
teams	of	81
was	promoted	81
and	thousands	81
cover	letter	81
family	and	81
count	on	81
just	so	81
have	caused	81
was	granted	81
are	experiencing	81
second	place	81
we	learned	81
of	breast	81
fact	sheet	81
churches	and	81
and	protection	81
recognition	for	81
in	iowa	81
for	approximately	81
and	effectively	81
involvement	with	81
and	surrounding	81
we	thought	81
one	such	81
is	excited	81
ideas	on	81
and	teach	81
it	shows	81
are	numerous	81
trial	and	81
in	sweden	81
the	uc	81
conflict	of	81
she	holds	81
time	to	81
this	decision	81
utilize	the	81
give	your	81
am	now	81
the	power	81
americans	to	81
network	with	81
business	as	81
the	hebrew	81
the	european	81
within	two	81
the	ring	81
things	were	81
the	survival	81
sounds	of	81
days	for	81
collected	and	81
his	role	81
been	written	81
an	older	81
property	owners	81
law	enforcement	81
imagine	the	81
locations	and	81
you	create	81
least	once	81
market	value	81
the	square	81
free	for	81
claim	is	81
the	counter	81
create	jobs	81
speaking	of	81
the	fate	81
was	transferred	81
traveling	to	81
staff	for	81
to	burn	81
would	benefit	81
page	that	81
the	bone	81
most	recently	81
to	paint	81
directly	or	81
requirement	of	81
route	to	81
hospital	in	81
authors	and	81
are	filled	81
course	provides	81
is	encouraged	81
can	imagine	81
liked	the	81
can	increase	81
bits	of	81
the	royal	81
most	prominent	81
an	offer	81
cases	are	81
services	for	81
of	history	81
still	more	81
written	on	81
coordination	of	81
the	channel	81
the	training	81
world	trade	81
which	contains	81
be	particularly	81
question	was	81
are	building	81
his	job	81
of	hearing	81
become	increasingly	81
of	employees	81
are	written	81
and	relevant	81
all	year	81
is	not	81
the	limit	81
institute	on	81
their	money	81
internal	medicine	81
understands	the	81
fresh	water	81
distinct	from	81
given	that	81
and	connect	81
and	images	81
do	my	81
of	evil	81
the	norm	81
find	any	81
for	current	81
engagement	in	80
coalition	for	80
line	for	80
other	nations	80
factors	for	80
pictures	and	80
an	in-depth	80
made	her	80
recently	completed	80
he	used	80
around	the	80
supporters	of	80
to	humans	80
owned	and	80
the	houses	80
an	excuse	80
symptoms	and	80
can	check	80
and	fair	80
asian	american	80
most	influential	80
the	hypothesis	80
is	bad	80
end	of	80
in	el	80
circle	of	80
without	the	80
break	from	80
the	presence	80
be	entered	80
legal	services	80
episode	of	80
to	india	80
account	is	80
student	loans	80
is	aimed	80
understand	this	80
agency	to	80
though	there	80
river	and	80
he	spent	80
someone	you	80
the	title	80
spanish	and	80
property	taxes	80
these	items	80
you	expect	80
incapable	of	80
our	annual	80
models	that	80
rights	and	80
recent	study	80
but	it's	80
contact	us	80
objectives	and	80
fundamentals	of	80
capabilities	of	80
in	academic	80
libraries	and	80
the	sight	80
education	is	80
first	semester	80
what	my	80
and	green	80
this	stage	80
articles	about	80
she	began	80
of	existence	80
broken	down	80
opinions	of	80
our	eyes	80
upon	it	80
but	after	80
hours	on	80
over	one	80
study	found	80
find	information	80
you	pay	80
been	accepted	80
ideas	in	80
for	consumers	80
veterans	and	80
may	vary	80
strength	to	80
the	chain	80
has	occurred	80
convention	on	80
are	seeing	80
named	to	80
software	that	80
an	honor	80
for	determining	80
all	her	80
these	organizations	80
he	moved	80
sell	the	80
this	level	80
stories	are	80
have	since	80
internal	revenue	80
hard	time	80
is	achieved	80
said	his	80
the	shop	80
off	his	80
the	psychological	80
of	german	80
is	perfect	80
were	forced	80
endowment	for	80
on	national	80
with	china	80
every	student	80
fulfillment	of	80
that	i'm	80
for	women	80
teachings	of	80
collect	the	80
officials	have	80
we	got	80
and	compassion	80
began	as	80
this	case	80
discussions	on	80
stop	at	80
declaration	of	80
environmental	health	80
gathered	in	80
and	spread	80
anyone	can	80
its	annual	80
occurring	in	80
embark	on	80
know	we	80
law	of	80
will	save	80
the	cycle	80
provided	that	80
that	you're	80
her	body	80
difficult	time	80
seemed	like	80
problems	for	80
could	provide	80
workshop	on	80
to	main	80
legal	system	80
feed	the	80
beginning	in	80
the	task	80
that	serves	80
security	in	80
grown	up	80
specified	by	80
for	money	80
human	race	80
the	vietnam	80
and	dynamic	80
are	facing	80
to	thrive	80
by	helping	80
they	said	80
have	fallen	80
the	big	80
was	talking	80
becoming	an	80
continue	with	80
on	using	80
our	partners	80
higher	levels	80
film	is	80
all	along	80
us	your	80
is	yet	80
assessing	the	80
center	is	80
houses	and	80
like	them	80
you	write	80
it	hard	80
boards	of	80
perhaps	even	80
past	several	80
the	game	80
being	developed	80
housing	and	80
give	her	80
and	western	80
we	share	80
advice	from	80
tested	in	80
dogs	and	80
in	beijing	80
hair	and	80
today	that	80
not	that	80
my	wife	80
be	protected	80
would	lead	80
of	marine	80
but	very	80
the	politics	80
and	loss	80
your	voice	80
in	maryland	80
to	optimize	80
how	best	80
inconsistent	with	80
and	asia	80
it	offers	80
figured	out	80
the	threshold	80
effort	by	80
pressure	of	80
million	americans	80
evidence	from	80
on	current	80
his	position	80
different	things	80
her	sister	80
tea	party	80
jews	and	80
our	system	80
same	name	80
to	uphold	80
elements	that	80
to	concentrate	80
not	knowing	80
accomplish	this	80
then	have	80
farm	in	80
prepare	to	80
nationally	and	80
yale	university	80
public	awareness	80
physics	and	80
and	operated	80
that	country	80
not	part	80
enrolled	at	80
earn	the	80
and	paid	80
extending	the	80
on	september	80
at	local	80
her	death	80
in	dealing	80
alliance	for	80
show	their	80
can	just	80
where	our	80
obama	is	80
and	diverse	80
acting	as	80
the	limitations	79
my	fellow	79
also	get	79
nature	is	79
will	teach	79
findings	in	79
of	agricultural	79
justice	for	79
this	past	79
is	rather	79
been	trying	79
the	crown	79
country	are	79
the	merits	79
annual	conference	79
facts	of	79
for	action	79
in	biology	79
crossed	the	79
have	both	79
and	organized	79
designated	by	79
and	facilitate	79
the	battle	79
by	three	79
your	class	79
is	missing	79
journals	and	79
is	assigned	79
town	and	79
changed	in	79
lesson	plans	79
can	try	79
the	hell	79
also	works	79
were	called	79
and	accurate	79
students	interested	79
some	areas	79
you	just	79
an	abstract	79
life	in	79
impact	in	79
way	too	79
and	delivery	79
the	wheel	79
to	preach	79
each	state	79
complete	their	79
in	those	79
invasive	species	79
be	making	79
establishing	the	79
the	imagination	79
causes	and	79
patient	safety	79
the	heart	79
by	either	79
by	someone	79
helps	them	79
raises	the	79
complete	this	79
was	announced	79
the	best	79
help	out	79
you	please	79
please	make	79
in	lieu	79
in	doing	79
chance	that	79
in	baltimore	79
each	group	79
in	iran	79
community	development	79
explored	the	79
what	could	79
stage	in	79
the	fair	79
applications	will	79
to	reserve	79
genes	that	79
each	case	79
in	short	79
feel	it	79
most	comprehensive	79
time	ago	79
even	greater	79
or	above	79
download	and	79
environment	where	79
they	put	79
these	findings	79
found	myself	79
funding	is	79
waste	and	79
need	them	79
the	northeast	79
and	challenging	79
our	last	79
european	commission	79
that	promotes	79
and	traditional	79
of	brain	79
explained	by	79
and	reducing	79
owing	to	79
owners	and	79
is	discussed	79
the	simplest	79
where	one	79
has	evolved	79
an	exceptional	79
believes	the	79
occurs	when	79
myself	in	79
been	received	79
counseling	and	79
active	role	79
of	waste	79
qualified	to	79
efforts	have	79
in	isolation	79
the	method	79
santa	clara	79
other	materials	79
interaction	of	79
an	instrument	79
the	mid	79
he	who	79
will	contribute	79
of	joy	79
and	productive	79
decade	ago	79
be	coming	79
spending	on	79
signed	into	79
and	soul	79
no	problem	79
an	unprecedented	79
support	them	79
he	began	79
whom	you	79
married	and	79
francisco	bay	79
make	things	79
on	monday	79
who	share	79
taxes	on	79
of	abuse	79
have	enjoyed	79
fast	as	79
time	between	79
your	gift	79
of	one's	79
me	because	79
disabilities	and	79
would	call	79
change	as	79
results	suggest	79
closest	to	79
to	switch	79
education	center	79
battle	of	79
veterans	affairs	79
exchange	rate	79
the	gym	79
course	on	79
fruit	and	79
the	discussion	79
key	issues	79
plus	the	79
room	is	79
the	altar	79
implemented	by	79
the	assignment	79
lives	with	79
were	trying	79
have	identified	79
various	types	79
of	coverage	79
legislation	and	79
that	runs	79
cover	of	79
longer	have	79
assumes	that	79
with	real	79
those	interested	79
silicon	valley	79
or	local	79
new	things	79
program	or	79
programming	and	79
west	africa	79
information	may	79
in	math	79
charter	school	79
i've	seen	79
large	amount	79
our	culture	79
by	reading	79
was	extremely	79
of	moral	79
also	receive	79
around	with	79
topics	that	79
to	lie	79
little	as	79
health	system	79
been	asked	79
the	suffering	79
the	foundations	79
at	austin	79
to	normal	79
the	cdc	79
presentations	and	79
that	began	79
joy	and	79
approaches	and	79
for	workers	79
marked	with	79
annual	event	79
world	will	79
one	example	79
the	premier	79
saw	it	79
mutations	in	79
since	this	79
works	at	79
file	in	78
is	merely	78
also	discussed	78
new	version	78
he	can	78
although	he	78
aboard	the	78
is	leading	78
not	live	78
beginning	at	78
an	urban	78
international	relations	78
schools	have	78
would	just	78
public	hearing	78
by	allowing	78
african	countries	78
climate	and	78
attention	is	78
honor	to	78
institution	of	78
this	statement	78
our	home	78
to	retire	78
is	stored	78
the	nest	78
the	audio	78
the	nations	78
the	proportion	78
of	travel	78
they	wish	78
months	or	78
seen	on	78
professor	at	78
been	set	78
documentation	of	78
an	approved	78
got	out	78
comprehensive	and	78
link	in	78
for	dinner	78
open	source	78
co-founder	of	78
place	as	78
and	psychological	78
and	thank	78
girls	in	78
attitude	of	78
are	meant	78
the	future	78
on	august	78
into	something	78
action	for	78
so	he	78
the	dust	78
not	likely	78
and	adult	78
residence	hall	78
is	kept	78
strategy	is	78
sent	me	78
step	towards	78
the	raw	78
than	all	78
international	trade	78
obama	has	78
bound	by	78
built	into	78
come	as	78
community	organizations	78
my	office	78
might	need	78
their	role	78
magnetic	field	78
people	get	78
out	here	78
were	arrested	78
front	and	78
concentration	in	78
industry	has	78
my	view	78
to	insure	78
cut	down	78
has	lived	78
please	feel	78
conducted	at	78
interacts	with	78
has	expanded	78
the	nine	78
is	equally	78
other	person	78
will	encourage	78
of	character	78
that	involves	78
if	anyone	78
and	answers	78
recommended	to	78
the	senate	78
coalition	of	78
or	five	78
this	life	78
grounds	of	78
internal	and	78
students	through	78
the	plot	78
to	press	78
the	estimated	78
of	prayer	78
been	provided	78
symphony	orchestra	78
must	go	78
and	passed	78
no	other	78
role	model	78
arise	from	78
file	with	78
this	material	78
decrease	the	78
the	throne	78
not	speak	78
one	knows	78
called	it	78
distance	between	78
posted	to	78
peace	of	78
positions	of	78
once	it	78
every	child	78
anxious	to	78
and	objectives	78
they	seem	78
only	through	78
arms	and	78
land	trust	78
water	or	78
are	constantly	78
principles	of	78
of	depression	78
to	hang	78
into	practice	78
ask	your	78
more	sustainable	78
year	when	78
was	soon	78
streets	and	78
the	scriptures	78
this	plan	78
at	fort	78
light	in	78
passing	of	78
of	selected	78
tell	him	78
their	daily	78
procedure	for	78
have	limited	78
local	school	78
mobile	phone	78
unique	in	78
applying	the	78
the	minds	78
discover	that	78
other	institutions	78
figuring	out	78
will	attend	78
more	attention	78
see	his	78
previous	years	78
schedule	an	78
software	development	78
officials	are	78
for	less	78
large	enough	78
movement	is	78
services	from	78
the	seminar	78
good	deal	78
to	easily	78
of	papers	78
aid	of	78
scientists	to	78
under	control	78
years	earlier	78
right	to	78
return	home	78
combinations	of	78
receives	the	78
was	removed	78
the	excitement	78
are	useful	78
word	is	78
be	spent	78
massachusetts	institute	78
takes	on	78
at	berkeley	78
the	constant	78
you	remember	78
technical	support	78
event	on	78
the	fuel	78
interest	on	78
impression	of	78
with	something	78
also	know	78
of	agriculture	78
puget	sound	78
techniques	of	78
the	speakers	78
child	care	78
the	asian	78
is	real	78
researchers	at	78
experience	working	78
mathematics	and	78
the	tone	78
the	expertise	78
are	pretty	78
have	resulted	78
lifetime	of	78
experts	and	78
while	she	78
friends	with	78
been	sent	78
to	ten	78
call	them	78
time	during	78
the	mix	78
emerged	as	78
pay	their	78
so	happy	78
themselves	from	78
mitt	romney	78
public	transportation	78
issues	facing	78
the	origins	77
happen	if	77
story	on	77
papers	on	77
body	was	77
ba	in	77
licensed	under	77
red	hat	77
solve	problems	77
of	female	77
by	contrast	77
before	she	77
their	natural	77
laid	down	77
up	its	77
or	permission	77
the	certificate	77
all	parties	77
is	increasing	77
the	romans	77
gives	me	77
the	league	77
of	france	77
and	functions	77
power	of	77
the	priest	77
visit	our	77
career	with	77
are	saying	77
not	become	77
south	florida	77
fee	to	77
funding	will	77
reviewing	the	77
and	operational	77
great	work	77
of	french	77
all	others	77
for	updates	77
lectures	and	77
to	alter	77
to	becoming	77
of	finance	77
tells	you	77
and	playing	77
effects	are	77
and	spirit	77
on	december	77
action	plan	77
the	intervention	77
life	expectancy	77
and	cities	77
concern	to	77
people	out	77
for	anything	77
given	time	77
requested	by	77
all	across	77
on	thursday	77
activity	that	77
general	population	77
five	times	77
at	approximately	77
accommodate	the	77
academic	programs	77
vehicle	for	77
the	coalition	77
in	depth	77
were	brought	77
would	recommend	77
of	peace	77
understood	as	77
learn	what	77
by	nature	77
the	treaty	77
child	will	77
encourage	them	77
good	standing	77
born	with	77
are	growing	77
decisions	on	77
lieu	of	77
purchased	the	77
he	thinks	77
at	some	77
their	choice	77
certified	by	77
get	any	77
that	focuses	77
sustainable	development	77
is	carried	77
him	about	77
scope	and	77
are	truly	77
sufficient	for	77
that	followed	77
components	and	77
on	tv	77
which	leads	77
the	winners	77
core	values	77
units	in	77
each	side	77
result	was	77
and	outcomes	77
are	frequently	77
asked	them	77
explains	why	77
am	proud	77
before	any	77
as	another	77
in	table	77
are	produced	77
to	beat	77
session	is	77
my	new	77
set	on	77
testament	to	77
five	or	77
the	theater	77
member	at	77
every	person	77
more	general	77
up	again	77
medical	treatment	77
and	fill	77
term	is	77
informed	about	77
are	commenting	77
the	measure	77
amendments	to	77
expressions	of	77
with	full	77
are	certain	77
exact	same	77
led	him	77
please	let	77
have	set	77
several	ways	77
incorporated	in	77
displays	the	77
by	reducing	77
and	coordination	77
would	continue	77
professionals	to	77
the	tide	77
of	los	77
and	updates	77
efforts	on	77
equipped	to	77
this	bill	77
than	its	77
teams	to	77
the	peak	77
named	for	77
took	on	77
study	at	77
against	women	77
this	issue	77
justify	the	77
is	significant	77
during	my	77
first	phase	77
the	success	77
day	he	77
and	wellness	77
decades	ago	77
for	ever	77
unless	otherwise	77
their	relationship	77
issues	as	77
researchers	have	77
page	for	77
in	chinese	77
job	at	77
the	connections	77
as	individuals	77
foot	of	77
administration	has	77
so	very	77
will	certainly	77
and	entertainment	77
out	over	77
selection	process	77
dialogue	and	77
chemical	and	77
be	chosen	77
protection	for	77
various	aspects	77
reminded	of	77
consumers	and	77
considered	an	77
the	estate	77
application	for	77
children	at	77
health	effects	77
because	we	77
get	together	77
bring	you	77
of	east	77
can't	do	77
be	requested	77
the	delay	77
and	saturday	77
on	individual	77
unit	is	77
terms	of	77
enrolling	in	77
the	sick	77
children	as	77
collect	and	77
and	networking	77
organization	has	77
decision	in	77
us	if	77
the	copyright	77
bring	up	77
the	relation	77
you	buy	77
emphasis	is	77
you've	got	77
and	carry	77
an	experiment	77
have	played	77
privilege	to	77
gone	on	77
blood	flow	77
must	follow	77
alone	is	77
into	what	77
to	assign	77
bill	of	77
and	russia	77
both	an	77
with	young	77
viewing	the	77
the	score	77
them	down	77
on	education	77
the	winning	77
of	visual	77
only	has	76
columbia	river	76
measures	are	76
and	confidence	76
coming	months	76
the	area	76
stories	from	76
you'll	find	76
depth	and	76
goes	back	76
waste	of	76
impact	of	76
title	to	76
that	happened	76
be	controlled	76
consider	that	76
advice	for	76
the	mediterranean	76
constitute	the	76
chinese	government	76
on	capitol	76
anything	in	76
so	how	76
of	indian	76
enforce	the	76
withdraw	from	76
away	at	76
examples	from	76
double	the	76
town	hall	76
it	all	76
navigate	the	76
we	received	76
reform	and	76
mexico	city	76
faculty	and	76
tax	rate	76
factor	for	76
of	relevant	76
be	taking	76
thought	you	76
some	students	76
bed	and	76
leaders	have	76
resource	to	76
an	expression	76
provide	services	76
growth	is	76
and	ecological	76
the	factory	76
dialogue	with	76
not	consider	76
of	payment	76
of	wealth	76
the	passing	76
of	citizens	76
the	coast	76
goals	in	76
trust	fund	76
come	home	76
statement	of	76
of	wisdom	76
the	outcomes	76
directs	the	76
our	mission	76
government	should	76
and	chief	76
returns	the	76
and	efficiency	76
please	use	76
officials	said	76
electrical	engineering	76
you're	going	76
representations	of	76
pages	are	76
now	open	76
another	one	76
been	introduced	76
their	hearts	76
service	at	76
the	southwest	76
lunch	and	76
also	required	76
most	valuable	76
and	appreciation	76
like	us	76
then	went	76
and	spend	76
to	alleviate	76
of	behavior	76
residence	halls	76
raise	funds	76
become	available	76
the	magnitude	76
active	member	76
how	often	76
process	has	76
its	role	76
undermine	the	76
of	russian	76
ideas	are	76
not	entirely	76
of	rights	76
award	from	76
their	potential	76
is	accomplished	76
form	that	76
game	is	76
after	we	76
in	physics	76
deadline	is	76
the	player	76
director	at	76
will	lose	76
directed	at	76
of	soil	76
relevance	to	76
been	successful	76
it	shows	76
american	red	76
throughout	his	76
facility	and	76
traditions	of	76
secondary	school	76
best	part	76
places	and	76
of	japan	76
the	money	76
this	law	76
in	dallas	76
down	as	76
the	parameters	76
experienced	in	76
among	other	76
is	broken	76
staying	in	76
of	mutual	76
the	nearby	76
new	haven	76
institutions	that	76
finance	and	76
these	men	76
person	can	76
come	true	76
workings	of	76
peace	in	76
central	and	76
they	call	76
have	great	76
is	fine	76
went	from	76
in	eastern	76
research	programs	76
the	community	76
this	system	76
provide	some	76
arts	center	76
be	wrong	76
other	than	76
see	me	76
informed	by	76
those	students	76
work	toward	76
farmers	to	76
attracted	to	76
the	patient's	76
thought	he	76
the	well-being	76
regulated	by	76
information	contained	76
to	existing	76
was	completely	76
the	recent	76
media	outlets	76
priority	for	76
by	developing	76
more	frequently	76
phone	and	76
system	would	76
stake	in	76
allows	them	76
after	she	76
numbers	in	76
of	saint	76
program	director	76
justification	for	76
as	large	76
was	simply	76
the	website	76
your	details	76
letters	from	76
have	produced	76
of	terrorism	76
and	fear	76
the	treasury	76
are	consistent	76
can	either	76
these	programs	76
their	interests	76
for	education	76
is	normally	76
also	took	76
are	plenty	76
and	promotion	76
day	care	76
is	obviously	76
to	propose	76
the	enormous	76
the	surgery	76
after	your	76
till	the	76
program	can	76
the	tournament	76
it	didn't	76
at	penn	76
the	pieces	76
adds	to	76
will	experience	76
wonder	how	76
new	system	76
exist	for	76
up	here	76
to	divide	76
competition	in	76
business	model	76
more	active	76
this	presentation	76
is	returned	76
is	active	76
wealth	and	76
justice	and	76
controlling	the	76
middle	and	76
has	earned	76
an	adjunct	76
also	helps	76
like	many	76
economics	and	76
full	article	76
of	mathematics	76
last	year's	76
and	attended	76
because	it	76
and	civic	76
had	nothing	76
donation	of	76
taken	away	76
has	any	76
were	left	76
an	accredited	76
to	compile	76
these	factors	76
trained	and	76
pointing	to	76
focus	on	76
party	in	76
the	respondent	76
and	housing	76
too	early	76
his	efforts	76
and	pain	76
grounded	in	76
parents	in	76
get	along	76
every	two	76
to	reform	76
short	period	76
final	decision	76
to	notify	76
including	one	76
schedule	and	76
although	there	76
of	gene	76
will	set	76
of	oklahoma	76
support	groups	76
string	of	76
is	characterized	76
on	international	76
the	four	76
the	programme	76
come	to	76
among	many	76
regulate	the	76
enough	time	76
is	connected	76
it's	time	76
food	production	76
are	strongly	76
the	mirror	76
nearly	every	76
seek	out	76
be	sufficient	76
in	missouri	76
the	reporting	76
coverage	and	75
the	usda	75
one	night	75
the	easiest	75
her	way	75
had	said	75
to	retrieve	75
describes	how	75
corporations	and	75
red	and	75
people	they	75
can	develop	75
such	information	75
was	less	75
did	have	75
for	science	75
first	person	75
my	sister	75
question	for	75
fields	are	75
appealed	to	75
taken	over	75
four	or	75
who	choose	75
threatened	by	75
was	shown	75
or	concerns	75
findings	are	75
possess	the	75
for	quite	75
bigger	than	75
and	dangerous	75
to	undermine	75
significant	impact	75
family	or	75
the	masonic	75
the	directory	75
your	hand	75
be	thought	75
been	appointed	75
tells	me	75
curriculum	is	75
recover	from	75
campaign	in	75
to	reverse	75
been	through	75
final	report	75
we	went	75
in	world	75
tale	of	75
have	trouble	75
that	human	75
health	policy	75
actions	in	75
ask	about	75
can	handle	75
any	event	75
day	by	75
interviews	and	75
explore	the	75
and	oral	75
fifteen	years	75
the	virtual	75
income	for	75
her	friends	75
college	is	75
manage	their	75
career	development	75
the	abuse	75
your	ability	75
and	reduced	75
eye	and	75
devotion	to	75
to	offset	75
and	medicaid	75
by	james	75
to	count	75
all	available	75
be	handled	75
bad	for	75
our	government	75
crimes	against	75
the	bible	75
implementation	and	75
beyond	their	75
so	good	75
grounds	for	75
the	men	75
and	central	75
ends	up	75
and	sunday	75
their	service	75
every	effort	75
done	before	75
armed	forces	75
life	is	75
the	presentation	75
headed	to	75
but	not	75
moral	and	75
the	analysis	75
it	never	75
are	developing	75
be	employed	75
and	audio	75
were	required	75
very	early	75
new	world	75
made	clear	75
he	still	75
ended	in	75
the	germans	75
also	noted	75
to	wonder	75
the	pace	75
are	conducted	75
domestic	violence	75
floor	and	75
amounted	to	75
he	held	75
something	different	75
are	bound	75
interpretations	of	75
is	happy	75
but	so	75
as	director	75
up	until	75
these	sites	75
yet	it	75
imposed	on	75
this	file	75
faster	and	75
pay	more	75
the	field	75
news	from	75
out	my	75
the	mount	75
those	whose	75
his	friend	75
have	told	75
businesses	that	75
practices	for	75
maps	and	75
moved	on	75
and	sign	75
that	enables	75
occurrence	of	75
management	is	75
goes	beyond	75
the	blind	75
equipment	for	75
of	ireland	75
the	incredible	75
task	is	75
length	and	75
my	blog	75
were	first	75
turned	off	75
which	helps	75
our	environment	75
office	or	75
of	letters	75
they	can't	75
say	what	75
scholarship	and	75
their	concerns	75
patient	with	75
community	at	75
people	could	75
decisions	in	75
addressed	by	75
middle	eastern	75
his	two	75
organize	the	75
is	basically	75
approval	by	75
rights	for	75
the	churches	75
of	creative	75
free	market	75
of	physics	75
online	for	75
get	off	75
be	appropriate	75
in	brooklyn	75
admitted	that	75
that	date	75
fifty	years	75
and	suffering	75
would	otherwise	75
schedule	for	75
the	price	75
the	determination	75
built	up	75
financial	resources	75
objects	of	75
the	hundreds	75
nature	center	75
almost	any	75
by	police	75
day	we	75
central	asia	75
no	prescription	75
many	opportunities	75
program	offers	75
and	professionals	75
retired	from	75
will	contact	75
see	where	75
chemistry	and	75
the	fourth	75
am	an	75
the	actual	75
loss	in	75
after	my	75
make	changes	75
speaks	to	75
inducted	into	75
more	resources	75
the	philosophy	75
dinner	and	75
birth	control	75
the	fundamentals	75
so	many	75
my	mother	75
vicinity	of	75
due	date	75
in	maine	75
different	levels	75
manages	the	75
built	to	75
assault	on	75
make	her	75
compete	for	75
your	future	75
or	go	75
identifiable	information	75
be	named	75
be	best	75
office	hours	75
the	video	75
to	accelerate	75
he	made	75
compensate	for	75
an	amount	75
distinguish	between	75
in	achieving	75
monetary	policy	75
the	patient	75
of	sleep	75
the	motor	75
for	medicare	75
might	find	75
group	at	75
subject	is	75
the	capability	75
she	became	75
recognizes	that	75
of	discrimination	75
get	better	75
check	in	75
pay	off	75
the	gun	75
while	providing	75
department	has	75
an	obvious	75
of	protein	75
many	questions	75
and	affordable	75
technologies	that	75
no	sense	75
would	include	75
strive	for	75
tax	credits	75
in	death	75
this	job	75
fossil	fuel	75
and	felt	75
in	nursing	74
immigration	reform	74
long	beach	74
audio	and	74
in	detroit	74
would	result	74
asked	her	74
have	turned	74
in	thailand	74
out	when	74
for	now	74
of	engineers	74
they	gave	74
this	conference	74
member	who	74
seen	it	74
the	breast	74
for	supporting	74
early	morning	74
of	regional	74
returned	home	74
and	demonstrate	74
page	you	74
if	anything	74
suited	for	74
may	contain	74
goal	in	74
he	sees	74
and	consequently	74
in	agriculture	74
may	get	74
present	time	74
friendly	and	74
the	importance	74
and	technological	74
money	that	74
of	losing	74
update	your	74
procedures	to	74
than	six	74
of	politics	74
unless	we	74
moves	to	74
head	start	74
keep	an	74
opinions	and	74
not	given	74
came	with	74
tool	in	74
the	photos	74
relevant	information	74
to	restrict	74
course	by	74
what	they	74
or	community	74
be	glad	74
to	characterize	74
after	graduating	74
educational	institutions	74
the	consent	74
equal	opportunity	74
we	call	74
turn	on	74
weeks	later	74
of	competition	74
of	chronic	74
believes	in	74
is	specified	74
blog	posts	74
assisted	in	74
populations	of	74
page	was	74
gave	her	74
head	coach	74
job	with	74
we	talk	74
and	appreciate	74
amino	acids	74
lake	city	74
no	comments	74
factors	and	74
as	simple	74
challenge	in	74
if	anyone	74
service	as	74
that	looks	74
the	operator	74
be	construed	74
the	mayor	74
most	appropriate	74
requirements	that	74
is	dead	74
lord	and	74
are	awarded	74
which	requires	74
the	intelligence	74
was	needed	74
is	taught	74
the	block	74
conscious	of	74
ago	by	74
will	complete	74
collaborated	with	74
decision	that	74
buried	in	74
to	stick	74
has	called	74
promotes	the	74
process	as	74
later	years	74
the	hole	74
which	time	74
book	about	74
to	commemorate	74
of	water	74
role	of	74
to	exploit	74
for	justice	74
summer	camp	74
to	supplement	74
armed	with	74
in	establishing	74
are	closed	74
man	has	74
god	who	74
appointment	with	74
developed	countries	74
achievement	award	74
sunday	morning	74
destroyed	by	74
these	tools	74
of	adults	74
hope	it	74
their	views	74
the	presidential	74
dissemination	of	74
cell	cycle	74
ii	and	74
instructions	to	74
the	humanities	74
lives	on	74
biography	of	74
setting	of	74
have	suffered	74
el	salvador	74
new	people	74
of	previous	74
ruled	that	74
participation	and	74
the	internal	74
corners	of	74
that's	what	74
and	symptoms	74
are	worth	74
is	referred	74
unlike	the	74
years	has	74
the	secondary	74
these	systems	74
are	exposed	74
really	do	74
strengthening	the	74
currently	have	74
be	among	74
were	available	74
even	further	74
teams	in	74
for	hours	74
the	bermuda	74
initiatives	that	74
today	as	74
monitor	and	74
the	frame	74
county	and	74
click	an	74
people	know	74
department	in	74
the	realization	74
this	post	74
the	bay	74
the	company	74
can	meet	74
the	concert	74
be	adopted	74
hoping	that	74
advanced	to	74
of	importance	74
that	allowed	74
general	information	74
would	appear	74
rules	to	74
of	independent	74
during	these	74
inspiration	for	74
reputation	for	74
lives	are	74
research	on	74
diverse	and	74
in	economics	74
begin	on	74
offered	through	74
it	away	74
the	double	74
why	should	74
developing	an	74
took	it	74
in	german	74
of	heat	74
two	sons	74
social	workers	74
energy	consumption	74
florida	and	74
to	rescue	74
are	completely	74
for	analysis	74
honor	and	74
around	her	74
an	inspiration	74
open	house	74
were	really	74
requested	that	74
patients	were	74
read	about	74
put	forward	74
be	judged	74
and	cover	74
folks	who	74
how	things	74
learning	is	74
media	coverage	74
and	none	74
in	social	74
is	granted	74
agency	that	74
the	concrete	74
to	seven	74
are	therefore	74
day	is	74
of	native	74
what	works	74
primarily	to	74
and	we're	74
what	you're	74
medical	association	74
applicants	must	74
when	asked	74
possibly	be	74
building	blocks	74
israel	to	74
enters	the	74
this	manner	74
an	unknown	74
learn	more	74
deep	and	74
such	an	74
has	moved	74
this	way	74
research	paper	74
and	we'll	74
and	ethnic	74
have	discovered	74
more	work	74
coming	into	74
product	or	74
for	inclusion	74
the	local	74
support	staff	74
special	attention	74
situations	where	74
the	dinner	74
per	second	74
taking	advantage	74
great	success	74
debate	about	74
the	clean	74
stay	tuned	74
walls	and	74
is	projected	74
donations	to	74
by	day	74
have	earned	74
were	set	74
his	own	74
change	it	74
are	employed	74
union	and	74
the	ratio	74
woman	and	74
in	spain	74
it	sounds	74
is	devoted	74
values	that	74
to	intervene	74
genetic	engineering	74
and	awareness	74
back	as	74
understood	the	74
time	off	74
by	congress	74
base	and	74
have	agreed	74
conducive	to	74
show	us	74
annually	to	74
field	for	74
allowed	me	74
virginia	and	74
making	your	74
is	reduced	74
forms	are	74
photos	from	74
social	media	74
tours	of	74
and	wisdom	74
units	and	74
the	earth's	74
these	stories	74
of	japanese	73
on	improving	73
voted	on	73
this	entry	73
agenda	for	73
offices	and	73
north	to	73
christian	faith	73
and	compare	73
served	with	73
their	customers	73
of	wine	73
attendance	at	73
than	men	73
career	services	73
similar	to	73
before	we	73
the	test	73
organization	with	73
lost	his	73
churches	in	73
attention	from	73
over	them	73
various	ways	73
are	they	73
i'd	be	73
vote	to	73
help	us	73
right	or	73
the	doctors	73
the	guys	73
not	responsible	73
be	solved	73
the	songs	73
call	us	73
has	turned	73
and	mathematics	73
woman	is	73
security	issues	73
local	residents	73
will	prepare	73
reduced	by	73
reminds	me	73
hole	in	73
acknowledged	that	73
they	began	73
people	into	73
key	is	73
in	cities	73
injury	to	73
present	on	73
lose	the	73
extend	to	73
and	earned	73
the	legacy	73
their	clients	73
you	care	73
contract	for	73
the	disabled	73
beat	the	73
its	citizens	73
but	some	73
and	wrote	73
and	manufacturing	73
we'll	be	73
like	he	73
this	award	73
role	models	73
daughter	and	73
youth	to	73
he	believed	73
you	haven't	73
am	still	73
of	applied	73
can	run	73
in	addressing	73
given	at	73
of	fuel	73
is	higher	73
work	towards	73
and	timely	73
television	and	73
the	media	73
my	kids	73
of	mobile	73
unity	of	73
across	from	73
house	in	73
not	follow	73
the	nursing	73
be	either	73
or	register	73
it	seemed	73
alzheimer's	disease	73
people	may	73
of	radiation	73
proposed	rule	73
focal	point	73
on	october	73
and	produced	73
inspiration	to	73
presbyterian	church	73
assistance	is	73
legislation	in	73
the	seeds	73
during	that	73
the	person	73
users	in	73
the	interim	73
the	license	73
tuned	for	73
not	help	73
offer	you	73
is	sure	73
this	talk	73
families	have	73
before	joining	73
them	off	73
if	someone	73
war	and	73
natural	history	73
occurred	to	73
were	added	73
letter	to	73
country	where	73
help	those	73
that	actually	73
doesn't	work	73
text	for	73
will	conduct	73
buildings	in	73
major	role	73
land	for	73
data	can	73
exciting	and	73
behind	it	73
managers	and	73
the	oklahoma	73
request	is	73
made	them	73
engagement	with	73
four	children	73
of	regents	73
defines	the	73
expensive	and	73
can	turn	73
her	face	73
testimony	of	73
is	bound	73
in	existence	73
reached	at	73
graphic	design	73
anything	like	73
students	need	73
that	exist	73
the	edges	73
gifts	and	73
federal	government	73
is	hosting	73
decisions	are	73
whose	work	73
leader	and	73
the	recognition	73
and	mobile	73
for	giving	73
and	distributed	73
it	requires	73
been	raised	73
i've	never	73
will	definitely	73
meet	all	73
the	missing	73
encounter	with	73
are	struggling	73
fell	into	73
the	district	73
almost	entirely	73
freely	available	73
the	author's	73
media	is	73
others	can	73
its	value	73
our	planet	73
strategy	of	73
the	efficacy	73
base	for	73
were	built	73
were	working	73
measures	that	73
of	graduate	73
it	happened	73
in	parallel	73
may	appear	73
but	no	73
is	born	73
new	students	73
each	student	73
woke	up	73
first	book	73
to	address	73
is	fairly	73
their	professional	73
been	going	73
and	won	73
which	gives	73
each	member	73
information	please	73
address	never	73
what	people	73
these	materials	73
characters	and	73
we	expect	73
working	out	73
activities	on	73
the	founders	73
and	supportive	73
web	browser	73
papers	in	73
in	motion	73
person	for	73
goes	out	73
directly	in	73
acrobat	reader	73
condition	is	73
foundations	of	73
opens	the	73
door	and	73
for	commercial	73
of	latin	73
of	instruction	73
saw	him	73
and	functional	73
goal	for	73
public	officials	73
pain	in	73
it	without	73
and	recognition	73
demand	and	73
take	effect	73
and	fellow	73
commenting	using	73
our	neighbors	73
to	broaden	73
functioning	of	73
helped	us	73
also	learn	73
this	month	73
of	medical	73
very	least	73
communicating	with	73
be	examined	73
also	shows	73
change	on	73
week	with	73
this	feature	73
be	appointed	73
your	financial	73
facilitated	by	73
city	or	73
an	executive	73
membership	and	73
what's	going	73
career	path	73
highlight	of	73
linked	from	73
emphasized	the	73
hang	out	73
is	that	73
nation	in	73
reinforce	the	73
are	missing	73
he	makes	73
them	so	73
crowd	of	73
with	severe	72
the	indiana	72
conversion	of	72
research	studies	72
were	part	72
is	proposed	72
the	killing	72
and	interactive	72
the	mit	72
appear	as	72
adopted	in	72
also	serve	72
the	painting	72
if	people	72
possible	through	72
at	any	72
of	subjects	72
advance	to	72
explained	to	72
opening	up	72
the	theoretical	72
being	considered	72
struggled	to	72
the	global	72
finish	the	72
term	in	72
and	played	72
ethnic	groups	72
and	ends	72
without	it	72
retain	the	72
visit	with	72
than	his	72
of	pregnancy	72
college	student	72
and	partners	72
dance	and	72
no	more	72
beyond	what	72
consider	this	72
judgment	of	72
are	things	72
on	television	72
to	lack	72
have	successfully	72
its	efforts	72
who	wrote	72
keys	to	72
we	thank	72
the	league	72
superior	to	72
materials	from	72
internet	access	72
feel	about	72
property	rights	72
before	your	72
it	contains	72
this	line	72
since	you	72
all	you	72
around	this	72
holds	an	72
the	waiting	72
philosophy	of	72
in	eastern	72
our	two	72
residing	in	72
recipients	of	72
with	emphasis	72
map	and	72
we	celebrate	72
the	assembly	72
and	culture	72
be	impossible	72
the	logic	72
most	advanced	72
acted	as	72
all	right	72
surprising	that	72
over	my	72
the	url	72
as	noted	72
of	survival	72
loans	and	72
will	apply	72
and	educators	72
the	kernel	72
we	appreciate	72
have	signed	72
with	numerous	72
and	limitations	72
they	all	72
participants	are	72
from	three	72
my	soul	72
can	achieve	72
of	internal	72
running	in	72
familiar	to	72
palm	beach	72
answer	your	72
they	like	72
of	normal	72
looks	to	72
cost	savings	72
he	wants	72
have	continued	72
infected	with	72
is	welcome	72
the	occasional	72
food	system	72
feasibility	of	72
has	performed	72
relationship	is	72
parallel	to	72
at	several	72
manager	for	72
am	pleased	72
of	all	72
skills	for	72
clients	to	72
as	evidence	72
our	web	72
protection	from	72
immediately	to	72
provides	that	72
are	engaged	72
americans	who	72
the	battery	72
of	ethics	72
founders	of	72
an	agent	72
sits	on	72
writers	and	72
engineering	at	72
deployment	of	72
growth	rate	72
assure	that	72
other	events	72
it	gives	72
understanding	how	72
payable	to	72
and	comfort	72
the	colors	72
like	our	72
chooses	to	72
bad	news	72
the	master	72
doesn't	matter	72
psychology	and	72
sessions	and	72
first	class	72
complexities	of	72
to	quantify	72
showing	how	72
of	popular	72
been	described	72
your	inbox	72
announcement	of	72
requirement	that	72
masters	in	72
the	lecture	72
to	obey	72
the	category	72
require	an	72
the	bottom	72
are	relatively	72
be	utilized	72
and	residents	72
financial	statements	72
the	perception	72
directors	of	72
stands	in	72
colleagues	at	72
dreams	of	72
law	center	72
may	see	72
pledge	to	72
sick	and	72
these	individuals	72
the	elections	72
the	impact	72
him	up	72
we	present	72
the	emphasis	72
technical	college	72
right	at	72
loves	to	72
year	before	72
code	that	72
see	my	72
tax	revenue	72
the	driving	72
be	connected	72
then	use	72
other	major	72
not	offer	72
reached	out	72
duties	and	72
are	never	72
members	at	72
of	conservation	72
of	humans	72
and	ongoing	72
from	among	72
of	diabetes	72
radio	stations	72
allocated	to	72
is	disabled	72
compassion	and	72
emergency	response	72
was	decided	72
he	explained	72
throughout	their	72
was	sitting	72
explain	what	72
with	human	72
can	join	72
make	all	72
federal	funds	72
he	shall	72
and	you'll	72
opportunities	are	72
flexibility	in	72
the	developer	72
leadership	development	72
hiv	and	72
on	wednesday	72
behavioral	health	72
to	guarantee	72
not	sure	72
he	holds	72
can	sometimes	72
is	hardly	72
coordinator	of	72
private	practice	72
we	wanted	72
stores	and	72
deaths	of	72
gift	from	72
of	marketing	72
son	and	72
graduate	study	72
analysis	and	72
month	at	72
editor	for	72
weapons	and	72
any	real	72
we've	been	72
results	of	72
executive	officer	72
after	another	72
workshop	on	72
oversees	the	72
eliminating	the	72
done	this	72
financial	system	72
names	in	72
depend	upon	72
culmination	of	72
that	caused	72
an	improvement	72
to	oversee	72
child	has	72
is	accepted	72
he	needs	72
is	playing	72
course	at	72
walk	to	72
in	another	72
record	is	72
an	additional	72
objects	that	72
live	up	72
an	amendment	72
and	emerging	72
job	market	72
notes	and	72
it	always	72
have	less	72
are	familiar	72
than	our	72
accessible	and	72
have	similar	72
last	name	72
and	storage	72
poor	people	72
agreement	that	72
puts	it	72
will	let	71
class	on	71
idea	was	71
latest	in	71
and	press	71
gpa	of	71
important	step	71
teacher	in	71
plants	that	71
behind	this	71
the	exclusive	71
and	preparing	71
be	deemed	71
season	is	71
their	program	71
is	illegal	71
measuring	the	71
so	easy	71
the	water	71
had	worked	71
been	living	71
the	nonprofit	71
certified	in	71
word	about	71
god	had	71
the	high	71
this	guide	71
this	thing	71
and	replace	71
for	schools	71
the	medicare	71
and	artists	71
history	as	71
or	is	71
of	gm	71
complete	the	71
the	prize	71
new	building	71
in	action	71
many	women	71
talent	and	71
using	this	71
can	remember	71
their	power	71
are	active	71
is	brought	71
begin	by	71
and	institutional	71
prescription	drug	71
ended	with	71
utilization	of	71
she	told	71
the	stomach	71
before	or	71
of	hawaii	71
the	choices	71
by	sending	71
only	had	71
is	relevant	71
elect	to	71
they	then	71
my	favorite	71
significant	amount	71
along	the	71
for	ten	71
tax	rates	71
the	goods	71
the	chest	71
family	life	71
to	testify	71
of	modern	71
the	good	71
who	went	71
absolutely	no	71
community	groups	71
chapel	hill	71
whatever	the	71
no	significant	71
enough	money	71
device	is	71
goes	through	71
pursue	the	71
scientific	evidence	71
under	consideration	71
interpret	the	71
little	rock	71
of	older	71
enforcement	and	71
of	healthy	71
not	interested	71
get	all	71
go	directly	71
graduate	degree	71
one	may	71
not	fit	71
with	lots	71
to	relate	71
turn	off	71
the	separation	71
response	was	71
cum	laude	71
groups	were	71
cervical	cancer	71
was	inspired	71
urge	you	71
annual	report	71
effective	for	71
get	me	71
analyzing	the	71
session	with	71
i've	got	71
for	community	71
just	because	71
can	participate	71
brings	the	71
any	problems	71
and	passion	71
burden	on	71
to	inquire	71
law	was	71
of	consumer	71
young	girl	71
started	as	71
association	is	71
by	robert	71
manager	of	71
documents	that	71
your	donation	71
am	trying	71
figure	of	71
type	is	71
recognizing	the	71
might	think	71
networking	and	71
and	subsequently	71
productivity	and	71
what	these	71
will	seek	71
the	school's	71
in	alaska	71
convention	center	71
elements	are	71
common	ground	71
the	amendment	71
the	image	71
check	back	71
been	looking	71
and	decide	71
looking	at	71
week	before	71
for	keeping	71
help	support	71
not	permitted	71
that	brought	71
david	and	71
would	find	71
of	advanced	71
inherited	from	71
structure	that	71
health	information	71
and	exercise	71
patient	is	71
little	time	71
the	provider	71
issuance	of	71
the	permit	71
injury	and	71
process	can	71
your	message	71
and	identity	71
to	lend	71
water	resources	71
understood	by	71
draw	the	71
soldiers	and	71
be	easier	71
roles	and	71
biology	and	71
the	incidence	71
initiatives	and	71
and	happy	71
series	is	71
of	seeing	71
university	in	71
cancer	institute	71
will	build	71
simple	as	71
my	husband	71
video	is	71
cancer	research	71
notes	on	71
you'll	need	71
better	serve	71
for	employment	71
doses	of	71
will	describe	71
our	business	71
ago	that	71
from	california	71
rights	violations	71
and	processing	71
much	attention	71
taking	part	71
estimate	that	71
will	stop	71
river	in	71
inhabitants	of	71
indicates	the	71
is	planned	71
treatment	with	71
associate	dean	71
life	and	71
florida	state	71
in	berlin	71
we	speak	71
for	writing	71
it's	just	71
builds	on	71
better	job	71
consumption	and	71
must	always	71
in	trouble	71
resources	from	71
that	happen	71
akin	to	71
founded	on	71
roots	in	71
delay	in	71
them	when	71
comfort	and	71
bit	about	71
been	released	71
in	medicine	71
and	organic	71
would	receive	71
the	lesson	71
plight	of	71
award	of	71
locate	the	71
shows	up	71
gap	in	71
rooms	and	71
form	or	71
in	late	71
very	specific	71
nation	to	71
objects	and	71
was	often	71
an	intimate	71
was	assigned	71
life	has	71
the	associate	71
gifts	of	71
other	cases	71
receive	this	71
federal	funding	71
exhibition	of	71
cut	and	71
an	alternate	71
by	putting	71
tax	dollars	71
is	equivalent	71
your	visit	71
fees	are	71
virginia	tech	71
joins	the	71
region	in	71
reputation	as	71
it's	an	71
will	read	71
the	medium	71
which	took	71
the	budget	71
our	great	71
by	default	71
not	expect	71
the	cross	71
graduate	student	71
coming	year	71
originally	published	71
are	developed	71
the	disciples	71
the	cast	71
oregon	state	71
being	asked	71
feel	comfortable	71
to	emerge	71
be	checked	71
have	built	71
declared	that	71
clarify	the	70
the	claimant	70
called	by	70
from	north	70
poverty	in	70
functions	as	70
and	retain	70
last	five	70
the	sea	70
days	from	70
before	her	70
is	mainly	70
was	possible	70
search	results	70
born	to	70
and	deep	70
with	an	70
the	nobel	70
health	plan	70
social	studies	70
getting	ready	70
in	environmental	70
these	goals	70
he	learned	70
the	judges	70
of	healthcare	70
at	low	70
harm	to	70
what	type	70
over	half	70
to	master	70
for	fear	70
bill	was	70
outlines	the	70
class	for	70
the	aca	70
holes	in	70
and	latin	70
to	govern	70
sectors	of	70
persons	in	70
photographs	and	70
outside	of	70
touch	the	70
this	age	70
popular	and	70
in	funding	70
easily	accessible	70
for	his	70
departure	from	70
have	suggested	70
clean	water	70
room	at	70
attributable	to	70
took	up	70
their	position	70
treated	in	70
new	job	70
this	form	70
reviews	and	70
more	complete	70
converted	into	70
auditor	of	70
more	severe	70
safety	net	70
then	there	70
molecular	biology	70
an	interdisciplinary	70
in	what	70
the	concentration	70
the	ninth	70
the	curriculum	70
interest	groups	70
repeat	the	70
one	part	70
who	receive	70
election	of	70
priorities	and	70
price	is	70
help	guide	70
in	operation	70
important	factor	70
countries	where	70
complete	an	70
in	conflict	70
should	come	70
most	critical	70
class	at	70
finds	the	70
full	potential	70
here	today	70
user	can	70
possible	with	70
for	dealing	70
and	operation	70
an	avid	70
both	countries	70
the	gate	70
tell	your	70
of	alabama	70
signing	up	70
enables	the	70
countries	with	70
it's	been	70
of	exercise	70
executive	officer	70
among	them	70
and	reflect	70
that	affects	70
of	cash	70
logic	of	70
works	are	70
of	christians	70
of	tennessee	70
even	so	70
days	when	70
transparency	and	70
shall	we	70
anyone	with	70
are	best	70
likely	than	70
right	way	70
in	poland	70
road	and	70
fabric	of	70
the	speaker	70
attitudes	and	70
the	genes	70
thought	was	70
more	importantly	70
are	certainly	70
that	meets	70
their	findings	70
an	era	70
human	services	70
the	democratic	70
campus	community	70
an	exhibition	70
are	commonly	70
control	group	70
feature	is	70
can	search	70
new	one	70
your	property	70
the	apparent	70
site	at	70
segments	of	70
knowledge	of	70
content	on	70
awards	and	70
residents	who	70
the	clinton	70
cards	and	70
and	photographs	70
programs	and	70
our	resources	70
highest	quality	70
shall	make	70
appears	on	70
in	utah	70
if	all	70
cooperation	between	70
be	honored	70
funding	for	70
filled	out	70
and	supporters	70
for	reading	70
governor	of	70
came	on	70
night	at	70
by	different	70
confronted	with	70
jobs	for	70
up	front	70
not	getting	70
findings	and	70
policy	on	70
habits	of	70
so	forth	70
is	driven	70
publication	in	70
peace	and	70
hearing	loss	70
the	grant	70
that	man	70
bin	laden	70
in	early	70
is	married	70
global	climate	70
very	beginning	70
child	who	70
is	low	70
and	carried	70
been	proposed	70
indicator	of	70
and	diversity	70
reveals	the	70
first	round	70
endangered	species	70
action	by	70
person	that	70
or	online	70
over	its	70
their	income	70
which	students	70
sector	and	70
rights	movement	70
has	proved	70
responsive	to	70
about	five	70
gave	it	70
should	follow	70
leading	cause	70
save	your	70
mechanisms	for	70
also	do	70
all	together	70
capital	and	70
to	dispose	70
heart	of	70
reminiscent	of	70
this	organization	70
every	three	70
not	exactly	70
the	eighth	70
am	happy	70
the	funeral	70
where	their	70
on	high	70
messages	to	70
term	for	70
lodge	of	70
to	involve	70
occur	at	70
nurses	and	70
we	shall	70
span	of	70
these	same	70
info	on	70
the	wall	70
have	another	70
terms	with	70
assumed	to	70
and	performing	70
was	difficult	70
with	five	70
and	weight	70
million	from	70
next	door	70
small	but	70
to	cast	70
soul	of	70
is	amazing	70
who	love	70
to	forgive	70
the	combination	70
either	way	70
laws	are	70
gm	crops	70
status	in	70
and	mark	70
request	an	70
the	minister	70
on	multiple	70
she	got	70
the	garden	70
are	kept	70
breaking	the	70
insisted	that	70
the	messages	70
and	mexico	70
flowers	and	70
by	michael	70
earlier	than	70
isn't	the	70
programs	will	70
must	register	70
i've	had	70
the	depths	70
and	effectiveness	70
to	peace	70
be	compared	70
since	there	70
from	washington	70
general	manager	70
career	at	70
for	multiple	70
engage	the	70
love	this	70
the	feasibility	70
area	was	70
and	security	70
preference	for	70
she	wants	70
of	respondents	70
educational	experience	70
and	enter	70
and	approval	70
status	of	70
other	schools	70
was	filled	70
restaurants	and	70
position	with	70
labor	market	70
and	it's	70
chemical	weapons	70
depending	upon	70
jobs	that	70
of	trade	70
believed	in	70
health	plans	70
articles	from	70
the	newsletter	70
member	or	70
is	actively	70
research	program	70
again	on	70
to	dry	70
killing	of	69
for	processing	69
glad	that	69
helpful	for	69
recommendations	and	69
less	than	69
get	one	69
directors	of	69
preparing	the	69
game	in	69
of	infection	69
the	little	69
online	courses	69
in	contemporary	69
to	elect	69
their	job	69
card	to	69
given	an	69
recovery	and	69
of	industrial	69
own	words	69
of	federal	69
remain	on	69
commissioner	of	69
which	no	69
collapse	of	69
and	encouraged	69
cooperate	with	69
voted	for	69
our	nation's	69
was	expected	69
them	together	69
about	anything	69
bring	this	69
hence	the	69
reduce	their	69
the	millions	69
these	terms	69
enable	us	69
bank	and	69
sat	on	69
and	maintains	69
errors	in	69
closer	look	69
hunger	and	69
in	managing	69
dimension	of	69
three	major	69
run	from	69
faculty	are	69
effects	in	69
one	out	69
and	design	69
the	preliminary	69
to	manipulate	69
shouldn't	be	69
days	prior	69
whether	it	69
more	useful	69
that	evening	69
there	can	69
the	troops	69
is	obtained	69
to	grasp	69
he	calls	69
in	oklahoma	69
purchased	by	69
stressed	the	69
and	evil	69
you	click	69
figures	in	69
of	protecting	69
was	opened	69
are	organized	69
motivated	to	69
gifts	to	69
is	strong	69
though	this	69
primary	source	69
had	lost	69
the	comfort	69
be	recorded	69
and	opinions	69
observation	of	69
local	people	69
become	so	69
their	career	69
about	us	69
the	grid	69
don't	believe	69
college	education	69
letter	is	69
about	getting	69
especially	important	69
has	extensive	69
nursing	homes	69
civil	and	69
of	physics	69
international	studies	69
registration	for	69
its	very	69
will	highlight	69
it	necessary	69
save	lives	69
the	flu	69
illinois	at	69
so	there	69
other	agencies	69
of	financial	69
has	authored	69
the	strike	69
other	means	69
bringing	together	69
in	computer	69
they	started	69
launched	the	69
job	search	69
artists	in	69
the	windows	69
around	him	69
and	afghanistan	69
in	reducing	69
and	blue	69
confused	with	69
therapy	for	69
location	to	69
cuts	in	69
and	willing	69
victims	and	69
mothers	and	69
is	released	69
obama	administration	69
very	effective	69
located	within	69
influence	in	69
school	day	69
public	access	69
threatened	to	69
al	qaeda	69
the	quarter	69
home	at	69
or	send	69
with	higher	69
the	applicable	69
during	its	69
that	keeps	69
from	state	69
it's	been	69
that	resulted	69
deemed	to	69
updates	to	69
music	from	69
the	symbol	69
the	advent	69
of	rain	69
class	that	69
no	additional	69
just	fine	69
the	pipeline	69
project	manager	69
solar	power	69
sponsor	of	69
generosity	of	69
coming	years	69
item	in	69
with	international	69
gives	an	69
assistant	director	69
study	has	69
writing	for	69
and	after	69
traffic	and	69
headquarters	in	69
learning	process	69
the	math	69
figure	in	69
of	miami	69
fiscal	year	69
complete	your	69
reliability	of	69
had	passed	69
power	that	69
the	agency	69
percent	more	69
explore	and	69
in	reality	69
round	the	69
building	up	69
very	soon	69
energy	sources	69
volunteer	for	69
is	implemented	69
id	and	69
or	related	69
is	anticipated	69
reviews	the	69
the	bird	69
are	receiving	69
of	rural	69
limited	resources	69
target	for	69
were	always	69
in	sri	69
book	by	69
tagged	with	69
brother	and	69
critical	role	69
national	conference	69
environmental	science	69
committed	by	69
die	in	69
and	mutual	69
printed	on	69
be	another	69
the	group's	69
outcomes	and	69
it	turns	69
foundation	in	69
and	concepts	69
reporting	on	69
the	egyptian	69
these	kinds	69
and	transfer	69
point	on	69
and	happiness	69
with	his	69
birth	and	69
in	obtaining	69
cited	in	69
characteristics	and	69
others	with	69
title	and	69
their	voices	69
band	of	69
is	selected	69
is	conducted	69
with	federal	69
and	water	69
straight	to	69
the	storage	69
on	projects	69
has	access	69
they	deserve	69
leave	this	69
early	in	69
experts	on	69
because	our	69
new	business	69
el	paso	69
chief	justice	69
much	you	69
with	increased	69
the	gallery	69
to	configure	69
taking	into	69
principles	that	69
adults	to	69
not	occur	69
they	learned	69
certain	amount	69
and	publications	69
developed	an	69
added	in	69
too	hard	69
be	incorporated	69
assets	and	69
domain	name	69
patience	and	69
locations	of	69
and	executive	69
it	actually	69
challenge	and	69
an	incentive	69
of	salvation	69
this	task	69
really	hard	69
the	prayer	69
with	more	69
new	work	69
really	know	69
was	constructed	69
is	submitted	69
theory	is	69
and	tested	69
the	nervous	69
see	these	69
and	responsibility	69
he	taught	69
to	safeguard	69
corps	of	69
flexibility	to	69
it	once	69
was	successfully	69
fresh	air	69
going	forward	69
individuals	from	69
will	introduce	69
this	challenge	69
be	represented	69
well	enough	69
and	operate	69
an	advantage	69
between	different	69
and	poverty	69
is	saying	69
and	south	69
on	record	69
centers	in	69
and	wind	69
allocation	of	69
patients	with	69
very	interested	68
public	library	68
therefore	be	68
firm	in	68
explain	to	68
the	requested	68
and	communicate	68
be	far	68
are	introduced	68
the	defense	68
abilities	and	68
must	come	68
intelligence	and	68
the	ethical	68
seat	of	68
sign	in	68
be	unable	68
he	cannot	68
take	my	68
land	that	68
to	induce	68
contributors	to	68
wish	that	68
and	chief	68
pace	of	68
imperative	that	68
four	different	68
or	you	68
the	mission	68
search	engines	68
allowed	us	68
are	connected	68
last	month	68
contemporary	art	68
and	presentation	68
not	leave	68
working	closely	68
medical	professionals	68
their	understanding	68
the	advancement	68
mystery	of	68
the	regulatory	68
this	land	68
economic	impact	68
an	upcoming	68
and	walk	68
for	later	68
show	them	68
of	hundreds	68
effective	date	68
he	earned	68
statement	to	68
code	in	68
in	scotland	68
in	hopes	68
of	surgery	68
and	remains	68
international	organizations	68
for	older	68
on	making	68
later	that	68
free	software	68
told	by	68
section	for	68
testing	for	68
island	and	68
of	diverse	68
democracy	and	68
of	undergraduate	68
will	pass	68
his	old	68
meat	and	68
yet	they	68
is	ideal	68
organize	and	68
community	service	68
because	if	68
threats	and	68
advice	of	68
and	inspire	68
of	myself	68
first	ever	68
your	face	68
operate	the	68
the	ceiling	68
train	and	68
faithful	to	68
my	face	68
the	iphone	68
but	most	68
merits	of	68
volunteers	are	68
completed	her	68
think	so	68
to	approximately	68
under	construction	68
carbon	emissions	68
make	the	68
on	creating	68
the	outstanding	68
our	public	68
campaign	is	68
above	is	68
uk	and	68
doesn't	seem	68
deprived	of	68
of	improving	68
for	growth	68
week	on	68
link	to	68
with	certain	68
more	fun	68
mostly	in	68
of	childhood	68
of	philosophy	68
be	prevented	68
citizens	are	68
financial	markets	68
eyes	to	68
the	tiny	68
poetry	and	68
eye	of	68
right	after	68
plan	will	68
the	central	68
truth	about	68
allowing	for	68
alongside	the	68
do	just	68
plethora	of	68
grants	from	68
to	pages	68
is	totally	68
volunteered	to	68
you	meet	68
its	entirety	68
his	early	68
material	on	68
even	more	68
events	for	68
bipolar	disorder	68
until	she	68
least	as	68
his	retirement	68
nations	and	68
religious	beliefs	68
notify	me	68
freshman	year	68
can	enjoy	68
of	asian	68
california	department	68
primary	goal	68
the	crop	68
and	directed	68
of	membership	68
primary	focus	68
no	right	68
of	suffering	68
year	since	68
the	drawing	68
loaded	with	68
is	itself	68
and	discover	68
of	veterans	68
to	bridge	68
while	maintaining	68
of	chemicals	68
previously	been	68
national	endowment	68
the	ban	68
gathering	of	68
grand	master	68
with	particular	68
cardiovascular	disease	68
for	increased	68
other	species	68
total	amount	68
latest	version	68
that	don't	68
park	is	68
and	philosophy	68
their	activities	68
in	austin	68
spent	time	68
been	observed	68
and	inspiring	68
americans	in	68
sphere	of	68
new	opportunities	68
four	weeks	68
my	knowledge	68
purdue	university	68
was	little	68
and	ran	68
be	registered	68
of	error	68
take	home	68
northwestern	university	68
plants	to	68
presenting	the	68
songs	and	68
the	chairman	68
to	double	68
things	they	68
more	recently	68
the	saints	68
took	him	68
last	four	68
percentage	points	68
are	performed	68
helping	others	68
county	public	68
the	media	68
presence	and	68
sustain	the	68
financial	services	68
on	behalf	68
of	santa	68
of	advanced	68
new	era	68
for	centuries	68
with	colleagues	68
in	foreign	68
by	federal	68
into	four	68
may	do	68
be	explored	68
in	force	68
library	is	68
adjust	the	68
mother	was	68
have	noticed	68
relation	between	68
provided	as	68
other	women	68
change	our	68
phase	ii	68
of	sex	68
general	hospital	68
have	expressed	68
to	ban	68
with	fewer	68
confirmation	of	68
it	allows	68
on	foot	68
success	is	68
network	is	68
realization	of	68
every	man	68
might	even	68
tax	return	68
by	virtue	68
for	clinical	68
and	meaningful	68
dining	room	68
tools	in	68
this	list	68
the	votes	68
speak	on	68
populations	in	68
at	yale	68
that	goal	68
the	terminal	68
might	help	68
that	focus	68
pm	the	68
investigation	and	68
no	place	68
northern	ireland	68
operation	is	68
the	confederate	68
the	transaction	68
over	our	68
and	red	68
it	meant	68
had	always	68
guidance	for	68
take	off	68
extracted	from	68
the	objectives	68
donated	by	68
characterize	the	68
the	proposal	68
for	kids	68
the	linux	68
that	having	68
indicating	the	68
of	clean	68
away	by	68
end	with	68
is	aware	68
by	sharing	68
senate	and	68
influx	of	68
very	common	68
the	inability	68
of	privacy	68
increased	in	68
their	environment	68
illness	and	68
the	structural	68
do	whatever	68
of	central	68
and	infrastructure	68
this	guide	68
economics	and	68
documents	to	68
study	abroad	68
non-profit	organizations	68
of	adult	68
to	avoid	68
posted	by	68
arrested	and	68
health	department	68
lines	are	68
the	planning	68
national	forest	68
ourselves	in	68
the	tasks	68
positions	and	68
allowing	them	68
program	also	68
add	that	68
participants	were	68
had	found	68
this	image	68
context	and	68
pertain	to	68
answer	that	68
are	put	68
like	many	68
the	poster	68
the	applicant	68
pledged	to	68
the	invitation	68
issued	in	68
the	gods	68
are	stored	68
of	wild	68
these	years	68
same	amount	68
saturday	morning	68
turn	in	68
audience	of	68
scientists	are	68
case-by-case	basis	67
changes	will	67
schools	for	67
was	coming	67
than	expected	67
the	simulation	67
reality	and	67
his	leadership	67
good	place	67
biological	and	67
programs	on	67
series	on	67
and	encourages	67
screen	and	67
the	weekly	67
lists	the	67
is	permitted	67
and	weaknesses	67
verify	that	67
campus	is	67
their	services	67
this	person	67
the	kentucky	67
most	efficient	67
also	in	67
advancement	of	67
the	prophet	67
membership	is	67
her	back	67
to	sponsor	67
was	received	67
who	support	67
has	risen	67
watch	the	67
for	lunch	67
the	match	67
in	treating	67
purposes	and	67
study	shows	67
on	friday	67
and	documents	67
topics	in	67
the	dialogue	67
of	alternative	67
and	foster	67
find	myself	67
air	conditioning	67
the	faculty	67
may	never	67
shared	their	67
and	loving	67
physical	or	67
mobile	device	67
introduces	the	67
quickly	to	67
week	that	67
us	government	67
are	primarily	67
attributes	of	67
very	real	67
for	environmental	67
us	military	67
while	many	67
lie	in	67
employers	and	67
each	child	67
are	thinking	67
documentation	for	67
nor	is	67
chapter	in	67
of	black	67
the	severity	67
really	have	67
water	use	67
for	potential	67
player	in	67
theories	and	67
and	advance	67
violate	the	67
upon	this	67
the	deaths	67
is	prepared	67
be	trained	67
of	actual	67
social	services	67
affect	your	67
of	visitors	67
the	president	67
the	core	67
the	vital	67
consider	how	67
age	or	67
new	yorker	67
have	won	67
is	generated	67
license	to	67
customers	to	67
security	for	67
likelihood	that	67
mark	of	67
the	earthquake	67
identified	and	67
and	detailed	67
are	linked	67
in	miami	67
period	for	67
or	change	67
hence	the	67
as	outlined	67
clients	in	67
could	result	67
projects	with	67
has	achieved	67
be	converted	67
resort	to	67
kicked	off	67
great	depression	67
has	decided	67
their	final	67
don't	really	67
am	excited	67
good	faith	67
to	enrich	67
believing	that	67
my	book	67
collection	of	67
square	foot	67
company	with	67
put	him	67
the	disk	67
the	census	67
of	thomas	67
or	small	67
methods	in	67
manner	as	67
documented	in	67
four	hours	67
carolina	and	67
dates	for	67
meet	at	67
often	been	67
prepare	and	67
manifestation	of	67
more	involved	67
features	in	67
go	along	67
testified	that	67
have	missed	67
new	data	67
the	lord's	67
fun	with	67
that	congress	67
community	partners	67
the	premises	67
other	cities	67
the	legislation	67
iowa	department	67
you	move	67
crude	oil	67
also	being	67
not	create	67
feel	better	67
harvard	medical	67
online	course	67
year	round	67
tackle	the	67
ways	for	67
to	detail	67
regulations	that	67
the	regime	67
was	particularly	67
students	graduated	67
privacy	policy	67
treated	by	67
start	by	67
renewable	energy	67
to	steal	67
an	enemy	67
we	set	67
discrimination	and	67
from	public	67
given	up	67
met	at	67
the	hills	67
identifies	the	67
prevention	and	67
of	electrical	67
education	for	67
and	assess	67
tasked	with	67
monitoring	the	67
if	only	67
engineering	from	67
the	keynote	67
are	sure	67
and	setting	67
had	learned	67
information	they	67
everyone	can	67
of	exposure	67
for	real	67
and	focused	67
materials	on	67
crossing	the	67
behind	the	67
please	consider	67
being	taken	67
or	state	67
engineers	and	67
come	by	67
be	active	67
education	as	67
strong	enough	67
properties	and	67
issue	was	67
be	managed	67
which	of	67
principle	that	67
exists	to	67
the	restaurant	67
prime	minister	67
and	quickly	67
contrary	to	67
all	persons	67
will	act	67
this	court	67
build	an	67
and	accessible	67
of	stress	67
group	of	67
challenges	facing	67
on	something	67
and	negative	67
who	care	67
data	about	67
events	at	67
was	making	67
an	incident	67
drug	and	67
of	sight	67
the	categories	67
standing	up	67
disposed	of	67
my	attention	67
we	ask	67
of	cincinnati	67
neither	the	67
achievements	of	67
speakers	and	67
like	other	67
the	meat	67
they	choose	67
were	designed	67
sons	and	67
unknown	to	67
of	greater	67
an	incredibly	67
for	us	67
of	cooperation	67
which	led	67
enthusiasm	for	67
the	national	67
creates	an	67
for	outstanding	67
and	communications	67
sustainability	of	67
the	electric	67
the	permanent	67
to	amend	67
and	listening	67
was	happening	67
may	say	67
whereas	the	67
and	solutions	67
boards	and	67
he	lived	67
of	parliament	67
these	findings	67
cultural	heritage	67
dangerous	to	67
solutions	and	67
of	downtown	67
as	director	67
factors	are	67
of	artists	67
ways	to	67
site	on	67
prices	are	67
you	visit	67
films	and	67
of	bringing	67
will	feel	67
institutions	are	67
in	identifying	67
percent	from	67
from	columbia	67
your	daily	67
that	none	67
to	cook	67
to	modern	67
most	beautiful	67
production	is	67
that	sometimes	67
paying	attention	67
feedback	to	67
we	often	67
write	this	67
of	nursing	67
of	intellectual	67
special	education	67
he	attended	67
files	to	67
serves	to	67
how	one	67
shaped	by	67
had	my	67
arrangement	of	67
cooperative	extension	67
program	which	67
extensive	experience	67
brings	us	67
distribution	and	67
native	to	67
running	out	67
we	seek	67
made	sure	67
which	takes	67
personally	identifiable	67
our	first	67
opinion	is	67
enable	them	67
and	adolescents	67
our	faculty	67
under	an	67
model	was	67
of	design	67
hurricane	katrina	67
for	short	67
be	highly	67
accept	that	67
no	new	67
firm	of	67
published	by	67
careers	and	67
the	boards	67
superior	court	67
conducted	to	67
three	other	67
discussions	about	66
like	him	66
they	share	66
was	initiated	66
emissions	and	66
of	publications	66
further	details	66
of	revenue	66
visually	impaired	66
and	privacy	66
are	changing	66
injury	or	66
are	unique	66
candidates	and	66
have	allowed	66
night	before	66
families	that	66
intelligent	design	66
the	terrorist	66
moment	and	66
company	was	66
as	easy	66
all	countries	66
excuse	for	66
an	entry	66
trend	in	66
lab	and	66
the	freedom	66
by	women	66
heart	rate	66
your	e-mail	66
fruits	of	66
this	resource	66
it's	also	66
world	series	66
the	bills	66
the	tribe	66
she	served	66
give	their	66
tables	and	66
take	all	66
and	showed	66
participants	from	66
files	for	66
continue	on	66
from	july	66
the	month	66
turning	point	66
we	still	66
adds	that	66
enrollment	in	66
of	corruption	66
margin	of	66
should	you	66
the	prevalence	66
found	an	66
solidarity	with	66
valued	at	66
the	nurse	66
an	army	66
still	alive	66
theory	that	66
commitment	and	66
stands	out	66
we	create	66
pdf	file	66
by	getting	66
the	shore	66
this	second	66
evidenced	by	66
his	father	66
our	group	66
about	four	66
another	example	66
compiled	by	66
agreed	upon	66
so	it's	66
assuming	that	66
an	advisor	66
could	come	66
he	wrote	66
britain	and	66
for	residents	66
must	use	66
sun	and	66
with	lower	66
science	degree	66
runs	the	66
an	opening	66
was	led	66
since	that	66
sex	with	66
them	what	66
records	of	66
an	employer	66
places	that	66
it	helps	66
it	better	66
the	prophet	66
end	result	66
take	more	66
patterns	in	66
dead	and	66
of	identity	66
their	place	66
means	by	66
national	average	66
the	directions	66
science	from	66
been	held	66
on	getting	66
terrorist	attacks	66
demands	for	66
his	passion	66
care	costs	66
just	trying	66
would	put	66
was	initially	66
the	musical	66
illinois	university	66
banks	of	66
he	goes	66
proportional	to	66
sign	in	66
his	first	66
other	sites	66
away	on	66
water	on	66
all	are	66
many	aspects	66
stems	from	66
of	political	66
look	out	66
coordinator	for	66
the	successful	66
attend	to	66
in	moscow	66
this	trip	66
and	cold	66
theory	of	66
own	right	66
from	getting	66
group	or	66
sexual	harassment	66
expectations	and	66
the	wise	66
can't	get	66
anything	from	66
her	story	66
which	people	66
international	relations	66
coordination	with	66
and	integrity	66
almost	no	66
was	hard	66
development	center	66
costs	associated	66
friend	who	66
the	seattle	66
proceed	with	66
and	ph	66
recommendations	of	66
has	previously	66
world	at	66
foods	and	66
needless	to	66
that	exists	66
replacement	of	66
area	has	66
of	criminal	66
america	has	66
taken	out	66
you	complete	66
some	examples	66
is	formed	66
be	killed	66
is	asking	66
son	was	66
fond	of	66
dalai	lama	66
an	intern	66
free	will	66
book	has	66
prescribed	by	66
on	women	66
passing	through	66
in	hong	66
of	happiness	66
an	air	66
too	big	66
speaker	at	66
privacy	of	66
negotiations	with	66
less	expensive	66
the	bench	66
of	long-term	66
committee	will	66
he	asked	66
so	bad	66
services	at	66
indication	that	66
put	down	66
be	especially	66
for	quality	66
news	media	66
the	icon	66
educate	and	66
providers	to	66
come	here	66
one	who	66
chair	and	66
practice	that	66
for	employees	66
the	bag	66
button	on	66
the	star	66
moving	from	66
people	say	66
review	by	66
these	women	66
made	us	66
the	daily	66
story	of	66
is	deeply	66
law	requires	66
the	child's	66
currently	on	66
if	his	66
george	mason	66
arriving	at	66
results	that	66
functions	in	66
first	lady	66
that	individuals	66
to	suppress	66
registered	for	66
duties	as	66
now	it	66
different	areas	66
an	instructor	66
all	participants	66
about	six	66
be	increased	66
changes	in	66
the	guest	66
call	or	66
nine	months	66
in	color	66
is	planning	66
additional	information	66
his	mouth	66
shall	include	66
health	coverage	66
performing	arts	66
and	trained	66
virtually	all	66
has	experienced	66
occasion	of	66
dressed	in	66
the	commission	66
have	difficulty	66
and	soil	66
he	gave	66
described	below	66
generated	from	66
and	economics	66
research	shows	66
once	we	66
than	four	66
also	working	66
founding	of	66
not	long	66
donate	to	66
the	wealth	66
the	heads	66
to	activate	66
business	development	66
where	an	66
lose	weight	66
the	watershed	66
network	of	66
the	youth	66
was	changed	66
fighting	the	66
in	civil	66
health	outcomes	66
do	they	66
is	ever	66
the	competition	66
and	healthcare	66
recognition	and	66
approached	the	66
exciting	to	66
maintain	and	66
slightly	more	66
and	natural	66
that	certain	66
is	managed	66
please	email	66
and	encouraging	66
health	education	66
radiation	therapy	66
designing	and	66
first	major	66
the	feedback	66
other	animals	66
it	contains	66
affairs	of	66
tempted	to	66
single	day	66
national	archives	66
good	friend	66
credited	with	66
mental	and	66
mountains	of	66
really	important	66
going	down	66
global	community	66
or	maybe	66
so	doing	66
the	exhibit	66
will	visit	66
whether	the	66
degree	requirements	66
labor	force	66
if	she	66
with	israel	66
adding	to	66
and	friendly	66
and	repair	66
several	hours	66
in	lake	66
you	eat	66
it	made	66
environment	and	66
not	wish	66
be	learned	66
some	years	66
rights	as	66
genes	in	66
the	stability	66
of	biology	66
human	development	66
and	myself	66
more	comprehensive	66
each	school	66
rejected	the	66
the	carbon	66
bought	the	66
to	react	66
clubs	and	66
rights	watch	66
the	document	66
make	such	66
at	higher	66
to	undergo	66
incentives	to	66
topic	and	66
our	hands	66
be	separated	66
planning	commission	66
playing	field	66
and	teaches	66
slightly	different	66
in	opposition	66
breach	of	66
call	me	66
quote	from	65
environmental	engineering	65
claim	for	65
language	that	65
buy	it	65
individual	who	65
options	that	65
of	racial	65
particularly	important	65
where	my	65
state	governments	65
devices	are	65
rare	and	65
innovative	and	65
was	interested	65
the	era	65
simply	not	65
only	did	65
not	address	65
people	don't	65
initiation	of	65
error	in	65
and	contains	65
standards	in	65
set	the	65
the	fence	65
for	membership	65
of	illegal	65
pastor	of	65
from	previous	65
made	recently	65
the	user's	65
were	performed	65
the	thesis	65
not	recognize	65
and	store	65
their	impact	65
propose	to	65
an	optional	65
could	give	65
the	column	65
became	one	65
review	and	65
first	published	65
get	her	65
experience	has	65
some	interesting	65
her	brother	65
here	in	65
we	first	65
care	reform	65
the	constitutional	65
and	winter	65
and	conferences	65
management	practices	65
being	so	65
art	history	65
and	hopes	65
yet	it	65
dating	back	65
of	fighting	65
upon	completion	65
we	start	65
are	unlikely	65
create	more	65
can	talk	65
was	identified	65
winners	of	65
that	follows	65
and	loved	65
chesapeake	bay	65
learning	experiences	65
second	largest	65
and	special	65
appointed	as	65
girls	are	65
sold	at	65
by	telephone	65
and	wife	65
pressure	from	65
to	interview	65
pope	francis	65
just	got	65
the	bright	65
and	training	65
i'm	just	65
the	republicans	65
get	help	65
normal	and	65
more	fully	65
and	discussions	65
or	via	65
determination	to	65
many	places	65
questions	as	65
are	hard	65
in	becoming	65
would	pay	65
this	policy	65
city	has	65
back	down	65
billion	to	65
for	users	65
all	human	65
his	followers	65
expect	from	65
your	phone	65
low	in	65
not	uncommon	65
then	it	65
last	one	65
many	types	65
myriad	of	65
particularly	interested	65
the	generous	65
they	offer	65
you	wanted	65
often	do	65
he	earned	65
spare	time	65
minutes	from	65
agency	for	65
to	breathe	65
limit	on	65
the	abstract	65
we	become	65
increasing	number	65
one	such	65
can	really	65
privileged	to	65
who	must	65
removed	and	65
my	hand	65
internationally	recognized	65
theoretical	and	65
passing	the	65
presented	on	65
comes	into	65
fellow	at	65
the	thing	65
and	finally	65
training	sessions	65
whatever	the	65
email	at	65
economic	recovery	65
this	knowledge	65
days	are	65
quest	for	65
one	third	65
he	joined	65
in	conclusion	65
never	get	65
twitter	facebook	65
after	receiving	65
their	patients	65
for	maintaining	65
wide	array	65
edges	of	65
the	apostles	65
their	part	65
come	join	65
we	mean	65
documentation	and	65
rule	that	65
details	for	65
the	manufacturing	65
should	the	65
energy	from	65
helping	us	65
in	traditional	65
for	travel	65
be	forgotten	65
had	served	65
product	that	65
make	no	65
box	office	65
all	such	65
had	grown	65
cease	to	65
are	lots	65
should	see	65
what	may	65
perceived	as	65
maybe	you	65
billion	dollars	65
has	fallen	65
and	returns	65
to	appoint	65
fort	worth	65
service	award	65
the	inaugural	65
even	worse	65
of	today's	65
saw	this	65
controls	the	65
colorado	state	65
spreading	the	65
by	william	65
billion	people	65
choice	in	65
executive	order	65
the	organic	65
accept	it	65
should	start	65
are	applied	65
teach	them	65
located	near	65
they	don't	65
persons	and	65
this	city	65
understand	your	65
more	sophisticated	65
reporting	of	65
jurisdiction	of	65
to	endure	65
the	recording	65
most	notably	65
mission	in	65
treatments	and	65
with	significant	65
this	initiative	65
had	happened	65
service	delivery	65
has	learned	65
earth	day	65
be	combined	65
please	check	65
inspired	by	65
by	paul	65
when	you're	65
to	customers	65
an	almost	65
work	environment	65
please	refer	65
question	whether	65
the	witness	65
current	students	65
officer	in	65
closed	on	65
site	provides	65
insist	that	65
gave	an	65
solar	panels	65
but	that's	65
by	human	65
the	government	65
doing	things	65
and	interpret	65
schools	with	65
an	outside	65
data	into	65
any	rate	65
though	she	65
they	actually	65
provisions	in	65
american	public	65
window	of	65
platform	to	65
in	adults	65
or	below	65
bryn	mawr	65
speed	up	65
other	options	65
is	helpful	65
options	in	65
dedication	and	65
pages	and	65
and	color	65
provide	access	65
enforcement	agencies	65
throughout	this	65
were	considered	65
have	participated	65
ways	you	65
and	economic	65
touched	by	65
appearing	in	65
of	inquiry	65
will	accept	65
many	children	65
turning	to	65
your	team	65
claimed	to	65
an	apartment	65
for	greater	65
group	and	65
with	appropriate	65
public	radio	65
much	work	65
many	americans	65
natural	environment	65
evaluated	by	65
the	ieee	65
this	afternoon	65
treatments	for	65
are	relevant	65
care	and	65
medical	staff	65
civic	engagement	65
almost	certainly	65
the	teachings	65
high	court	65
facebook	linkedin	65
colors	and	65
over	three	65
too	low	65
popularity	of	65
have	experience	65
in	seven	65
correlated	with	65
will	talk	65
businesses	are	65
collections	and	65
service	will	65
quality	education	65
database	is	65
death	is	65
stable	and	65
these	meetings	65
to	upload	65
adults	in	65
last	fall	65
authorities	to	65
are	true	65
registration	and	65
the	region's	65
they	just	65
members	may	65
are	removed	65
explore	how	65
strategy	that	65
all	night	65
arizona	and	65
debate	and	65
lucky	enough	65
san	juan	65
progress	toward	65
make	one	65
walk	through	65
census	bureau	65
currently	serving	65
in	connecticut	65
indicators	of	65
the	voters	65
for	ensuring	65
more	appropriate	65
numerous	other	64
been	considered	64
of	motion	64
milk	and	64
selection	and	64
high	performance	64
ago	when	64
runs	in	64
matter	where	64
five	months	64
of	conservation	64
purpose	in	64
what	other	64
corruption	and	64
this	review	64
about	people	64
too	many	64
prize	for	64
are	divided	64
in	implementing	64
leave	your	64
the	generosity	64
communications	and	64
of	equal	64
movies	and	64
and	agriculture	64
may	ask	64
the	post	64
heaven	and	64
put	this	64
golf	course	64
since	been	64
the	centre	64
the	physician	64
english	as	64
when	these	64
talents	and	64
government	was	64
advised	that	64
most	pressing	64
cancer	research	64
to	roll	64
that	enable	64
session	in	64
sentence	of	64
is	equal	64
the	afghan	64
answer	any	64
the	finish	64
presentation	to	64
is	below	64
runs	through	64
angeles	times	64
used	only	64
after	surgery	64
are	registered	64
of	miles	64
has	proposed	64
database	and	64
deadline	to	64
world	today	64
the	defendants	64
embrace	the	64
the	poet	64
in	mice	64
check	it	64
the	tremendous	64
characters	in	64
habitat	for	64
courses	on	64
in	applying	64
the	amazon	64
which	often	64
and	technical	64
just	after	64
company	or	64
organizations	have	64
bill	will	64
company	will	64
program	manager	64
in	bed	64
are	advised	64
generation	to	64
provide	us	64
the	advanced	64
payment	for	64
which	god	64
in	nearly	64
at	ucla	64
chinese	people	64
in	general	64
of	historic	64
format	for	64
the	mayor	64
forth	the	64
fit	to	64
are	published	64
in	sacramento	64
most	promising	64
an	awesome	64
in	kentucky	64
the	assistant	64
back	then	64
we	met	64
to	curb	64
technologies	in	64
does	anyone	64
the	ultimate	64
your	risk	64
did	the	64
law	or	64
the	inhabitants	64
conduct	research	64
street	and	64
offered	for	64
much	fun	64
never	thought	64
the	hardware	64
afghanistan	and	64
informed	and	64
forces	that	64
damage	and	64
and	county	64
also	give	64
them	both	64
the	gop	64
by	selecting	64
ending	the	64
argument	for	64
by	themselves	64
the	association	64
different	people	64
focus	groups	64
the	monthly	64
science	fiction	64
case	management	64
and	fish	64
sources	are	64
and	joined	64
institution	and	64
were	seen	64
are	key	64
the	extraordinary	64
service	provider	64
an	engineer	64
than	before	64
she	saw	64
of	recovery	64
the	five	64
tv	and	64
the	type	64
to	leverage	64
michigan	and	64
way	down	64
and	william	64
the	attached	64
founding	member	64
been	possible	64
who	used	64
residents	are	64
an	atmosphere	64
encyclopedia	of	64
out	where	64
side	is	64
features	are	64
outside	world	64
mechanism	to	64
one	percent	64
of	traffic	64
the	manuscript	64
and	bill	64
because	many	64
by	richard	64
poised	to	64
legislative	session	64
can	hardly	64
of	raising	64
governments	have	64
its	history	64
have	anything	64
positive	change	64
not	saying	64
will	demonstrate	64
the	archive	64
this	procedure	64
its	best	64
mutual	respect	64
as	seen	64
human	development	64
has	launched	64
people	should	64
precisely	the	64
and	establish	64
crisis	and	64
played	with	64
although	he	64
both	are	64
released	to	64
to	determine	64
called	an	64
modifications	to	64
australia	and	64
of	indiana	64
the	arms	64
not	constitute	64
the	optimal	64
the	revised	64
by	faculty	64
square	miles	64
of	global	64
blessed	with	64
could	become	64
money	or	64
the	agricultural	64
republican	party	64
effects	that	64
the	adjacent	64
more	students	64
you	register	64
the	telephone	64
academic	achievement	64
challenges	for	64
and	criminal	64
don't	understand	64
will	call	64
is	effective	64
create	their	64
classical	music	64
of	yourself	64
you've	been	64
them	if	64
paul	ii	64
not	taken	64
anticipation	of	64
approach	to	64
students	with	64
never	before	64
was	recorded	64
and	analyzing	64
stressed	that	64
is	linked	64
crew	of	64
tools	are	64
discovery	and	64
saturday	night	64
which	make	64
campus	for	64
should	continue	64
when	an	64
coming	together	64
off	campus	64
for	bringing	64
been	put	64
and	interact	64
had	so	64
science	at	64
stronger	than	64
in	accordance	64
familiarity	with	64
saturday	and	64
to	map	64
research	activities	64
ever	more	64
to	simulate	64
more	clearly	64
our	day	64
interested	parties	64
secretary	general	64
the	emergency	64
positions	on	64
to	serving	64
her	heart	64
will	hear	64
the	body	64
services	or	64
and	distribute	64
court	in	64
the	mood	64
was	employed	64
utility	of	64
backgrounds	and	64
accepted	to	64
put	his	64
discipline	and	64
leadership	and	64
may	know	64
article	from	64
has	issued	64
while	he	64
the	practice	64
balance	in	64
my	second	64
that	president	64
are	afraid	64
be	expressed	64
for	effective	64
was	during	64
de	facto	64
no	choice	64
we	take	64
to	dig	64
informed	consent	64
of	putting	64
should	try	64
not	respond	64
had	died	64
planted	in	64
cut	out	64
of	participation	64
insist	on	64
that	gave	64
medical	education	64
culture	is	64
south	asia	64
detected	in	64
literature	on	64
are	rarely	64
to	worship	64
cleaning	up	64
visit	their	64
records	in	64
today	for	64
idea	how	64
build	their	64
sons	of	64
read	that	64
statistics	and	64
including	some	64
is	evidence	64
that	result	64
this	condition	64
name	on	64
his	sister	64
prove	the	64
to	advise	64
generations	to	64
the	history	64
camera	and	64
of	follow-up	64
feel	good	64
item	is	64
find	something	64
the	relatively	64
not	happen	64
to	support	64
this	wonderful	64
hiv	infection	64
or	worse	64
positions	at	64
compared	to	64
files	in	64
americans	with	64
and	french	64
that	almost	64
plan	and	64
many	thanks	64
and	ended	64
every	morning	64
but	often	64
he	just	64
the	multitude	64
filed	by	64
visible	in	64
use	any	64
currently	has	64
click	for	64
my	thoughts	64
disposal	of	64
flexible	and	64
minutes	for	64
and	preserve	64
from	taking	63
independent	and	63
of	sports	63
the	university's	63
scientific	community	63
to	yourself	63
to	understand	63
out	against	63
the	agent	63
did	we	63
was	active	63
dynamic	and	63
political	party	63
me	so	63
of	psychology	63
will	face	63
was	back	63
cornerstone	of	63
of	maintaining	63
protection	against	63
work	force	63
paul	and	63
last	several	63
about	ten	63
the	arkansas	63
work	around	63
landscape	of	63
be	ignored	63
the	tail	63
and	organize	63
hard	at	63
has	emerged	63
camp	in	63
site	will	63
department	at	63
of	staff	63
the	response	63
users	with	63
fields	in	63
the	utmost	63
initiatives	to	63
national	geographic	63
fraud	and	63
the	caller	63
force	photo	63
and	scientists	63
registering	for	63
arrange	for	63
ecology	and	63
the	blind	63
proposed	for	63
american	culture	63
and	pray	63
gain	access	63
for	humanity	63
their	religious	63
decide	on	63
of	russia	63
have	added	63
with	fellow	63
no	different	63
reality	that	63
also	present	63
agreement	is	63
be	beneficial	63
an	ordinary	63
the	videos	63
commissioned	by	63
apologize	for	63
this	technique	63
these	guys	63
who	attend	63
the	lawsuit	63
legislation	is	63
now	they	63
exercise	and	63
advocacy	and	63
least	four	63
on	fire	63
file	system	63
times	during	63
and	twitter	63
their	last	63
it	turned	63
structures	of	63
primarily	for	63
board	is	63
school	teachers	63
political	power	63
of	everyday	63
nor	do	63
just	too	63
about	making	63
palo	alto	63
to	ensuring	63
it	offers	63
the	ride	63
exclusively	for	63
by	supporting	63
their	feet	63
met	by	63
thing	was	63
can	prevent	63
the	russians	63
identity	theft	63
framework	to	63
social	science	63
global	health	63
twin	cities	63
waste	management	63
the	album	63
college	has	63
absent	from	63
illinois	and	63
whole	life	63
video	game	63
made	my	63
these	steps	63
the	foregoing	63
document	that	63
the	architecture	63
flexibility	and	63
is	underway	63
the	conversion	63
links	between	63
just	say	63
are	full	63
the	instruction	63
shot	and	63
were	allowed	63
for	national	63
keep	us	63
americans	for	63
deep	in	63
exploitation	of	63
requirement	is	63
right	up	63
pressure	is	63
finance	and	63
meet	this	63
occasion	to	63
those	around	63
religious	freedom	63
of	sustainability	63
the	long	63
market	share	63
places	like	63
more	accessible	63
own	experience	63
will	study	63
and	because	63
objected	to	63
been	placed	63
positions	are	63
please	be	63
in	greater	63
writing	skills	63
financial	management	63
pull	the	63
news	release	63
court	has	63
have	problems	63
at	times	63
sent	in	63
agency	is	63
they	love	63
special	event	63
evident	that	63
tests	of	63
student	or	63
but	all	63
applications	for	63
you	lose	63
of	coffee	63
been	my	63
works	closely	63
be	constructed	63
child	was	63
of	native	63
gift	for	63
as	saying	63
skills	necessary	63
the	grave	63
the	organization's	63
barrier	to	63
size	is	63
and	walked	63
was	clearly	63
des	moines	63
is	posted	63
of	proof	63
ann	arbor	63
an	exclusive	63
he	never	63
the	daily	63
in	digital	63
slow	and	63
and	expanded	63
began	working	63
made	out	63
was	filed	63
being	said	63
friends	are	63
an	instant	63
submitted	for	63
make	good	63
be	arranged	63
the	nucleus	63
the	participating	63
or	bad	63
the	collapse	63
the	government's	63
years	of	63
you	back	63
copies	of	63
all	posts	63
we	heard	63
about	using	63
been	brought	63
town	in	63
for	companies	63
the	aforementioned	63
and	welcome	63
is	frequently	63
me	into	63
recently	released	63
it	certainly	63
the	dedication	63
must	say	63
doctor	may	63
pace	with	63
of	uncertainty	63
bodies	and	63
site	as	63
should	we	63
can	enter	63
this	gives	63
could	cause	63
physical	education	63
are	serious	63
the	plight	63
much	smaller	63
government	to	63
the	outdoors	63
but	sometimes	63
than	ten	63
your	blood	63
different	times	63
the	young	63
the	algorithm	63
use	one	63
comfort	of	63
aligned	with	63
personal	property	63
meaning	to	63
share	some	63
and	spring	63
the	fighting	63
every	night	63
of	food	63
of	farmers	63
recreation	and	63
not	until	63
and	planning	63
are	caused	63
your	opinion	63
the	fort	63
being	offered	63
discipline	of	63
circuit	court	63
or	does	63
seen	from	63
and	enforcement	63
an	activity	63
for	environmental	63
taken	with	63
cells	from	63
in	preventing	63
for	best	63
were	most	63
has	chosen	63
relevance	of	63
new	products	63
in	berkeley	63
and	signed	63
the	complexities	63
track	to	63
for	generations	63
the	advancement	63
requests	for	63
few	hundred	63
early	stage	63
status	is	63
or	death	63
despite	this	63
came	home	63
him	back	63
wine	and	63
method	that	63
chaired	by	63
next	decade	63
please	take	63
our	work	63
press	releases	63
to	foreign	63
will	usually	63
and	guidelines	63
filed	with	63
often	be	63
officers	of	63
shot	in	63
she	began	63
and	direction	63
captured	the	63
funds	will	63
once	said	63
to	articulate	63
the	configuration	63
was	attended	63
and	games	63
your	attention	63
students	had	63
can	request	63
on	providing	63
integrated	with	63
acceptable	to	63
to	create	63
the	mobile	63
truth	in	63
city	was	63
over	what	63
the	principal	63
the	shelter	63
the	log	63
classification	of	63
the	it	63
they	grow	63
venue	for	63
was	offered	63
is	owned	63
students	learn	63
and	rescue	63
your	baby	63
proliferation	of	63
to	unite	63
well	worth	63
petition	for	63
and	buildings	63
important	issue	63
especially	as	63
and	protecting	63
weekend	of	63
the	native	63
activities	as	63
to	canada	63
your	post	63
to	tie	63
is	protected	63
becomes	available	63
will	enhance	63
honored	with	63
english	language	63
role	is	63
of	eastern	63
could	still	63
ran	the	63
for	sustainable	63
hot	and	63
obligated	to	63
that	covers	63
business	administration	63
which	offers	63
adding	the	63
get	him	63
followers	of	63
period	is	63
concept	is	63
institution	in	63
action	against	63
eternal	life	63
you	set	63
coverage	is	63
has	agreed	63
within	three	63
as	per	63
now	known	63
the	module	63
to	persons	63
oppose	the	63
congress	is	63
common	with	63
and	recreational	63
not	hesitate	63
others	may	62
activities	with	62
governance	and	62
to	stress	62
knowing	what	62
defining	the	62
it	looked	62
the	reality	62
these	rules	62
approval	for	62
or	individual	62
incidents	of	62
service	on	62
of	proteins	62
assisted	by	62
experts	from	62
are	protected	62
emphasis	is	62
team	member	62
we	show	62
incentives	for	62
these	methods	62
might	as	62
found	himself	62
advisory	board	62
efforts	by	62
hypothesis	that	62
an	administrative	62
setting	and	62
measures	in	62
in	blood	62
emerged	from	62
our	present	62
politicians	and	62
don't	even	62
latter	is	62
researchers	from	62
rise	and	62
are	actively	62
the	maximum	62
the	israelites	62
his	business	62
are	displayed	62
army	of	62
be	signed	62
energy	savings	62
the	offices	62
the	dispute	62
most	current	62
health	service	62
human	behavior	62
of	nebraska	62
screenreader	users	62
time	and	62
since	his	62
water	and	62
also	taught	62
the	ph	62
an	mba	62
you	apply	62
entirely	different	62
grounds	that	62
too	little	62
acquire	the	62
scholarship	to	62
this	argument	62
mechanical	engineering	62
quality	control	62
persons	to	62
while	these	62
we	can't	62
her	experience	62
of	buildings	62
producer	of	62
of	registration	62
gains	in	62
that	appears	62
you	submit	62
set	at	62
donors	and	62
please	help	62
and	african	62
find	what	62
it's	important	62
and	describe	62
online	learning	62
an	intellectual	62
its	website	62
into	another	62
this	analysis	62
be	confused	62
alternate	page	62
most	frequently	62
line	between	62
economy	in	62
the	fruits	62
post	office	62
this	product	62
in	las	62
again	with	62
main	content	62
could	just	62
three	main	62
talk	to	62
charges	of	62
significant	role	62
practical	and	62
as	ever	62
no	good	62
more	frequent	62
jews	in	62
hot	water	62
to	freedom	62
she	came	62
the	senior	62
shot	at	62
performing	the	62
in	proportion	62
to	zero	62
challenging	the	62
opinion	on	62
candidate	will	62
penalties	for	62
his	story	62
have	proven	62
epa	has	62
the	clouds	62
the	executive	62
than	many	62
to	actively	62
topics	include	62
were	observed	62
and	risks	62
the	noise	62
is	anything	62
programs	as	62
felt	it	62
this	court	62
and	graduated	62
see	no	62
of	ourselves	62
she	felt	62
setting	for	62
calls	on	62
are	safe	62
fresh	and	62
fatty	acids	62
one	group	62
that	purpose	62
choose	between	62
seen	at	62
entertainment	and	62
an	index	62
and	depth	62
on	hold	62
this	video	62
action	that	62
have	achieved	62
coincide	with	62
address	for	62
to	decline	62
the	vessel	62
of	robert	62
actually	have	62
balance	and	62
pilot	project	62
leadership	roles	62
short	stories	62
habitat	and	62
with	president	62
continue	our	62
to	kick	62
debate	in	62
an	address	62
season	in	62
tension	between	62
and	obtain	62
although	there	62
open	to	62
rule	out	62
administrative	and	62
against	any	62
only	need	62
the	preferred	62
the	elimination	62
on	global	62
is	beginning	62
links	for	62
before	moving	62
have	reported	62
our	personal	62
and	prosperity	62
run	through	62
your	efforts	62
in	low	62
people	in	62
biomedical	research	62
that	will	62
returning	from	62
comments	from	62
dignity	of	62
most	dangerous	62
the	atlanta	62
would	suggest	62
other	questions	62
the	overwhelming	62
format	and	62
endorsement	of	62
performed	with	62
is	collected	62
the	measurement	62
is	derived	62
of	meaning	62
after	two	62
and	eight	62
before	them	62
allow	me	62
or	political	62
the	angels	62
were	introduced	62
country	as	62
friend	or	62
for	whatever	62
be	really	62
hearing	on	62
donations	from	62
first	hand	62
this	happen	62
we	ought	62
oversee	the	62
directly	by	62
by	private	62
intellectual	and	62
who	needs	62
would	cost	62
protect	against	62
get	ready	62
reputation	of	62
front	door	62
have	sex	62
by	writing	62
fine	arts	62
coverage	in	62
older	and	62
lower	level	62
we	present	62
moment	when	62
co-author	of	62
the	child	62
workshops	on	62
in	philosophy	62
fastest	growing	62
for	screenreader	62
themselves	are	62
more	accurately	62
discussed	and	62
be	destroyed	62
sometimes	called	62
like	his	62
lord	is	62
assured	that	62
to	experiment	62
brand	of	62
main	focus	62
friend	to	62
search	by	62
door	of	62
wildlife	and	62
acquired	by	62
interested	in	62
some	states	62
but	those	62
his	ability	62
providers	in	62
into	new	62
been	lost	62
not	least	62
products	from	62
man	can	62
big	difference	62
full	list	62
schools	and	62
of	failure	62
preventing	the	62
and	experimental	62
companies	with	62
the	thread	62
bible	and	62
and	lived	62
of	catholic	62
skills	needed	62
store	in	62
details	are	62
sin	and	62
river	and	62
the	foreign	62
at	odds	62
moved	in	62
zip	code	62
always	looking	62
can	pay	62
isolated	from	62
miss	out	62
police	department	62
starts	at	62
was	hit	62
the	reception	62
story	with	62
was	collected	62
the	apostle	62
choose	not	62
upon	by	62
brown	university	62
asked	how	62
of	innovative	62
that	apply	62
class	or	62
hear	it	62
of	intelligence	62
these	four	62
people	here	62
to	england	62
we	propose	62
was	lost	62
application	fee	62
got	up	62
suite	of	62
multiple	times	62
and	sports	62
east	asia	62
in	information	62
of	gdp	62
to	supporting	62
ensuring	the	62
to	fear	62
local	health	62
wonder	why	62
visible	to	62
also	some	62
the	utah	62
you	access	62
directory	of	62
person	may	62
created	from	62
on	duty	62
the	fabric	62
regulation	and	62
student	success	62
from	south	62
voices	of	62
the	sidewalk	62
seeing	you	62
bottle	of	62
sure	there	62
with	john	62
men	have	62
catch	the	62
have	children	62
of	architecture	62
various	forms	62
what	we're	62
private	schools	62
the	inevitable	62
more	questions	62
the	conventional	62
technology	has	62
oil	spill	62
it	went	62
praying	for	62
spokesman	for	62
is	attached	62
their	thoughts	62
animals	that	62
their	property	62
diet	and	62
staff	who	62
campaign	for	62
reactions	to	62
maintained	in	62
degree	or	62
step	by	62
with	these	62
in	fort	62
survey	was	61
the	ranks	61
now	is	61
community	will	61
ask	what	61
try	it	61
under	these	61
site	or	61
managed	care	61
drawing	on	61
traditions	and	61
directly	on	61
the	county	61
of	housing	61
knew	about	61
mac	os	61
officer	of	61
hopeful	that	61
students	have	61
tone	of	61
to	complement	61
phone	or	61
of	stuff	61
than	my	61
other	items	61
puts	the	61
were	released	61
of	james	61
and	mail	61
put	off	61
maybe	you	61
am	interested	61
the	bigger	61
few	seconds	61
great	things	61
be	answered	61
give	rise	61
lessons	and	61
been	left	61
society	in	61
incentive	for	61
are	completed	61
urged	to	61
assessment	of	61
military	personnel	61
their	application	61
is	developed	61
deeper	into	61
but	while	61
being	one	61
this	trend	61
the	cuban	61
offset	the	61
any	specific	61
of	meat	61
some	instances	61
they	provide	61
this	semester	61
fix	it	61
upper	right	61
photography	and	61
or	greater	61
evolution	of	61
to	assemble	61
that	already	61
feelings	and	61
of	concrete	61
student	organizations	61
what	constitutes	61
primary	sources	61
present	an	61
termination	of	61
be	imposed	61
will	display	61
journal	of	61
community	through	61
employee	of	61
high	priority	61
much	they	61
registered	with	61
the	icc	61
provide	assistance	61
can	visit	61
by	springshare	61
its	power	61
sea	ice	61
tagged	with	61
writing	is	61
his	back	61
events	will	61
content	with	61
scale	and	61
these	books	61
is	continuing	61
us	out	61
sharing	and	61
and	hearing	61
the	password	61
here	we	61
of	recommendation	61
allows	users	61
was	nominated	61
haven't	been	61
notification	of	61
the	university's	61
young	girls	61
to	recall	61
been	much	61
low-income	families	61
reveal	that	61
volunteer	opportunities	61
these	other	61
union	of	61
children	or	61
to	apply	61
water	quality	61
for	payment	61
files	that	61
their	very	61
up	being	61
is	valid	61
please	remember	61
and	availability	61
studies	show	61
for	undergraduate	61
of	external	61
paid	off	61
and	frequently	61
or	too	61
trust	that	61
more	reliable	61
the	injury	61
still	had	61
go	around	61
they	both	61
name	from	61
is	invited	61
he	currently	61
the	genus	61
more	productive	61
tool	is	61
irrespective	of	61
and	varied	61
store	for	61
or	others	61
the	supreme	61
their	annual	61
and	sex	61
attention	in	61
the	cape	61
business	hours	61
for	legal	61
you	were	61
student	aid	61
also	included	61
his	words	61
glass	of	61
an	invaluable	61
state	budget	61
which	began	61
the	tube	61
games	in	61
the	body's	61
be	ordered	61
themes	of	61
young	age	61
perspective	and	61
agreements	with	61
in	milwaukee	61
the	narrow	61
early	detection	61
he	knows	61
for	information	61
anything	you	61
of	scripture	61
we	left	61
the	city's	61
was	full	61
decline	of	61
crucial	role	61
everyone	is	61
the	rebels	61
the	house	61
would	tell	61
in	trying	61
level	with	61
compilation	of	61
your	specific	61
this	test	61
to	devote	61
tell	us	61
most	useful	61
learning	and	61
presentation	at	61
to	absorb	61
will	answer	61
the	intensity	61
human	trafficking	61
and	consistent	61
system	which	61
induced	by	61
of	those	61
fund	and	61
every	state	61
and	russian	61
who	think	61
the	mall	61
rounds	of	61
art	is	61
sorry	for	61
employers	to	61
reader	to	61
three	of	61
doors	to	61
election	to	61
be	detected	61
unto	him	61
lined	up	61
these	changes	61
constructed	in	61
his	part	61
of	fine	61
in	ten	61
and	engineers	61
once	we	61
could	potentially	61
wrong	to	61
disease	or	61
stretch	of	61
trapped	in	61
that	neither	61
and	internal	61
and	daughter	61
it	represents	61
and	enthusiasm	61
adverse	effects	61
other	related	61
articles	are	61
may	call	61
this	action	61
basic	research	61
in	political	61
has	conducted	61
the	dc	61
cost	of	61
specified	page	61
his	feet	61
reverse	the	61
and	restore	61
not	attempt	61
rose	to	61
he	may	61
images	that	61
the	women	61
parking	is	61
escape	the	61
relatively	new	61
standards	that	61
on	sunday	61
outreach	to	61
consideration	for	61
about	something	61
real	property	61
so	close	61
although	not	61
common	law	61
this	little	61
be	printed	61
consulting	firm	61
and	beauty	61
the	northeast	61
going	up	61
killed	and	61
church	was	61
from	that	61
the	conference	61
situations	in	61
this	might	61
in	raising	61
be	visible	61
than	simply	61
and	pass	61
is	assumed	61
it	got	61
time	series	61
are	recommended	61
the	corporation	61
its	full	61
please	feel	61
begins	in	61
planning	on	61
nor	does	61
blocks	of	61
academic	affairs	61
abraham	lincoln	61
and	proper	61
the	smithsonian	61
own	lives	61
for	thousands	61
virtually	every	61
as	if	61
you	spend	61
arts	council	61
instruments	and	61
farm	bill	61
pros	and	61
growing	up	61
in	oakland	61
twice	the	61
whatever	it	61
wouldn't	have	61
the	recommendation	61
being	part	61
sustainability	and	61
means	we	61
would	certainly	61
take	us	61
through	them	61
day	in	61
will	live	61
under	its	61
issued	to	61
by	applying	61
begin	their	61
in	vienna	61
for	evaluating	61
the	potential	61
been	proven	61
half	years	61
and	capital	61
this	game	61
thinking	skills	61
page	has	61
to	keep	61
and	delivered	61
one	semester	61
to	delay	61
will	mean	61
our	goals	61
though	you	61
width	of	61
been	diagnosed	61
distinguished	from	61
ask	if	61
all	major	61
survive	in	61
availability	and	61
was	paid	61
requests	to	61
museum	is	61
he	himself	61
their	opinions	61
chosen	as	61
boston	and	61
take	responsibility	61
are	permitted	61
their	loved	61
players	and	61
share	your	61
are	easily	61
all	women	61
mainly	in	61
your	comment	61
challenging	and	61
with	age	61
to	grab	61
essential	part	61
notice	of	61
standards	and	61
and	abilities	61
breakdown	of	61
for	windows	61
executive	vice	61
the	deepest	61
award	winning	61
is	applicable	61
stony	brook	61
sessions	are	61
not	changed	61
apply	it	61
chemical	engineering	61
like	some	61
sampling	of	61
of	journalism	61
takes	time	61
the	white	61
limited	in	61
made	through	60
were	quite	60
as	this	60
many	states	60
this	whole	60
those	of	60
beyond	our	60
good	people	60
the	coalition	60
first	steps	60
connections	and	60
were	involved	60
can	earn	60
of	egypt	60
marriage	is	60
the	attorney	60
training	program	60
advantage	to	60
sold	out	60
on	february	60
district	and	60
for	excellence	60
will	ultimately	60
independence	and	60
of	computers	60
be	consistent	60
the	dates	60
have	forgotten	60
really	be	60
we	discuss	60
the	string	60
been	conducted	60
frequently	asked	60
my	daughter	60
the	permission	60
that	live	60
can	certainly	60
pages	linked	60
she	asked	60
on	four	60
those	individuals	60
are	vital	60
will	involve	60
development	as	60
thou	shalt	60
that	knowledge	60
to	flow	60
situations	and	60
proposals	to	60
theme	is	60
award	in	60
the	angle	60
followed	in	60
today	is	60
even	less	60
their	studies	60
job	opportunities	60
as	chair	60
start	your	60
houses	in	60
married	in	60
project	at	60
in	greece	60
and	celebrate	60
no	question	60
new	species	60
central	nervous	60
in	minneapolis	60
our	city	60
finished	with	60
lived	and	60
think	tank	60
that	represents	60
that	there's	60
spend	some	60
thousand	dollars	60
minutes	before	60
he	completed	60
handled	by	60
we	always	60
and	achieve	60
harder	for	60
the	lack	60
the	lodge	60
rate	was	60
to	ascertain	60
cancer	risk	60
much	information	60
committee	for	60
by	filling	60
login	to	60
must	pass	60
attacks	in	60
why	people	60
master	plan	60
the	messiah	60
return	from	60
on	food	60
risks	to	60
eminent	domain	60
find	ourselves	60
the	ad	60
achievement	in	60
trees	are	60
highlights	of	60
on	climate	60
not	provided	60
tickets	for	60
higher	risk	60
first	aid	60
knowledge	on	60
surface	water	60
entrance	of	60
communities	across	60
hands-on	experience	60
the	diet	60
city	that	60
country	club	60
into	these	60
people	need	60
tests	for	60
the	plaintiffs	60
rules	of	60
foreign	service	60
have	evolved	60
striving	to	60
for	reasons	60
require	more	60
like	what	60
california	at	60
but	her	60
and	molecular	60
own	business	60
of	communications	60
in	demand	60
those	we	60
try	out	60
changed	my	60
land	on	60
directly	related	60
specified	category	60
the	hopes	60
masters	of	60
of	supporting	60
ease	the	60
something	which	60
have	called	60
salvation	army	60
of	diversity	60
cut	in	60
organized	in	60
social	service	60
she	added	60
implicated	in	60
picture	is	60
organization	or	60
your	fellow	60
infectious	diseases	60
society	is	60
until	recently	60
great	many	60
reading	about	60
it	harder	60
first	woman	60
to	finally	60
development	in	60
demonstrated	the	60
and	coordinate	60
after	completing	60
still	available	60
his	favorite	60
been	associated	60
and	update	60
just	get	60
the	formula	60
very	powerful	60
california	is	60
breaks	down	60
anger	and	60
the	dining	60
few	decades	60
impact	that	60
part	ii	60
explain	that	60
to	protecting	60
two	daughters	60
symptoms	are	60
one	single	60
the	slow	60
should	help	60
for	academic	60
republicans	and	60
of	pediatrics	60
stood	in	60
control	system	60
or	rather	60
elected	by	60
give	some	60
navigation	skip	60
in	setting	60
south	to	60
first	four	60
pertains	to	60
little	over	60
presentations	on	60
because	its	60
be	opened	60
stuff	that	60
conflicts	of	60
through	various	60
give	students	60
from	may	60
she	took	60
that	impact	60
comparing	the	60
an	attractive	60
we	wish	60
and	released	60
it	works	60
text	in	60
what's	the	60
books	about	60
least	five	60
add	the	60
her	two	60
one	area	60
called	him	60
were	provided	60
crops	and	60
job	growth	60
on	aging	60
and	genetic	60
filed	in	60
to	receive	60
and	asking	60
and	cons	60
it's	like	60
guy	who	60
we	plan	60
environmental	impacts	60
these	reasons	60
especially	on	60
artists	who	60
in	teaching	60
the	baseline	60
see	above	60
teaching	experience	60
performance	on	60
at	lower	60
were	actually	60
the	bathroom	60
that	states	60
leaves	and	60
on	energy	60
you	realize	60
the	magic	60
because	no	60
updates	and	60
outbreak	of	60
with	parents	60
microsoft	office	60
flow	and	60
obedience	to	60
resolution	to	60
more	interested	60
for	science	60
forces	to	60
highly	recommend	60
in	fall	60
university	is	60
and	towns	60
plays	in	60
you	talk	60
for	every	60
turning	the	60
an	editor	60
risk	is	60
might	seem	60
fruit	of	60
and	agricultural	60
academic	institutions	60
other	local	60
just	don't	60
stood	up	60
lived	with	60
obstacle	to	60
the	standard	60
third	world	60
news	on	60
any	student	60
something	they	60
services	will	60
prize	in	60
an	island	60
be	hosting	60
editorial	board	60
the	student	60
indicative	of	60
spot	on	60
index	of	60
myself	as	60
yourself	with	60
relief	to	60
last	updated	60
in	nyc	60
not	worth	60
choice	is	60
and	registration	60
most	prestigious	60
an	indication	60
aid	for	60
desires	to	60
this	map	60
the	local	60
economic	crisis	60
the	subject	60
new	school	60
university	library	60
accompany	the	60
projects	on	60
step	toward	60
days	at	60
students	take	60
only	been	60
taken	seriously	60
after	his	60
watch	for	60
like	one	60
initiative	of	60
the	language	60
attend	this	60
the	wealthy	60
application	deadline	60
been	unable	60
sessions	will	60
the	query	60
is	identified	60
hosted	the	60
rate	at	60
the	revolution	60
out	its	60
in	cleveland	60
risk	factor	59
add	up	59
the	words	59
holy	ghost	59
are	real	59
of	milk	59
me	more	59
lay	the	59
to	browse	59
reliable	and	59
education	or	59
of	gravity	59
to	work	59
she	currently	59
request	for	59
care	professionals	59
but	once	59
for	safety	59
changes	related	59
by	appointment	59
with	diverse	59
why	did	59
schedule	is	59
you	get	59
owns	the	59
decided	by	59
with	over	59
the	reverse	59
seminars	and	59
spoken	to	59
allow	students	59
the	ear	59
speaks	of	59
your	profile	59
be	concerned	59
performance	is	59
that	mean	59
you	bring	59
access	this	59
came	here	59
be	caused	59
for	studying	59
civil	engineering	59
study	also	59
commemorate	the	59
of	biological	59
come	under	59
computer	systems	59
in	history	59
standing	on	59
to	waste	59
tax	system	59
partner	of	59
be	executed	59
were	concerned	59
housing	for	59
at	washington	59
look	around	59
the	passion	59
showing	up	59
medical	information	59
targets	for	59
asserted	that	59
students	do	59
can	leave	59
describe	how	59
children	can	59
your	feedback	59
audience	to	59
due	by	59
and	changing	59
are	preparing	59
the	laser	59
of	emergency	59
an	educator	59
in	leadership	59
their	success	59
mounted	on	59
may	think	59
legal	issues	59
are	received	59
the	governor's	59
their	contributions	59
is	specifically	59
for	persons	59
and	track	59
for	measuring	59
park	and	59
ambassador	to	59
battle	with	59
from	january	59
in	chapter	59
accounts	and	59
us	army	59
two	important	59
got	an	59
but	my	59
an	examination	59
industry	that	59
helped	her	59
this	summer	59
conflict	resolution	59
excerpts	from	59
our	results	59
analyze	and	59
gmt	x-varnish	59
quality	assurance	59
they	felt	59
the	hiring	59
speaking	of	59
states	are	59
we	talked	59
were	obtained	59
olive	oil	59
took	her	59
of	damage	59
others	as	59
in	indiana	59
the	nose	59
the	best	59
and	accept	59
lake	county	59
input	to	59
and	waste	59
within	which	59
wayne	state	59
will	guide	59
research	group	59
meet	our	59
medical	college	59
the	cat	59
charged	for	59
the	ends	59
local	economy	59
if	you've	59
wise	to	59
faculty	advisor	59
by	government	59
high	degree	59
their	original	59
position	for	59
possible	without	59
for	promoting	59
several	decades	59
there	should	59
fire	protection	59
teach	us	59
county	health	59
is	governed	59
an	advisory	59
have	focused	59
with	chronic	59
experiential	learning	59
released	on	59
the	breadth	59
other	thing	59
they	represent	59
emerge	from	59
expected	in	59
apparent	that	59
or	create	59
an	estimate	59
junior	year	59
exclusion	of	59
other	half	59
bag	of	59
in	geneva	59
article	for	59
whatever	is	59
that	follow	59
event	with	59
studies	program	59
career	opportunities	59
my	family	59
force	for	59
has	sent	59
undertaken	by	59
cover	all	59
stories	in	59
and	lay	59
an	appreciation	59
cord	blood	59
dates	of	59
many	forms	59
emphasized	that	59
by	step	59
environment	with	59
consumers	to	59
ran	out	59
because	these	59
activities	such	59
enhance	your	59
this	conversation	59
is	facing	59
be	carefully	59
bar	and	59
the	decade	59
as	always	59
base	in	59
are	recognized	59
huffington	post	59
footage	of	59
the	proposals	59
half	hour	59
from	college	59
teamed	up	59
he	spoke	59
markets	in	59
always	wanted	59
valuable	to	59
be	capable	59
this	tool	59
the	indonesian	59
will	facilitate	59
coordination	and	59
the	capital	59
we	asked	59
income	is	59
same	place	59
and	dry	59
density	of	59
are	sold	59
upon	your	59
of	higher	59
left	at	59
situated	in	59
strategies	for	59
writes	about	59
times	are	59
we	welcome	59
device	that	59
he	doesn't	59
hours	before	59
they	relate	59
beneficial	for	59
up	after	59
paired	with	59
the	lease	59
person	at	59
and	richard	59
our	students	59
bread	and	59
product	development	59
an	experimental	59
would	change	59
prevalent	in	59
in	spring	59
not	hold	59
of	delaware	59
proficiency	in	59
one	cannot	59
data	and	59
initiative	and	59
in	manhattan	59
took	an	59
industries	and	59
registration	for	59
animal	and	59
to	increasing	59
the	dutch	59
become	familiar	59
to	reproduce	59
resulted	from	59
including	all	59
of	ancient	59
by	american	59
had	spent	59
conservation	efforts	59
the	governing	59
its	relationship	59
park	in	59
are	thought	59
of	establishing	59
important	things	59
an	emotional	59
still	do	59
was	having	59
south	sudan	59
again	at	59
cannot	see	59
you	run	59
other	users	59
speaking	at	59
its	effects	59
high	speed	59
development	programs	59
and	feelings	59
email	me	59
get	us	59
system	or	59
and	hit	59
information	center	59
otherwise	be	59
experience	was	59
coverage	to	59
evolved	into	59
publicly	available	59
service	or	59
of	musical	59
the	testimony	59
fun	for	59
not	everyone	59
been	part	59
very	positive	59
the	eve	59
manages	to	59
out	loud	59
spending	and	59
was	true	59
systems	with	59
valid	for	59
funds	in	59
at	texas	59
place	from	59
surprise	that	59
situation	that	59
also	created	59
peers	and	59
more	successful	59
for	eight	59
states	department	59
been	exposed	59
arrangements	for	59
these	patients	59
our	area	59
minds	and	59
the	minister	59
and	germany	59
saving	the	59
save	you	59
created	with	59
graduated	in	59
agencies	have	59
in	red	59
episcopal	church	59
do	any	59
institution	to	59
the	blessed	59
for	planning	59
the	farm	59
eve	of	59
your	vehicle	59
to	achieve	59
your	education	59
falls	into	59
the	north	59
right	time	59
this	suggests	59
completed	at	59
of	wildlife	59
not	ask	59
regarding	the	59
warned	that	59
is	visible	59
was	obtained	59
maintain	their	59
how	could	59
use	only	59
everything	is	59
career	development	59
an	updated	59
projects	have	59
rutgers	university	59
of	print	59
just	going	59
movements	and	59
and	finance	59
army	corps	59
must	continue	59
for	your	59
half	an	59
bridge	the	59
lines	in	59
and	alternative	59
your	department	59
their	field	59
tax	returns	59
curriculum	that	59
mother	is	59
the	associated	59
must	work	59
was	installed	59
his	return	59
an	industrial	59
moved	by	59
no	difference	59
you	didn't	59
against	an	59
the	dramatic	59
the	chesapeake	59
the	fee	59
local	area	59
fully	understand	59
the	campus	59
and	compliance	59
newspapers	and	59
own	country	59
county	library	59
collaborative	effort	59
human	brain	58
by	former	58
and	welfare	58
vital	role	58
had	three	58
but	nothing	58
parking	lots	58
origin	and	58
the	rate	58
religion	in	58
calls	and	58
girls	to	58
items	from	58
the	editors	58
your	partner	58
she	then	58
insects	and	58
grant	is	58
the	strengths	58
feel	as	58
may	increase	58
an	oil	58
million	acres	58
first	quarter	58
arrive	in	58
know	all	58
of	weapons	58
club	and	58
can	obtain	58
skills	as	58
oklahoma	city	58
provided	through	58
when	needed	58
and	scope	58
is	suggested	58
to	be	58
available	only	58
an	abortion	58
was	struck	58
that	got	58
in	nigeria	58
building	an	58
should	ask	58
of	rice	58
your	country	58
that	way	58
requirement	to	58
by	february	58
then	used	58
tradition	and	58
little	too	58
workers	have	58
be	restored	58
medicine	at	58
vehicles	and	58
chose	the	58
for	fun	58
the	day-to-day	58
the	circuit	58
the	terms	58
and	submitted	58
organic	matter	58
projects	will	58
by	faith	58
past	four	58
with	its	58
an	honorary	58
was	available	58
since	we	58
guide	you	58
description	of	58
published	online	58
the	qualities	58
driving	force	58
and	wait	58
of	continuing	58
the	transport	58
nice	and	58
and	analyzed	58
dollars	and	58
other	community	58
from	doing	58
come	along	58
risk	management	58
these	products	58
pressure	in	58
recovering	from	58
provide	this	58
these	important	58
funded	through	58
still	very	58
plant	species	58
our	favorite	58
house	on	58
has	often	58
on	foreign	58
obtained	in	58
settings	and	58
his	support	58
be	adjusted	58
into	any	58
make	new	58
pacific	ocean	58
look	on	58
careful	to	58
also	allows	58
of	fort	58
expensive	to	58
sector	in	58
department	has	58
places	on	58
can	best	58
some	type	58
the	electrical	58
the	borders	58
been	submitted	58
with	jesus	58
parent	share	58
your	last	58
show	your	58
interface	to	58
the	hidden	58
most	widely	58
the	secretary	58
talk	will	58
doctor	will	58
the	brothers	58
fascinated	by	58
the	southeast	58
as	mentioned	58
of	aging	58
he	became	58
rooms	are	58
because	when	58
real	problem	58
manner	and	58
our	youth	58
in	korea	58
don't	miss	58
into	play	58
same	level	58
for	clients	58
press	and	58
iran	and	58
requires	an	58
third	time	58
to	shop	58
are	planned	58
and	there's	58
table	in	58
the	controversy	58
ask	the	58
they	meet	58
the	dogs	58
our	job	58
young	adult	58
telling	me	58
italy	and	58
not	using	58
in	pursuing	58
or	six	58
parent	or	58
each	step	58
recipe	for	58
the	chart	58
initiative	is	58
their	care	58
follow	these	58
other	projects	58
disciplines	and	58
has	asked	58
ran	into	58
been	built	58
with	social	58
divided	by	58
growing	season	58
the	space	58
food	or	58
clear	from	58
ended	the	58
ignoring	the	58
from	mexico	58
from	either	58
advancing	the	58
join	our	58
movement	that	58
in	journalism	58
and	photos	58
can	identify	58
these	courses	58
is	constantly	58
also	holds	58
no	wonder	58
stock	of	58
his	company	58
site	with	58
food	supply	58
expression	is	58
days	or	58
published	on	58
day	will	58
became	known	58
social	problems	58
which	now	58
to	london	58
cares	about	58
the	tank	58
the	signature	58
in	philosophy	58
lutheran	church	58
recorded	on	58
she	made	58
feed	for	58
who	say	58
the	internship	58
it	won't	58
health	organization	58
the	advisory	58
is	requested	58
the	metal	58
colleges	and	58
got	some	58
the	natural	58
than	normal	58
of	renewable	58
by	removing	58
on	weekends	58
the	doctor	58
the	transmission	58
brought	back	58
famous	for	58
included	in	58
with	greater	58
that's	why	58
because	they	58
the	specific	58
term	as	58
synonymous	with	58
maintains	the	58
already	on	58
through	some	58
in	environmental	58
shall	also	58
meant	for	58
sierra	club	58
map	to	58
of	debt	58
against	humanity	58
he	knew	58
even	get	58
existed	in	58
formula	for	58
the	shadows	58
he	finds	58
honors	program	58
gay	and	58
congress	in	58
triggered	by	58
space	that	58
reasons	that	58
keep	my	58
had	begun	58
their	financial	58
and	statistics	58
line	up	58
worried	that	58
amend	the	58
fast	food	58
counted	as	58
teaching	is	58
into	each	58
you	walk	58
that	sort	58
highly	recommended	58
change	this	58
confidence	to	58
and	leads	58
stand	with	58
on	environmental	58
captures	the	58
journalists	and	58
particularly	those	58
we	wish	58
approval	from	58
trials	of	58
fox	news	58
whenever	possible	58
styles	and	58
for	israel	58
of	oxygen	58
profession	and	58
miss	this	58
about	things	58
his	speech	58
areas	as	58
most	obvious	58
true	if	58
current	system	58
corporate	and	58
is	measured	58
reminder	that	58
they	received	58
sharing	your	58
of	collective	58
or	anyone	58
charged	to	58
the	cleveland	58
same-sex	couples	58
was	sold	58
our	experience	58
be	critical	58
is	designated	58
presents	an	58
school	board	58
of	ownership	58
the	arabs	58
and	output	58
at	its	58
to	access	58
not	tell	58
and	sanitation	58
the	dominican	58
to	consume	58
generous	support	58
detail	in	58
bad	thing	58
of	agricultural	58
successfully	completed	58
this	concept	58
the	office	58
in	primary	58
structures	in	58
bring	back	58
aiming	to	58
protects	the	58
to	yield	58
really	appreciate	58
and	george	58
and	sustained	58
justice	department	58
sometimes	it	58
shed	light	58
the	kennedy	58
park	is	58
blessed	to	58
just	three	58
detection	and	58
the	screening	58
of	ordinary	58
light	is	58
the	keyboard	58
been	making	58
and	forced	58
the	series	58
defects	in	58
statement	on	58
are	paying	58
efforts	at	58
whom	she	58
in	healthcare	58
share	twitter	58
ahead	to	58
volunteer	and	58
she	served	58
really	enjoyed	58
we	strongly	58
the	honors	58
dedication	of	58
very	often	58
like	more	58
recovered	from	58
this	mission	58
competition	is	58
support	services	58
memorial	hospital	58
other	aspects	58
pregnancy	and	58
table	below	58
we	made	58
in	participating	58
forward	for	58
producers	and	58
use	my	58
walk	away	58
many	young	58
her	name	58
become	involved	58
who	lost	58
justice	in	58
microsoft	word	58
than	being	58
and	feed	58
them	away	58
our	relationship	58
archive	of	58
their	members	58
plant	is	58
requiring	the	58
practice	for	58
public	art	58
before	an	58
his	people	58
composition	and	58
atmosphere	and	58
his	phd	58
behavior	that	58
also	responsible	58
should	receive	58
and	you're	58
one's	own	58
like	when	58
behind	them	58
samples	were	58
is	acceptable	58
israel	in	58
the	unity	58
in	shaping	58
and	contributions	58
equipment	that	58
one	response	58
news	stories	58
some	places	58
building	on	58
and	expectations	58
do	good	58
endowed	with	58
does	your	58
windows	and	58
and	spoke	58
research	papers	58
that	control	58
he	now	58
for	adoption	58
and	shape	58
of	section	58
include	your	58
board	meeting	58
who	seek	58
depends	upon	58
handed	out	58
court	order	58
giving	back	58
with	regard	57
your	membership	57
the	exterior	57
to	significantly	57
american	heart	57
long	distance	57
will	generate	57
took	his	57
basic	needs	57
pennsylvania	and	57
reason	we	57
issues	affecting	57
for	emergency	57
summarizes	the	57
situations	that	57
the	chamber	57
and	putting	57
several	reasons	57
committees	and	57
preserve	and	57
local	schools	57
included	with	57
degrees	and	57
estimated	at	57
negative	impact	57
responsibilities	and	57
its	commitment	57
of	disability	57
plays	an	57
confidence	that	57
government	would	57
big	data	57
background	check	57
these	numbers	57
loved	to	57
died	from	57
fact	sheet	57
solving	the	57
new	position	57
online	resources	57
of	greenhouse	57
oral	health	57
head	on	57
over	five	57
manager	at	57
university	libraries	57
circumstances	and	57
proved	that	57
witnessed	the	57
and	perspectives	57
university	medical	57
oil	companies	57
exchange	and	57
award	was	57
still	get	57
and	agreed	57
things	will	57
we	really	57
our	very	57
an	acceptable	57
situation	where	57
is	delivered	57
concept	that	57
receive	from	57
searched	for	57
and	beliefs	57
the	legal	57
system	of	57
foreign	policy	57
war	on	57
on	certain	57
attempt	at	57
the	greatest	57
ten	days	57
excitement	of	57
or	read	57
immersed	in	57
can	trust	57
are	possible	57
complain	about	57
information	system	57
the	forum	57
big	picture	57
odds	of	57
house	for	57
what	else	57
drug	abuse	57
our	history	57
working	groups	57
is	contained	57
more	affordable	57
key	component	57
as	likely	57
applications	from	57
by	mark	57
based	at	57
your	feet	57
the	bacteria	57
concludes	with	57
meeting	in	57
an	age	57
financial	information	57
claims	and	57
by	december	57
have	remained	57
of	connecticut	57
and	traditions	57
it	worked	57
the	suggestion	57
himself	with	57
delivered	in	57
the	last	57
worked	closely	57
later	date	57
parents	have	57
walked	into	57
many	parts	57
for	failing	57
the	intent	57
and	democratic	57
from	march	57
to	deploy	57
and	error	57
presentation	by	57
methods	used	57
down	there	57
client	and	57
the	fault	57
communist	party	57
was	truly	57
in	association	57
please	refer	57
never	knew	57
state	legislature	57
designs	and	57
affairs	and	57
one	case	57
an	abundance	57
also	supports	57
finish	line	57
well	done	57
no	exception	57
the	defence	57
each	country	57
twitter	and	57
as	small	57
we	live	57
the	priority	57
come	and	57
repair	and	57
value	that	57
on	building	57
has	released	57
administer	the	57
deserve	to	57
user	is	57
crucial	for	57
the	manufacturer	57
thoughts	about	57
just	finished	57
of	jews	57
run	away	57
should	give	57
metropolitan	area	57
school	teacher	57
the	texts	57
there	might	57
the	supreme	57
recommendations	on	57
times	over	57
conclusion	is	57
row	of	57
he	first	57
embarked	on	57
president	george	57
in	practice	57
against	his	57
as	expected	57
some	money	57
working	toward	57
may	arise	57
in	light	57
including	their	57
the	oceans	57
wood	and	57
capabilities	and	57
not	received	57
different	forms	57
objects	are	57
of	candidates	57
can	write	57
these	people	57
read	your	57
the	negotiations	57
introduced	into	57
draw	on	57
is	accessible	57
age	groups	57
while	you	57
and	fight	57
the	trinity	57
clean	air	57
better	future	57
business	development	57
records	that	57
of	liberty	57
be	complete	57
expand	and	57
else	that	57
may	look	57
changed	from	57
world's	most	57
by	setting	57
easier	than	57
this	film	57
find	new	57
take	one	57
have	taught	57
three	hundred	57
were	removed	57
telling	you	57
citizen	of	57
younger	than	57
set	it	57
american	medical	57
presidential	election	57
runs	from	57
will	carry	57
board	is	57
in	chemistry	57
for	jobs	57
supported	in	57
of	toronto	57
reaches	the	57
his	current	57
or	indirectly	57
provisions	for	57
this	population	57
against	all	57
noted	above	57
the	expectation	57
have	entered	57
very	likely	57
surprised	by	57
to	achieving	57
summary	of	57
chances	are	57
the	prime	57
is	led	57
at	camp	57
main	reason	57
they	start	57
into	how	57
movements	of	57
concepts	in	57
department	chair	57
was	concerned	57
the	highest	57
again	this	57
house	on	57
lacking	in	57
replace	it	57
to	repay	57
payment	is	57
in	pittsburgh	57
not	easily	57
were	several	57
went	with	57
arts	education	57
over	four	57
been	paid	57
the	large	57
is	rare	57
adam	and	57
national	wildlife	57
hours	or	57
tested	the	57
and	rewarding	57
not	put	57
you	continue	57
the	farmer	57
of	extreme	57
their	high	57
through	education	57
path	and	57
oregon	and	57
this	training	57
the	revenue	57
the	habit	57
the	attitude	57
friends	or	57
labor	day	57
important	work	57
made	into	57
you	actually	57
with	traditional	57
started	working	57
school	has	57
emergency	management	57
strongly	encouraged	57
music	and	57
to	punish	57
key	west	57
am	grateful	57
and	selling	57
it's	like	57
position	will	57
is	equipped	57
you	send	57
why	are	57
engaged	with	57
the	aggregate	57
well	into	57
exposure	of	57
items	for	57
tests	to	57
the	declaration	57
of	bacteria	57
hudson	river	57
entry	in	57
employee	is	57
the	deck	57
we	stand	57
to	boston	57
assure	you	57
stronger	and	57
taking	over	57
has	supported	57
local	agencies	57
of	mechanical	57
now	know	57
an	instance	57
it	wasn't	57
they	appear	57
this	makes	57
access	your	57
receive	updates	57
the	vertical	57
program	designed	57
environmental	health	57
ovarian	cancer	57
management	system	57
have	high	57
for	volunteers	57
and	install	57
of	afghanistan	57
new	skills	57
into	force	57
might	make	57
conversation	and	57
weapons	of	57
opens	up	57
candidates	to	57
because	people	57
catholic	charities	57
teach	you	57
prepares	students	57
telephone	number	57
egypt	and	57
is	passed	57
obama	to	57
that	creates	57
happens	if	57
the	demonstration	57
will	write	57
were	received	57
political	will	57
front	page	57
the	applicants	57
learn	to	57
his	father's	57
comment	period	57
rest	in	57
texts	and	57
director	at	57
drop	the	57
with	six	57
he	decided	57
book	will	57
leadership	positions	57
and	teens	57
take	out	57
and	fast	57
safe	for	57
provide	additional	57
books	and	57
sector	of	57
they	left	57
package	of	57
the	penalty	57
the	resurrection	57
in	concert	57
prospects	for	57
to	reconsider	57
for	low-income	57
board	certified	57
and	serving	57
but	don't	57
force	is	57
originally	published	57
copyright	law	57
of	confidence	57
she	should	57
not	far	57
expanded	the	57
the	gates	57
any	longer	57
everything	they	57
does	so	57
will	post	57
be	forwarded	57
and	urban	57
and	relationships	57
with	learning	57
of	christmas	57
liable	to	57
about	life	57
recommendation	to	57
an	automatic	57
technology	in	57
the	television	57
its	second	57
they	try	57
with	men	57
job	for	57
link	on	57
these	principles	57
rationale	for	57
this	campaign	57
you're	interested	57
from	india	57
possibility	to	57
did	was	57
meals	and	57
the	alumni	57
risks	associated	57
their	projects	57
we're	not	57
living	in	57
parents	or	57
elementary	schools	57
working	people	57
social	movements	57
leaders	will	57
included	as	57
fair	use	57
and	sustain	57
the	profile	57
an	honest	57
angeles	county	57
and	tourism	57
not	cover	57
got	my	57
has	consistently	57
chapter	on	57
adults	are	57
spend	on	57
and	payment	57
you	sign	57
any	means	57
the	cure	57
committee	is	57
comes	down	57
was	allowed	57
local	law	57
together	by	57
turned	over	57
didn't	get	57
authority	on	56
away	as	56
article	that	56
an	exchange	56
good	works	56
far	greater	56
solid	foundation	56
each	time	56
and	bringing	56
what	were	56
will	surely	56
their	political	56
and	media	56
the	individual	56
than	if	56
urge	the	56
county	in	56
to	thousands	56
been	waiting	56
and	communication	56
of	salt	56
the	ensuing	56
are	widely	56
the	symposium	56
dark	and	56
also	gave	56
to	heat	56
deeper	understanding	56
certainly	be	56
from	four	56
enrich	the	56
the	big	56
want	more	56
their	dreams	56
was	especially	56
fellow	of	56
attendance	and	56
food	from	56
happening	to	56
achieved	in	56
was	charged	56
from	throughout	56
she	would	56
of	heavy	56
thoughts	of	56
the	march	56
experimenting	with	56
friends	at	56
not	immediately	56
may	submit	56
that	created	56
the	theatre	56
in	economics	56
deny	that	56
and	presents	56
the	nsa	56
pm	by	56
minutes	or	56
and	earth	56
in	richmond	56
be	having	56
en	route	56
of	achieving	56
of	gratitude	56
medical	conditions	56
represents	an	56
for	summer	56
go	there	56
tell	if	56
not	listed	56
an	injury	56
expectations	for	56
ethics	and	56
museums	and	56
call	our	56
also	reported	56
with	love	56
of	pride	56
the	alaska	56
sensitivity	to	56
led	me	56
minister	of	56
of	consumers	56
that	benefit	56
we	help	56
in	green	56
training	course	56
initiatives	in	56
for	submission	56
him	who	56
table	is	56
its	position	56
flash	player	56
take	any	56
seniors	and	56
you'll	see	56
only	does	56
within	five	56
chunk	of	56
content	from	56
officer	and	56
to	begin	56
is	rarely	56
ever	since	56
vary	in	56
currently	enrolled	56
learning	to	56
they	make	56
of	religion	56
any	state	56
work	ethic	56
not	set	56
the	future	56
small	amounts	56
by	simply	56
received	at	56
the	czech	56
of	conscience	56
of	emotional	56
economic	activity	56
pride	and	56
the	early	56
the	genome	56
registered	in	56
and	engaged	56
very	seriously	56
the	tables	56
at	princeton	56
we	already	56
on	understanding	56
of	sea	56
assortment	of	56
numbers	for	56
been	widely	56
not	meant	56
comes	at	56
been	here	56
are	drawn	56
better	life	56
but	must	56
to	mobilize	56
are	normally	56
no	small	56
team	from	56
volunteers	in	56
news	conference	56
who	became	56
ties	with	56
observance	of	56
each	new	56
joining	us	56
significant	number	56
after	an	56
by	force	56
so	do	56
to	changing	56
principles	to	56
to	warn	56
fishing	and	56
keep	this	56
accomplish	the	56
studies	with	56
policies	are	56
the	manual	56
we	recognize	56
the	portland	56
please	provide	56
guys	are	56
your	online	56
with	respect	56
an	association	56
began	at	56
over	her	56
was	replaced	56
general	education	56
more	sensitive	56
on	why	56
the	quality	56
since	she	56
clothes	and	56
what	it	56
feed	on	56
only	four	56
diabetes	and	56
came	through	56
can	register	56
pierce	county	56
this	evening	56
scholarship	is	56
while	there	56
the	performance	56
the	children's	56
the	weak	56
career	goals	56
by	placing	56
the	eucharist	56
officer	for	56
who	joined	56
the	twin	56
judgment	and	56
coping	with	56
she	earned	56
as	others	56
cancer	treatment	56
step	on	56
the	museum	56
confirmed	the	56
discussed	with	56
hard	copy	56
student	life	56
course	or	56
tell	her	56
perhaps	it	56
illustrated	by	56
the	islands	56
are	easy	56
the	general	56
ohio	and	56
granted	by	56
facets	of	56
destined	to	56
headquartered	in	56
environmentally	friendly	56
anyone	interested	56
had	enough	56
learning	disabilities	56
in	albany	56
the	opinions	56
the	classical	56
research	methods	56
fire	in	56
world	report	56
proportion	to	56
inches	of	56
that	i've	56
groups	with	56
to	russia	56
provide	opportunities	56
with	staff	56
the	common	56
the	plastic	56
are	addressed	56
put	her	56
for	details	56
the	nature	56
call	the	56
will	engage	56
is	slightly	56
body	that	56
ask	yourself	56
legal	advice	56
more	deeply	56
doing	research	56
the	flexibility	56
one	particular	56
the	way	56
have	significant	56
get	what	56
this	beautiful	56
prepare	you	56
entire	life	56
replaced	the	56
was	far	56
in	russian	56
very	far	56
why	she	56
noticed	the	56
and	fresh	56
bank	of	56
their	plans	56
body	weight	56
to	cure	56
dates	are	56
childhood	obesity	56
were	done	56
shall	provide	56
and	presentations	56
move	away	56
ranks	of	56
was	happy	56
their	particular	56
social	life	56
state	has	56
and	extensive	56
close	x-powered-by	56
the	shift	56
lead	us	56
of	toxic	56
the	recruitment	56
due	on	56
modeling	and	56
they	continue	56
my	hands	56
the	top	56
are	higher	56
is	understood	56
creative	writing	56
the	library	56
were	placed	56
include	any	56
of	corrections	56
this	story	56
the	everyday	56
and	evolution	56
terms	are	56
call	your	56
see	whether	56
needed	by	56
spaces	and	56
bill	clinton	56
issues	in	56
more	traditional	56
citizens	who	56
continued	in	56
your	topic	56
in	criminal	56
but	since	56
in	ghana	56
processes	are	56
declaration	of	56
comes	back	56
the	brand	56
help	create	56
the	expectations	56
almost	all	56
review	is	56
are	distributed	56
its	future	56
jesus	said	56
the	port	56
the	banking	56
establish	an	56
limiting	the	56
makes	up	56
the	certification	56
us	so	56
trying	to	56
that	either	56
so	why	56
surprised	at	56
at	west	56
and	ethics	56
the	suspect	56
the	swedish	56
after	one	56
for	finding	56
has	something	56
the	load	56
northern	virginia	56
her	job	56
been	quite	56
but	since	56
points	are	56
per	semester	56
in	sports	56
admission	to	56
services	such	56
well	established	56
the	presidency	56
remember	to	56
new	year's	56
had	hoped	56
protect	them	56
personal	life	56
show	at	56
do	much	56
brother	of	56
excellence	and	56
is	automatically	56
an	electric	56
owners	to	56
contends	that	56
board	for	56
the	accompanying	56
conference	center	56
works	that	56
enables	us	56
split	into	56
contacting	the	56
ground	water	56
got	me	56
making	of	56
dinner	at	56
are	strong	56
open	house	56
and	ending	56
maybe	the	56
all	public	56
therapy	is	56
the	wire	56
will	consist	56
the	stairs	56
this	claim	56
an	insurance	56
the	presentations	56
perhaps	you	56
farming	and	56
brain	injury	56
diverse	group	56
which	seems	56
benefit	for	56
and	i've	56
the	presidential	56
any	good	56
fall	under	56
portfolio	of	56
aim	at	56
of	corn	56
his	political	56
home	health	56
shapes	and	56
income	in	56
the	array	56
than	anyone	56
assert	that	56
period	from	56
the	judicial	56
raising	awareness	56
future	research	56
seem	that	56
protein	is	56
an	obligation	56
is	issued	56
commentary	on	56
safe	place	56
the	country	56
among	these	56
the	delta	56
options	available	56
participation	in	56
accountability	and	56
better	at	56
the	public	56
the	tennessee	56
the	broken	56
to	content	56
be	linked	56
to	gauge	56
important	aspect	56
incorporate	the	56
no	point	56
directors	and	56
well	beyond	56
know	there	56
machine	learning	56
this	stuff	56
in	situ	56
come	through	56
submission	to	56
to	flee	55
navigate	through	55
they	decided	55
help	protect	55
this	passage	55
summary	judgment	55
any	man	55
the	flowers	55
but	many	55
these	funds	55
awards	are	55
obstacles	to	55
dare	to	55
mindful	of	55
recommendation	of	55
be	missed	55
in	agreement	55
theory	and	55
much	lower	55
fell	to	55
put	forth	55
the	organizers	55
bring	out	55
from	class	55
student	from	55
mail	to	55
in	store	55
the	benefits	55
this	picture	55
will	reach	55
urged	the	55
topic	is	55
techniques	are	55
we	took	55
the	sacramento	55
wind	energy	55
the	variables	55
academic	performance	55
and	parking	55
energy	efficient	55
the	apostle	55
of	identifying	55
council	has	55
quality	care	55
marketing	and	55
educational	materials	55
god	does	55
information	such	55
of	western	55
court	for	55
with	clients	55
be	specified	55
really	think	55
between	people	55
accord	with	55
the	holy	55
arguments	for	55
of	chemistry	55
where	did	55
lay	down	55
the	internet	55
remember	what	55
be	deleted	55
embassy	in	55
the	brazilian	55
been	granted	55
may	go	55
with	increasing	55
as	low	55
illinois	state	55
makes	for	55
spot	in	55
surgery	is	55
into	other	55
in	adult	55
of	spain	55
will	contain	55
law	firms	55
petition	to	55
some	important	55
am	always	55
faith	that	55
scientific	knowledge	55
same	type	55
their	interest	55
getting	out	55
me	some	55
have	someone	55
of	wind	55
the	involvement	55
it	serves	55
joined	in	55
carrying	the	55
browsing	the	55
festival	in	55
unto	them	55
women	as	55
starting	from	55
something	from	55
be	further	55
the	median	55
program	called	55
enjoy	the	55
this	volume	55
our	military	55
the	table	55
lymph	nodes	55
plans	that	55
but	one	55
beyond	that	55
more	specifically	55
that	changes	55
campaign	against	55
take	steps	55
very	rare	55
pulled	out	55
systems	and	55
broad	and	55
joint	venture	55
its	potential	55
to	iraq	55
in	arkansas	55
getting	it	55
lands	and	55
teach	and	55
them	because	55
partner	and	55
the	lobby	55
in	lebanon	55
proteins	that	55
with	patients	55
closed	to	55
write	down	55
maybe	even	55
their	social	55
perform	in	55
and	theoretical	55
social	studies	55
the	empty	55
between	us	55
at	right	55
packed	with	55
who	provide	55
thinks	that	55
feet	from	55
transfer	students	55
for	young	55
and	renewable	55
boost	the	55
empowered	to	55
the	metropolitan	55
occur	when	55
and	outdoor	55
whose	name	55
for	weeks	55
and	enjoyed	55
giving	it	55
his	native	55
people	involved	55
help	their	55
our	natural	55
the	victory	55
the	senses	55
some	additional	55
gone	from	55
directions	to	55
who	already	55
the	northwest	55
the	culmination	55
the	priests	55
things	can	55
these	measures	55
they	begin	55
in	montreal	55
motion	by	55
right	from	55
student	should	55
leadership	role	55
the	tragedy	55
my	country	55
american	institute	55
asked	by	55
would	agree	55
and	evaluating	55
into	some	55
arts	degree	55
in	theory	55
of	winning	55
teaches	us	55
generate	the	55
for	sustainable	55
the	shooting	55
will	attempt	55
to	dismiss	55
advisory	committee	55
relocated	to	55
are	providing	55
cases	that	55
have	better	55
combines	the	55
has	little	55
had	told	55
with	open	55
keen	to	55
be	integrated	55
some	countries	55
and	thanks	55
students	also	55
candidates	who	55
administration	is	55
creating	new	55
the	pond	55
of	experimental	55
treatment	that	55
those	involved	55
be	fair	55
of	psychology	55
many	benefits	55
to	possess	55
awarded	by	55
produce	an	55
the	precise	55
catalyst	for	55
my	research	55
society	as	55
is	regarded	55
guess	that	55
from	whom	55
are	equally	55
choosing	to	55
he	lives	55
popular	culture	55
raw	materials	55
the	accident	55
for	medicaid	55
managing	director	55
and	dark	55
look	after	55
victory	over	55
the	functional	55
and	sales	55
are	offering	55
an	applicant	55
income	from	55
testing	is	55
engagement	and	55
organizations	with	55
new	set	55
not	permit	55
the	rule	55
two	distinct	55
bringing	in	55
started	his	55
behaviour	of	55
was	eventually	55
credit	is	55
i'm	sorry	55
batch	of	55
could	then	55
new	challenges	55
of	ethical	55
the	disability	55
when	people	55
is	spent	55
are	collected	55
focus	for	55
and	informed	55
should	consult	55
for	seniors	55
help	children	55
not	familiar	55
patients	at	55
more	challenging	55
attitudes	toward	55
which	then	55
very	nature	55
main	goal	55
large	portion	55
success	with	55
in	tennessee	55
techniques	that	55
intervention	in	55
capital	gains	55
would	argue	55
this	number	55
the	online	55
his	place	55
the	connecticut	55
also	discuss	55
what	happened	55
arranged	for	55
has	gained	55
each	day	55
survivors	of	55
the	unknown	55
the	destination	55
its	founding	55
what	needs	55
but	why	55
build	upon	55
the	relief	55
us	more	55
would	create	55
communication	is	55
syracuse	university	55
contend	that	55
between	the	55
political	leaders	55
agencies	that	55
his	experiences	55
heritage	and	55
of	chemistry	55
this	instance	55
revealed	to	55
also	interested	55
the	progression	55
working	families	55
been	instrumental	55
johnson	and	55
for	successful	55
recognized	in	55
making	up	55
or	until	55
taking	it	55
was	denied	55
having	no	55
negative	effects	55
win	over	55
words	or	55
your	goals	55
reflecting	the	55
camp	for	55
expressed	their	55
grants	for	55
world	through	55
videos	of	55
using	them	55
provide	all	55
runs	on	55
schools	of	55
exclusively	to	55
laws	in	55
signs	that	55
parties	in	55
us	here	55
about	every	55
been	applied	55
not	completely	55
into	being	55
of	denver	55
any	thing	55
although	some	55
your	hard	55
the	kids	55
doctor	and	55
other	social	55
probably	have	55
consultant	to	55
the	chairman	55
this	thread	55
inspired	to	55
primary	school	55
world	wide	55
used	during	55
taught	us	55
does	your	55
observations	and	55
of	southern	55
budget	and	55
the	nazis	55
itself	was	55
when	necessary	55
are	women	55
every	step	55
formed	to	55
shares	the	55
are	crucial	55
hasn't	been	55
second	day	55
drugs	are	55
hitting	the	55
say	we	55
public	about	55
about	yourself	55
of	scotland	55
for	long-term	55
by	bringing	55
by	researchers	55
many	hours	55
say	anything	55
the	lower	55
for	easy	55
two	sets	55
structure	for	55
sell	their	55
quite	as	55
is	giving	55
are	creating	55
and	extend	55
know	their	55
frequently	used	55
devoid	of	55
food	stamps	55
the	orchestra	55
tag	archives	55
signing	of	55
allowed	by	55
these	animals	55
the	proof	55
trend	of	55
debt	and	55
right	place	55
bill	for	55
my	business	55
and	fitness	55
the	bbc	55
tax	deductible	55
to	regain	55
were	chosen	55
public	services	55
free	online	55
being	told	55
health	workers	55
the	nomination	55
stations	in	55
pure	and	55
and	collaborative	55
difference	for	55
parent	and	55
program	would	55
other	fields	55
linked	with	55
analysis	on	55
an	organic	55
brain	is	55
new	construction	55
are	equal	55
the	coastal	55
choices	and	55
approval	to	55
suggestions	on	55
integration	and	55
your	skills	55
coffee	and	55
these	days	55
of	mount	55
the	representation	55
went	home	54
themes	and	54
at	issue	54
tips	for	54
was	definitely	54
fill	up	54
taken	care	54
an	african	54
of	biodiversity	54
them	over	54
have	strong	54
the	retirement	54
by	june	54
the	initiation	54
their	primary	54
they	lived	54
includes	information	54
hospital	for	54
environmental	justice	54
spent	most	54
keep	your	54
living	conditions	54
associate	with	54
upon	our	54
the	registrar	54
am	really	54
this	winter	54
and	restoration	54
have	felt	54
earth	is	54
in	doubt	54
being	conducted	54
technique	for	54
unto	you	54
the	sacrifice	54
through	both	54
their	fellow	54
last	century	54
new	form	54
and	trends	54
not	cause	54
general	election	54
his	thoughts	54
conducted	on	54
are	not	54
agrees	with	54
workshop	was	54
sisters	of	54
the	level	54
disabled	people	54
motivation	for	54
low	levels	54
pearl	harbor	54
the	cutting	54
be	higher	54
what	others	54
activists	and	54
powers	and	54
complicated	and	54
images	in	54
held	from	54
extracurricular	activities	54
the	baptist	54
treated	to	54
to	disable	54
by	individuals	54
services	will	54
were	established	54
and	engagement	54
progress	has	54
has	kept	54
relationships	that	54
please	keep	54
the	voices	54
distributed	in	54
the	international	54
it	started	54
decided	not	54
better	known	54
new	school	54
lewis	and	54
applicants	are	54
be	decided	54
in	manufacturing	54
for	careers	54
regard	for	54
importance	in	54
this	show	54
the	creator	54
anxiety	and	54
by	participating	54
national	health	54
an	internationally	54
has	presented	54
they	face	54
detail	and	54
not	try	54
measure	that	54
new	project	54
after	being	54
among	people	54
doors	and	54
in	turn	54
the	ticket	54
is	finally	54
the	cemetery	54
or	professional	54
for	over	54
has	added	54
welcomed	the	54
them	how	54
through	december	54
expansion	and	54
this	presentation	54
the	relationship	54
agents	and	54
boy	who	54
data	structures	54
grow	into	54
approved	in	54
the	solution	54
test	that	54
the	loop	54
ideas	from	54
was	saying	54
good	luck	54
advantage	in	54
and	practitioners	54
be	running	54
what	really	54
will	further	54
car	in	54
the	turkish	54
top	ten	54
attitude	and	54
volunteer	in	54
your	room	54
to	assert	54
agenda	and	54
week	we	54
board	will	54
illness	or	54
as	young	54
the	agreement	54
second	language	54
the	power	54
private	school	54
two	books	54
american	history	54
down	syndrome	54
good	luck	54
joy	to	54
gratitude	to	54
with	minimal	54
field	work	54
the	page	54
to	delete	54
they	understand	54
was	featured	54
lead	author	54
really	wanted	54
animal	welfare	54
adjusted	to	54
call	him	54
must	apply	54
mississippi	river	54
pilot	program	54
oil	in	54
the	bonds	54
launch	the	54
of	residence	54
his	ph	54
whom	were	54
small	part	54
rights	of	54
will	travel	54
by	reason	54
he	played	54
health	policy	54
to	import	54
in	daily	54
sizes	and	54
misuse	of	54
without	their	54
this	short	54
topic	in	54
systems	have	54
next	generation	54
stations	and	54
the	organisation	54
rock	and	54
racial	and	54
the	institutional	54
write	in	54
does	that	54
integral	to	54
for	our	54
firms	and	54
with	black	54
have	spoken	54
the	convenience	54
of	pure	54
from	someone	54
not	hear	54
this	chapter	54
job	done	54
i'm	glad	54
would	add	54
the	technical	54
basketball	team	54
is	marked	54
youth	with	54
new	policy	54
and	stress	54
except	as	54
the	momentum	54
easier	and	54
of	clinical	54
statements	are	54
the	software	54
which	uses	54
arranged	in	54
the	zoo	54
lying	on	54
children	of	54
data	from	54
our	study	54
years	prior	54
started	at	54
or	write	54
the	gifts	54
the	pump	54
independence	of	54
of	unity	54
personality	and	54
once	every	54
and	informative	54
new	product	54
be	entitled	54
structures	that	54
under	this	54
think	that's	54
could	benefit	54
please	read	54
comments	on	54
find	her	54
water	supplies	54
to	severe	54
his	tenure	54
it	stands	54
an	inch	54
that	gets	54
to	scale	54
as	many	54
you	found	54
two	very	54
likes	of	54
water	conservation	54
table	of	54
other	reasons	54
to	dance	54
and	i'll	54
were	analyzed	54
is	professor	54
local	authorities	54
are	marked	54
your	paper	54
you	interested	54
those	areas	54
your	convenience	54
surprised	that	54
for	his	54
campaign	for	54
throughout	our	54
to	continuing	54
the	cable	54
more	flexible	54
and	initiatives	54
the	fire	54
varnish	connection	54
the	campaign	54
danger	to	54
pitcairn	island	54
and	adding	54
time	limit	54
quest	to	54
the	drop	54
whatever	they	54
american	university	54
the	sins	54
who	now	54
american	dream	54
ashamed	of	54
have	students	54
practical	experience	54
never	met	54
very	own	54
beside	the	54
dropped	from	54
some	parts	54
in	alabama	54
talked	with	54
read	on	54
the	auspices	54
has	got	54
time	around	54
being	paid	54
wildlife	refuge	54
and	cognitive	54
even	higher	54
reduce	your	54
has	improved	54
in	louisiana	54
was	impossible	54
have	multiple	54
conduct	and	54
within	it	54
and	debate	54
wrapped	up	54
brought	by	54
hall	in	54
the	division	54
libraries	in	54
and	handling	54
by	professor	54
five	hundred	54
all	patients	54
certain	types	54
sex	and	54
revealed	the	54
developed	into	54
returned	by	54
that	he's	54
an	assignment	54
and	destruction	54
for	researchers	54
unit	in	54
farmers	are	54
be	studied	54
criteria	are	54
the	occupation	54
this	lesson	54
errors	and	54
advertising	and	54
and	character	54
revolution	in	54
me	like	54
which	became	54
happening	at	54
worst	of	54
context	for	54
were	included	54
environmental	studies	54
complied	with	54
coordinate	the	54
two	million	54
the	voting	54
right	there	54
have	gained	54
women	will	54
for	participation	54
celebrates	the	54
the	inherent	54
the	trial	54
is	presently	54
county	board	54
art	history	54
constitution	and	54
the	death	54
issues	raised	54
immediate	and	54
an	unexpected	54
transported	to	54
and	australia	54
for	treating	54
also	show	54
report	to	54
owner	and	54
for	congress	54
and	explained	54
liked	to	54
it	affects	54
was	kind	54
clothing	and	54
allegations	of	54
is	administered	54
authority	in	54
million	children	54
or	special	54
of	facts	54
the	greeks	54
pursue	their	54
up	her	54
background	on	54
last	resort	54
featuring	the	54
other	problems	54
been	trained	54
took	off	54
this	isn't	54
research	experience	54
the	performing	54
on	financial	54
were	willing	54
use	his	54
documents	in	54
graduate	studies	54
that	combines	54
other	languages	54
some	may	54
be	bound	54
modified	to	54
facility	to	54
would	cause	54
the	figures	54
provide	any	54
stored	on	54
manufacturers	and	54
of	contents	54
girl	who	54
can	watch	54
the	truck	54
variables	in	54
what	exactly	54
holy	cross	54
teach	in	54
green	bay	54
has	opened	54
academic	success	54
very	bad	54
and	expansion	54
an	israeli	54
classes	on	54
read	our	54
of	communication	54
are	hoping	54
she	left	54
the	shell	54
mechanisms	that	54
in	joining	54
decide	which	54
with	him	54
can't	find	54
brown	and	54
at	birth	54
high	standards	54
who	shall	54
no	chance	54
gold	standard	54
teacher	who	54
time	being	54
recall	the	54
particularly	for	54
development	projects	54
meet	these	54
background	checks	54
fall	on	54
professional	career	54
and	rehabilitation	54
deep	into	54
auspices	of	54
we	both	54
the	lgbt	54
how	do	54
was	cut	54
and	tv	54
at	michigan	54
and	integrated	54
formation	and	54
be	funded	54
already	being	54
of	applying	54
more	valuable	54
this	text	54
property	for	54
this	application	54
the	head	54
lab	is	54
further	than	54
the	disaster	54
voters	to	54
he	stated	54
saw	an	54
recorded	by	54
start	on	54
of	practical	54
the	exclusion	54
civil	and	54
and	hundreds	54
your	address	54
change	over	54
by	april	54
especially	at	54
all	parts	54
wall	and	54
or	under	54
informed	decisions	54
assistant	to	54
of	changing	54
were	married	54
entirely	on	54
far	better	54
consciousness	of	54
genes	are	54
if	some	54
and	specifically	54
smaller	and	54
their	house	54
remote	sensing	54
who	brought	54
exam	and	54
and	one	54
and	drinks	54
content	that	54
hospitals	in	54
he	helped	54
grand	rapids	53
significantly	higher	53
the	winter	53
with	everything	53
art	center	53
participate	in	53
reading	it	53
for	student	53
asks	for	53
further	research	53
effective	at	53
the	cd	53
of	children	53
affirmative	action	53
device	to	53
an	ambitious	53
they	know	53
last	thing	53
smith	and	53
descendants	of	53
was	meant	53
other	benefits	53
of	luck	53
the	tendency	53
has	successfully	53
click	here	53
in	palestine	53
make	people	53
all	good	53
is	rich	53
place	during	53
sense	for	53
highly	successful	53
reflection	on	53
video	on	53
san	joaquin	53
also	part	53
basic	principles	53
was	included	53
the	prophets	53
protein	and	53
the	equation	53
colorado	springs	53
regulations	for	53
was	thinking	53
surrounding	area	53
music	education	53
to	terminate	53
nothing	like	53
new	approaches	53
very	exciting	53
had	started	53
found	guilty	53
we	continue	53
the	inspection	53
educational	program	53
us	understand	53
estate	tax	53
awarded	for	53
of	red	53
two	young	53
tax	breaks	53
bring	us	53
not	needed	53
for	business	53
called	me	53
have	argued	53
website	that	53
the	denial	53
the	skill	53
south	and	53
are	calling	53
is	affected	53
have	attended	53
to	use	53
the	arm	53
was	inducted	53
these	requirements	53
about	having	53
verification	of	53
almost	impossible	53
not	reflect	53
findings	to	53
and	space	53
activity	for	53
when	it's	53
the	vendor	53
deaths	in	53
of	electric	53
difficulties	of	53
built	for	53
he	needed	53
and	tom	53
usa	and	53
religious	leaders	53
stick	with	53
the	spatial	53
except	for	53
the	gaza	53
and	dignity	53
speak	up	53
when	used	53
of	independence	53
nothing	that	53
she	knew	53
personal	care	53
of	abraham	53
may	bring	53
saw	in	53
health	conditions	53
he	writes	53
so	proud	53
suspected	of	53
and	non-profit	53
avenue	and	53
to	put	53
source	is	53
your	office	53
the	degree	53
played	an	53
played	on	53
would	serve	53
who	still	53
someone	from	53
it	includes	53
as	set	53
our	homes	53
the	minimum	53
been	married	53
and	educate	53
architecture	of	53
change	will	53
and	instructions	53
and	crafts	53
to	sacrifice	53
on	average	53
of	forest	53
drinking	and	53
the	municipality	53
offered	on	53
are	low	53
his	staff	53
internal	medicine	53
can	act	53
brought	out	53
understood	and	53
hurricane	sandy	53
and	cultures	53
reached	by	53
has	four	53
because	some	53
to	advertise	53
own	research	53
and	scholars	53
whether	these	53
and	equity	53
has	gotten	53
these	companies	53
with	reference	53
residency	at	53
contracts	with	53
so	i'm	53
research	findings	53
these	documents	53
be	familiar	53
essay	on	53
will	fall	53
the	likes	53
practice	with	53
wisconsin	and	53
valuable	information	53
specifically	designed	53
child	or	53
decisions	for	53
experts	to	53
knew	how	53
to	earth	53
your	teen	53
in	extreme	53
and	medicare	53
is	distributed	53
community	outreach	53
environmental	conditions	53
and	flexible	53
the	downtown	53
but	his	53
they	seek	53
food	products	53
and	recognize	53
cultivation	of	53
soul	is	53
the	search	53
web	page	53
the	duke	53
relief	and	53
individuals	have	53
designed	as	53
to	abide	53
attorney	general	53
east	timor	53
any	point	53
must	maintain	53
preserving	the	53
the	denver	53
falls	in	53
opening	in	53
statistically	significant	53
chapter	is	53
team	with	53
your	name	53
such	is	53
oil	prices	53
under	any	53
report	also	53
manipulation	of	53
reminded	me	53
law	students	53
we	might	53
east	africa	53
the	act	53
in	nevada	53
and	colleges	53
is	certain	53
the	deficit	53
medical	services	53
of	beauty	53
acting	in	53
your	order	53
involvement	and	53
to	validate	53
national	museum	53
found	no	53
to	derive	53
say	you	53
total	cost	53
of	voters	53
infrastructure	to	53
be	punished	53
seconded	by	53
the	dignity	53
and	hospitals	53
staff	with	53
private	companies	53
need	any	53
chronic	diseases	53
second	world	53
for	federal	53
and	publishing	53
different	aspects	53
was	drawn	53
neither	of	53
closure	of	53
better	or	53
federal	budget	53
current	situation	53
other	companies	53
grant	will	53
that	israel	53
of	coal	53
most	exciting	53
game	with	53
should	pay	53
and	west	53
everything	was	53
had	asked	53
to	wake	53
of	jazz	53
cleaned	up	53
being	built	53
every	dollar	53
black	hole	53
strength	in	53
us	now	53
to	enact	53
things	from	53
modification	of	53
of	housing	53
broke	the	53
and	earn	53
that	isn't	53
are	directly	53
five	percent	53
our	young	53
human	mind	53
energy	costs	53
states	have	53
direction	to	53
lens	of	53
the	responses	53
be	realized	53
economic	system	53
the	assembly	53
her	role	53
through	one	53
our	free	53
were	once	53
data	sources	53
now	more	53
too	often	53
with	links	53
injuries	and	53
choose	the	53
confront	the	53
preservation	and	53
against	us	53
revision	of	53
to	replicate	53
programming	language	53
which	cannot	53
editor	and	53
public	lands	53
should	remain	53
rocky	mountain	53
and	kill	53
helped	him	53
the	donation	53
of	flowers	53
into	place	53
means	they	53
than	usual	53
their	energy	53
editions	of	53
port	of	53
past	president	53
the	rocks	53
be	attending	53
accountable	to	53
senior	citizens	53
technologies	for	53
be	enrolled	53
factor	is	53
nation	is	53
remaining	in	53
land	was	53
are	derived	53
of	characters	53
and	here	53
soul	and	53
their	attention	53
mitigate	the	53
following	questions	53
programs	can	53
her	hand	53
can	pick	53
the	potomac	53
spiritual	and	53
the	orthodox	53
orientation	and	53
after	completing	53
for	construction	53
dominican	republic	53
classes	that	53
child	and	53
digital	library	53
may	affect	53
reign	of	53
concentrated	in	53
write	an	53
things	out	53
been	forced	53
stepped	up	53
producing	the	53
and	walking	53
as	noted	53
when	no	53
not	paid	53
systems	will	53
water	system	53
high	school	53
that	may	53
prepare	them	53
staten	island	53
this	guy	53
these	circumstances	53
available	data	53
modified	by	53
ceased	to	53
by	completing	53
both	our	53
geared	toward	53
of	man	53
immune	response	53
published	in	53
to	differentiate	53
resource	that	53
standards	for	53
outline	of	53
practices	are	53
this	question	53
know	anything	53
who	says	53
book	reviews	53
name	as	53
you	describe	53
of	fossil	53
volume	is	53
height	and	53
current	status	53
memorial	day	53
important	questions	53
mobile	phones	53
not	open	53
and	consumption	53
thank	you	53
recent	work	53
the	movies	53
the	times	53
share	to	53
these	concepts	53
go	by	53
left	over	53
screening	and	53
for	reducing	53
companies	will	53
will	explain	53
world	would	53
expiration	date	53
in	cambodia	53
inside	the	53
of	operating	53
connecting	with	53
and	staff	53
combat	the	53
command	to	53
military	families	53
instructions	and	53
are	brought	53
make	recommendations	53
up	so	53
when	its	53
an	emerging	53
be	traced	53
west	side	53
with	your	53
or	place	53
of	biology	53
was	dedicated	53
orientation	of	53
get	worse	53
of	honor	53
me	think	53
under	pressure	53
of	stock	53
must	remain	53
sheet	of	53
winter	and	53
like	her	53
nominated	by	53
difficulties	in	53
put	my	53
clean	energy	53
the	colonial	53
everyone	was	53
attacks	and	53
has	participated	53
supplemented	by	53
will	deliver	53
have	held	53
representative	to	53
of	torture	53
raw	data	53
it	depends	53
credits	for	53
would	leave	53
one	half	53
leave	for	53
the	placement	53
recent	months	53
taught	that	53
the	slave	53
approaches	that	53
especially	true	53
are	continuing	53
violence	is	53
for	implementation	53
on	human	53
he	sent	53
he	noted	53
north	central	53
the	interior	53
of	strategic	53
email	account	53
east	side	53
the	bike	53
christians	in	53
art	in	53
we	meet	53
for	advanced	53
space	on	53
whether	or	53
the	database	53
christ	was	53
use	your	53
usa	today	53
six	days	53
and	feeling	53
who	like	53
the	pdf	53
and	historic	53
expose	the	53
are	essentially	53
what	did	53
everything	about	53
not	guarantee	53
and	some	53
merely	to	53
don't	care	53
demonstrated	by	53
people	working	53
and	advocates	53
to	associate	53
not	pass	53
an	engineering	53
to	align	53
medicaid	and	53
have	adopted	53
examples	and	53
pages	for	53
apt	to	53
can't	wait	53
demonstrate	how	53
business	practices	53
we	choose	52
phone	numbers	52
timely	and	52
or	blog	52
the	truth	52
sent	back	52
including	its	52
an	oral	52
not	realize	52
risk	that	52
its	application	52
was	buried	52
the	enterprise	52
suffering	of	52
the	early	52
and	comfortable	52
the	temporary	52
decide	how	52
stakeholders	in	52
was	laid	52
that	teachers	52
promotion	codes	52
is	forced	52
success	for	52
with	anyone	52
independent	study	52
wherever	they	52
the	archives	52
from	europe	52
sharing	their	52
and	atmospheric	52
researcher	at	52
been	born	52
nor	is	52
get	used	52
prove	it	52
are	appropriate	52
techniques	in	52
associate	of	52
and	intelligence	52
time	consuming	52
new	website	52
from	making	52
event	or	52
possibility	for	52
so	now	52
welfare	and	52
i've	ever	52
brought	him	52
literature	in	52
in	harmony	52
university	where	52
form	an	52
their	food	52
groups	who	52
be	monitored	52
course	you	52
procedures	are	52
never	saw	52
in	southeast	52
lawyers	and	52
powerful	tool	52
updates	from	52
be	patient	52
resolved	to	52
unity	and	52
inspection	of	52
turned	in	52
been	teaching	52
giving	us	52
signed	in	52
other	international	52
and	speaking	52
professional	experience	52
in	whatever	52
stakeholders	to	52
the	quran	52
tested	and	52
and	monitor	52
and	advertising	52
listed	here	52
as	stated	52
paintings	and	52
including	two	52
the	admissions	52
conducting	the	52
places	for	52
contributions	and	52
their	entire	52
grand	canyon	52
effect	for	52
computer	engineering	52
coordinated	by	52
fragments	of	52
campaigns	and	52
hearing	from	52
the	conclusions	52
of	continuous	52
trails	and	52
physics	and	52
chairman	and	52
specialist	in	52
remain	open	52
purpose	was	52
live	at	52
is	authorized	52
are	arranged	52
you	share	52
humanities	and	52
suggest	you	52
serious	problem	52
china	will	52
the	ritual	52
presented	by	52
sick	leave	52
the	retina	52
essentially	the	52
game	was	52
cell	types	52
together	at	52
this	scenario	52
feels	that	52
own	hands	52
stimulate	the	52
agrees	to	52
the	olympics	52
science	from	52
don't	forget	52
then	all	52
farmers	who	52
conviction	that	52
been	well	52
intellectual	property	52
road	to	52
in	news	52
elections	in	52
utilizing	the	52
invention	of	52
clusters	of	52
had	lived	52
high	demand	52
that	produces	52
has	declined	52
self	and	52
of	divine	52
the	richest	52
unrelated	to	52
what	some	52
directly	at	52
not	automatically	52
my	dear	52
where	these	52
be	dismissed	52
his	health	52
regarding	their	52
contacts	with	52
complement	the	52
he	always	52
enjoy	it	52
error	message	52
his	education	52
their	behavior	52
care	at	52
the	municipal	52
project	management	52
partnership	for	52
it	began	52
rapid	growth	52
aims	at	52
asked	whether	52
for	protecting	52
the	branch	52
we	make	52
life	through	52
submitted	in	52
and	nonprofit	52
brought	us	52
promise	that	52
talks	to	52
come	at	52
best	place	52
hospital	of	52
advisor	and	52
commander	of	52
are	reviewed	52
the	centuries	52
for	scientific	52
line	at	52
but	should	52
trees	in	52
your	entire	52
between	their	52
healthcare	system	52
one	woman	52
in	principle	52
of	hazardous	52
the	chamber	52
agents	of	52
of	co2	52
times	per	52
might	get	52
the	biology	52
phones	and	52
just	some	52
the	jurisdiction	52
workers	were	52
us	department	52
usually	have	52
spread	out	52
the	christian	52
in	session	52
amy	goodman	52
reflects	on	52
purchased	in	52
be	stopped	52
personal	growth	52
becomes	an	52
he	really	52
this	morning	52
districts	to	52
her	hands	52
when	one	52
side	with	52
back	when	52
against	me	52
been	adopted	52
the	queen	52
the	ecological	52
nuclear	energy	52
seen	this	52
than	when	52
king	and	52
students	would	52
of	scholarship	52
evaluate	and	52
volunteer	to	52
not	otherwise	52
her	ph	52
of	copyright	52
were	put	52
services	offered	52
partly	because	52
of	iron	52
central	florida	52
fund	is	52
of	scholarly	52
were	getting	52
for	identifying	52
you	again	52
the	egg	52
an	extreme	52
are	deeply	52
making	our	52
ways	we	52
arrested	in	52
your	primary	52
michigan	university	52
and	helpful	52
technology	services	52
fellow	students	52
lack	of	52
held	accountable	52
the	reservation	52
the	wto	52
with	christ	52
gardens	and	52
christians	and	52
to	resume	52
of	debate	52
tax	is	52
in	pursuit	52
community	can	52
these	topics	52
for	classes	52
to	automatically	52
related	issues	52
prefer	the	52
successfully	complete	52
like	all	52
large	group	52
appeals	to	52
infection	and	52
substance	use	52
loans	to	52
post	by	52
and	my	52
detrimental	to	52
more	energy	52
was	open	52
the	methodology	52
of	nations	52
outreach	programs	52
much	harder	52
other	purposes	52
developmental	disabilities	52
information	science	52
to	customize	52
addicted	to	52
his	disciples	52
models	in	52
of	genetically	52
your	academic	52
those	words	52
he	turned	52
interior	of	52
enemy	of	52
the	emphasis	52
just	beginning	52
mastery	of	52
why	would	52
that	arise	52
asserts	that	52
assembly	of	52
food	service	52
attitude	toward	52
appointment	as	52
theme	for	52
musicians	and	52
another	country	52
this	led	52
the	migration	52
and	generate	52
describe	the	52
divide	the	52
current	or	52
they	moved	52
for	viewing	52
decide	if	52
statements	of	52
expertise	of	52
has	spread	52
teachers	at	52
decades	to	52
for	my	52
best	ways	52
start	date	52
abandon	the	52
am	doing	52
humane	society	52
three	more	52
keynote	address	52
inventory	of	52
the	suit	52
will	prevent	52
to	repeal	52
alma	mater	52
prevents	the	52
with	breast	52
library	services	52
the	facility	52
the	collections	52
that	holds	52
the	approach	52
find	one	52
here	at	52
bush	and	52
the	obama	52
walks	of	52
of	households	52
and	recorded	52
billion	for	52
and	fishing	52
those	living	52
first	responders	52
classrooms	and	52
painting	and	52
horses	and	52
course	we	52
until	the	52
not	afraid	52
and	runs	52
other	departments	52
the	sphere	52
some	common	52
people	have	52
the	museum	52
sign	up	52
to	mexico	52
that	maybe	52
was	running	52
therapy	in	52
school	systems	52
spain	and	52
items	on	52
discuss	with	52
case	where	52
but	our	52
the	comparison	52
related	field	52
past	six	52
that	describes	52
percent	are	52
choose	one	52
leave	their	52
archive	for	52
perhaps	more	52
captured	by	52
witness	the	52
visitor	center	52
this	fact	52
of	botany	52
adjust	to	52
people	live	52
lady	of	52
we	decided	52
also	possible	52
could	include	52
mountains	and	52
types	are	52
others	from	52
your	course	52
the	grocery	52
is	hereby	52
by	scientists	52
she	might	52
otherwise	noted	52
of	architecture	52
the	radiation	52
our	vision	52
he	won	52
originally	from	52
by	definition	52
rule	in	52
gift	is	52
exposure	and	52
to	score	52
having	fun	52
purposes	only	52
strategic	plan	52
heard	it	52
hour	or	52
judged	by	52
and	preparation	52
server	and	52
medical	records	52
against	each	52
port	of	52
in	maintaining	52
the	structure	52
the	dry	52
could	ever	52
north	side	52
more	aware	52
display	at	52
steps	that	52
and	charles	52
great	interest	52
workforce	development	52
took	us	52
and	anxiety	52
with	nothing	52
association	between	52
long	period	52
next	several	52
and	suggested	52
to	prevent	52
first	came	52
un	security	52
move	toward	52
the	council	52
forget	about	52
organic	and	52
keeping	up	52
of	conduct	52
their	businesses	52
their	participation	52
current	events	52
may	mean	52
step	back	52
could	save	52
realizes	that	52
education	at	52
and	nuclear	52
be	tolerated	52
other	universities	52
how	hard	52
who	spoke	52
jews	were	52
the	fed	52
was	gone	52
for	completing	52
of	managing	52
touch	of	52
eight	months	52
aspire	to	52
results	on	52
it	appeared	52
can	quickly	52
their	leadership	52
international	association	52
construction	is	52
were	determined	52
the	worship	52
largest	city	52
investigations	of	52
their	performance	52
these	processes	52
is	preferred	52
the	assassination	52
motivation	to	52
national	research	52
before	making	52
is	greatly	52
to	adhere	52
research	at	52
boston	university	52
back	pain	52
enhanced	by	52
by	men	52
activities	at	52
the	sons	52
pile	of	52
saying	it	52
of	academic	52
be	challenging	52
for	improved	52
where	no	52
of	marine	52
shared	his	52
reporting	and	52
security	is	52
their	learning	52
partnerships	and	52
that	china	52
and	permanent	52
history	with	52
grade	students	52
straight	line	52
in	battle	52
supplies	to	52
health	risks	52
over	several	51
to	cry	51
the	south	51
can	mean	51
be	calculated	51
development	program	51
person	will	51
the	football	51
make	informed	51
our	web	51
health	promotion	51
we	show	51
peace	with	51
will	draw	51
current	position	51
not	met	51
results	indicate	51
will	respond	51
more	precise	51
shown	here	51
better	if	51
of	soldiers	51
ma	in	51
take	back	51
adjunct	professor	51
had	long	51
properties	in	51
arise	in	51
comments	or	51
its	doors	51
other	products	51
be	properly	51
outreach	and	51
by	january	51
join	with	51
of	commerce	51
application	will	51
current	issues	51
of	metal	51
the	prevailing	51
hosting	the	51
matter	if	51
international	affairs	51
and	tips	51
but	others	51
cloudflare-nginx	cf-ray	51
pockets	of	51
in	effect	51
instructor	and	51
share	that	51
around	our	51
development	program	51
modern	times	51
which	came	51
applicants	to	51
strong	support	51
looking	forward	51
both	groups	51
change	or	51
has	partnered	51
home	country	51
and	reproductive	51
guide	is	51
she	thought	51
that	became	51
hand	with	51
their	mission	51
my	goal	51
needing	to	51
my	entire	51
to	park	51
and	writers	51
moving	on	51
of	king	51
sophomore	year	51
the	weather	51
the	trauma	51
of	dance	51
turns	to	51
every	minute	51
counter	to	51
adobe	flash	51
codes	and	51
and	otherwise	51
character	in	51
and	they're	51
more	convenient	51
has	tried	51
and	artistic	51
central	government	51
these	concerns	51
also	think	51
this	amazing	51
facility	for	51
the	fossil	51
shows	us	51
open	their	51
professor	emeritus	51
americans	were	51
encourages	the	51
in	biology	51
arm	and	51
allegiance	to	51
people	there	51
with	families	51
culture	and	51
mysteries	of	51
stopped	by	51
of	infrastructure	51
encourage	students	51
the	dissertation	51
to	entertain	51
oil	is	51
the	goals	51
station	in	51
been	featured	51
entire	family	51
criteria	and	51
first	line	51
is	installed	51
the	struggles	51
out	her	51
devices	to	51
baby	is	51
employed	to	51
this	nation	51
an	ad	51
the	sanctuary	51
nothing	is	51
seeing	that	51
our	actions	51
characters	are	51
provide	their	51
online	pharmacy	51
creates	the	51
that	puts	51
birds	are	51
of	necessity	51
the	mode	51
report	will	51
and	express	51
are	significant	51
often	not	51
good	reasons	51
each	patient	51
the	construction	51
stock	market	51
other	men	51
we	realize	51
he	hopes	51
that	remains	51
intent	on	51
ever	have	51
importance	of	51
card	is	51
reform	of	51
concerns	are	51
rapidly	growing	51
or	using	51
federal	tax	51
title	is	51
survived	by	51
web	server	51
employees	with	51
the	technique	51
the	bottle	51
your	insurance	51
behind	him	51
we	feel	51
on	economic	51
districts	in	51
for	continuing	51
opposed	the	51
voice	for	51
leave	them	51
right	corner	51
transportation	to	51
cell	division	51
his	voice	51
month	or	51
to	heaven	51
technology	will	51
were	raised	51
the	tune	51
teaches	at	51
committee	has	51
to	trace	51
thank	all	51
palliative	care	51
best	time	51
narrative	of	51
for	global	51
and	encouragement	51
be	joining	51
in	ensuring	51
college	degree	51
showed	me	51
the	professional	51
focus	will	51
is	normal	51
with	nature	51
in	proceedings	51
and	neighbors	51
change	my	51
when	these	51
lake	erie	51
the	southwest	51
they	found	51
reply	fill	51
the	films	51
are	requested	51
be	renewed	51
step	for	51
free	or	51
that	reflects	51
decision	about	51
and	interpretation	51
include	those	51
day	one	51
energy	efficiency	51
the	tension	51
these	matters	51
visits	and	51
convert	the	51
insurance	policy	51
you	add	51
in	sight	51
while	serving	51
get	his	51
the	commencement	51
was	covered	51
directors	and	51
and	honor	51
participants	in	51
many	factors	51
my	next	51
an	improved	51
my	previous	51
global	economic	51
your	event	51
which	results	51
renewal	of	51
in	middle	51
of	strength	51
distance	education	51
drugs	that	51
civil	engineering	51
internet	is	51
while	most	51
much	faster	51
pretty	well	51
months	old	51
need	only	51
and	destroy	51
discuss	this	51
receive	more	51
the	town	51
be	dealt	51
board	member	51
blame	for	51
our	heads	51
customers	are	51
only	get	51
something	was	51
call	upon	51
lessons	of	51
significant	changes	51
theatre	and	51
services	available	51
adapted	for	51
natural	selection	51
mayor	of	51
blood	glucose	51
board	member	51
for	african	51
selling	the	51
grocery	stores	51
and	eliminate	51
year	of	51
the	bond	51
by	scott	51
scholarships	and	51
oxford	university	51
blue	and	51
an	odd	51
hallmark	of	51
all	very	51
swimming	pool	51
while	other	51
the	terrible	51
that	produce	51
these	images	51
was	quoted	51
was	fun	51
had	fallen	51
office	will	51
human	dignity	51
advances	in	51
arts	in	51
not	represent	51
four	major	51
sets	up	51
information	concerning	51
working	towards	51
national	convention	51
before	going	51
are	formed	51
for	nothing	51
who	just	51
footage	of	51
air	base	51
as	she	51
during	one	51
policies	for	51
skill	and	51
city	with	51
with	teachers	51
in	sales	51
then	what	51
for	girls	51
do	you	51
the	lincoln	51
few	moments	51
the	wave	51
talk	on	51
heating	and	51
savings	and	51
the	foremost	51
above	all	51
but	none	51
to	tap	51
operations	are	51
getting	more	51
of	lung	51
file	name	51
in	producing	51
is	closely	51
in	cash	51
the	wicked	51
no	interest	51
he	attended	51
be	undertaken	51
reduction	and	51
which	shows	51
do	not	51
to	germany	51
let	her	51
national	parks	51
our	events	51
for	courses	51
for	implementing	51
opened	to	51
currently	the	51
does	not	51
gave	birth	51
at	boston	51
highly	qualified	51
to	blow	51
our	house	51
with	regards	51
that	direction	51
medications	and	51
unions	and	51
been	suggested	51
vehicle	to	51
of	educational	51
the	nation	51
certification	and	51
closed	for	51
and	families	51
national	library	51
approached	by	51
to	formulate	51
very	serious	51
was	discussed	51
we	plan	51
later	became	51
included	on	51
follows	that	51
care	facilities	51
visual	and	51
to	cool	51
wrong	in	51
contributions	in	51
is	causing	51
the	relevance	51
senior	fellow	51
projects	at	51
dialogue	between	51
emphasizing	the	51
be	greatly	51
assessments	of	51
we	get	51
would	always	51
register	and	51
and	style	51
taking	this	51
american	board	51
ones	in	51
contains	an	51
we	propose	51
good	cause	51
arab	world	51
very	busy	51
are	fighting	51
one	student	51
for	advanced	51
his	power	51
adverse	events	51
the	publisher	51
and	programming	51
for	farmers	51
to	arrest	51
and	heavy	51
of	implementing	51
contract	to	51
their	faces	51
the	policy	51
in	poor	51
especially	during	51
had	known	51
chaired	the	51
know	exactly	51
productive	and	51
preceded	by	51
prohibited	from	51
come	forward	51
that	sense	51
its	roots	51
trials	and	51
retired	in	51
sign	on	51
in	dc	51
to	start	51
faculty	who	51
own	people	51
area	or	51
your	employer	51
free	shipping	51
survey	data	51
calm	and	51
network	and	51
we	often	51
when	did	51
many	small	51
that	morning	51
fighting	to	51
own	home	51
the	crash	51
overview	of	51
should	check	51
any	evidence	51
her	out	51
window	and	51
government	is	51
of	el	51
the	statistics	51
been	changed	51
in	lower	51
ocean	and	51
progress	is	51
many	times	51
actually	do	51
jewish	people	51
god	can	51
the	robot	51
be	born	51
montgomery	county	51
may	be	51
of	oral	51
with	basic	51
urgent	need	51
tell	their	51
writing	this	51
inquire	about	51
necessary	that	51
experiments	in	51
allow	it	51
dominate	the	51
someone	has	51
application	of	51
be	satisfied	51
his	recent	51
amended	to	51
matters	to	51
to	insert	51
would	know	51
monetary	fund	51
be	challenged	51
are	mainly	51
will	report	51
of	sharing	51
sustainable	agriculture	51
asks	the	51
purchased	at	51
the	pastor	51
they	play	51
analysis	for	51
and	successfully	51
we	understand	51
indicated	in	51
motion	for	51
see	which	51
show	off	51
baton	rouge	51
on	his	51
proposed	in	51
attempts	at	51
in	protecting	51
bank	and	51
the	increase	51
income	taxes	51
effectively	with	51
your	code	51
community	who	51
javascript	is	51
us	back	51
been	treated	51
all	users	51
sitting	at	51
computer	is	51
provision	for	51
the	prime	51
the	realities	51
my	right	51
the	arrest	51
to	exhibit	51
harmful	to	51
all	costs	51
guest	speaker	51
this	effect	51
and	undergraduate	51
he	heard	51
their	unique	51
top	five	51
occur	during	51
one	form	50
welcome	you	50
your	part	50
notified	by	50
and	peter	50
who	participate	50
and	collect	50
social	responsibility	50
experiences	as	50
private	equity	50
provide	our	50
the	windows	50
our	data	50
until	all	50
gave	his	50
used	his	50
with	russia	50
as	human	50
shift	to	50
sending	the	50
been	replaced	50
to	farmers	50
researchers	found	50
co-sponsored	by	50
targets	of	50
travel	in	50
public	administration	50
woman	with	50
accuracy	and	50
from	october	50
first	glance	50
was	successful	50
of	moses	50
the	visitor	50
scientists	who	50
people	come	50
the	savings	50
approximately	one	50
their	love	50
it's	hard	50
her	second	50
to	rome	50
the	mixture	50
to	isolate	50
for	continued	50
on	vacation	50
the	assets	50
new	york's	50
fat	and	50
their	state	50
feature	in	50
college	campuses	50
colleges	in	50
their	religion	50
this	act	50
will	raise	50
my	car	50
and	developmental	50
programs	in	50
function	that	50
although	we	50
prospective	students	50
interior	design	50
with	national	50
of	participating	50
the	wedding	50
service	is	50
designers	and	50
of	collaboration	50
on	pitcairn	50
and	statistical	50
observed	by	50
convenience	of	50
teacher	education	50
effectively	and	50
academics	and	50
amazing	to	50
hundred	thousand	50
guaranteed	to	50
physically	and	50
around	their	50
events	such	50
know	my	50
same	person	50
your	chance	50
of	severe	50
an	especially	50
within	this	50
education	from	50
and	thoughts	50
applicants	must	50
waited	for	50
thou	hast	50
is	larger	50
their	son	50
now	than	50
in	crisis	50
was	widely	50
to	accurately	50
son	is	50
and	environment	50
scene	and	50
register	with	50
grant	funding	50
performance	by	50
see	how	50
keep	the	50
after	year	50
the	themes	50
is	indicated	50
tasks	and	50
filling	the	50
paper	will	50
up	over	50
to	truly	50
works	well	50
at	chicago	50
over	whether	50
this	agreement	50
public	support	50
what	i'm	50
effort	that	50
the	millennium	50
the	san	50
under	one	50
housing	market	50
to	take	50
survived	the	50
and	train	50
your	username	50
needs	your	50
and	eastern	50
simply	by	50
education	association	50
should	now	50
was	reading	50
his	opinion	50
prescription	drugs	50
an	activist	50
after	each	50
good	about	50
music	by	50
this	agreement	50
struggled	with	50
noon	on	50
and	download	50
me	back	50
pretend	to	50
inhibition	of	50
voting	for	50
arrest	and	50
foot	in	50
is	rooted	50
the	hospital	50
healthy	eating	50
chemical	engineering	50
been	studied	50
celebrated	the	50
their	work	50
reporting	requirements	50
and	documentation	50
looked	up	50
capture	of	50
environmental	problems	50
only	reason	50
types	of	50
the	houston	50
after	him	50
this	leads	50
counsel	for	50
each	class	50
air	traffic	50
care	they	50
loving	and	50
after	receiving	50
which	gave	50
she	started	50
its	final	50
homage	to	50
the	tigers	50
economic	conditions	50
spent	more	50
health	systems	50
long	it	50
is	calculated	50
in	error	50
equipment	in	50
same-sex	marriage	50
to	nine	50
increase	from	50
that	parents	50
databases	and	50
some	questions	50
delivery	system	50
work	because	50
this	meeting	50
students	develop	50
this	mean	50
you	notice	50
aid	is	50
not	shown	50
evaluated	for	50
results	with	50
was	immediately	50
this	complex	50
and	founder	50
to	pinterest	50
enhances	the	50
way	forward	50
cell	death	50
like	being	50
academic	excellence	50
and	attitudes	50
home	state	50
lost	her	50
was	spent	50
mass	media	50
keep	going	50
to	have	50
the	pros	50
the	statistical	50
technologies	are	50
try	again	50
our	love	50
and	warm	50
page	will	50
exceeds	the	50
achieving	the	50
states	with	50
turn	right	50
up	close	50
database	for	50
see	us	50
surgery	to	50
staff	from	50
about	everything	50
be	strong	50
legal	action	50
there	would	50
well	aware	50
in	designing	50
this	exhibition	50
assets	to	50
hillary	clinton	50
some	basic	50
requirements	for	50
programs	were	50
the	documentary	50
by	thomas	50
from	boston	50
language	arts	50
established	for	50
the	message	50
shall	serve	50
these	young	50
relatively	low	50
submit	their	50
running	through	50
was	measured	50
privately	owned	50
any	special	50
religion	is	50
commitments	to	50
this	initiative	50
to	wash	50
low	level	50
from	august	50
kidney	disease	50
please	consider	50
and	involvement	50
press	release	50
taste	and	50
accurate	information	50
yet	we	50
an	energy	50
army	and	50
before	me	50
the	non-profit	50
stress	on	50
by	july	50
between	those	50
get	your	50
sorry	to	50
its	decision	50
staff	can	50
switched	to	50
landscape	and	50
his	visit	50
no	events	50
qualified	for	50
the	info	50
sets	out	50
step	further	50
consideration	in	50
their	expertise	50
the	silence	50
and	extended	50
and	humans	50
practical	application	50
make	your	50
must	now	50
select	one	50
service	learning	50
to	hundreds	50
were	submitted	50
format	is	50
scholarship	fund	50
we	never	50
cross	country	50
either	be	50
today	at	50
she	did	50
and	increases	50
and	healing	50
assist	them	50
they	tend	50
upon	the	50
curious	about	50
down	his	50
manage	your	50
was	caused	50
least	not	50
are	totally	50
in	rochester	50
on	christmas	50
eye	to	50
but	two	50
they	came	50
therefore	not	50
and	political	50
guests	and	50
and	daughters	50
into	english	50
was	thought	50
your	parents	50
for	if	50
thrown	into	50
medicine	in	50
proposals	and	50
locally	and	50
afraid	that	50
positioned	to	50
did	nothing	50
that	position	50
writes	that	50
the	wine	50
we've	got	50
the	persian	50
as	bad	50
mary	and	50
and	quiet	50
hear	what	50
the	dirt	50
were	originally	50
and	interviews	50
to	struggle	50
nearly	half	50
examine	how	50
to	promoting	50
cast	of	50
the	waves	50
choosing	the	50
company	in	50
any	significant	50
the	west	50
good	quality	50
and	recreation	50
aside	for	50
blind	and	50
snow	and	50
this	particular	50
ensure	they	50
engineering	from	50
still	working	50
men	had	50
may	work	50
torture	and	50
the	commissioner	50
other	three	50
or	personal	50
be	adapted	50
mount	vernon	50
so	does	50
contracts	and	50
more	stable	50
better	able	50
exercise	in	50
as	evidenced	50
radius	of	50
will	die	50
station	and	50
of	weather	50
cross	and	50
among	those	50
the	highlights	50
observe	that	50
pioneer	in	50
him	if	50
to	hurt	50
collect	data	50
his	soul	50
suffers	from	50
any	individual	50
the	steel	50
condition	in	50
with	permission	50
use	some	50
is	mandatory	50
foundations	and	50
this	helps	50
third	floor	50
right	into	50
the	tower	50
realize	how	50
islamic	state	50
specific	areas	50
man	from	50
my	parents	50
doing	all	50
headed	for	50
entire	world	50
peter	and	50
view	of	50
an	infinite	50
medal	of	50
doing	well	50
for	coming	50
conference	with	50
date	with	50
can	select	50
game	that	50
it's	going	50
short	story	50
of	governors	50
workers	from	50
appeal	of	50
street	from	50
broad	spectrum	50
with	industry	50
any	member	50
this	unit	50
was	broken	50
for	businesses	50
in	toronto	50
revenue	from	50
you	always	50
the	ordinance	50
input	on	50
south	asian	50
service	from	50
priority	of	50
saddam	hussein	50
they're	not	50
file	that	50
too	young	50
demonstrates	how	50
my	community	50
magazines	and	50
at	rutgers	50
space	between	50
accept-encoding	connection	50
on	teaching	50
you	requested	50
to	anticipate	50
the	writings	50
their	second	50
make	every	50
of	study	50
teacher	education	50
on	key	50
share	his	50
an	afternoon	50
picks	up	50
strategies	in	50
the	revolution	50
his	interest	50
his	long	50
and	quantitative	50
were	based	50
construed	as	50
also	got	50
dynamics	and	50
estimation	of	50
to	sue	50
patients	have	50
popular	with	50
payment	to	50
and	lasting	50
home	was	50
weak	and	50
of	open	50
us	up	50
occurred	at	50
purpose	for	50
his	studies	50
the	winner	50
the	burning	50
will	miss	50
town	hall	50
create	an	50
positive	for	50
more	dangerous	50
proponents	of	50
ones	are	50
late	summer	50
the	ladies	50
very	poor	50
the	southeast	50
at	heart	50
urban	and	50
for	students	50
fuel	cell	50
greatly	appreciated	50
for	assessing	50
his	former	50
the	biblical	50
to	inspect	50
so	grateful	50
settlement	of	50
would	reduce	50
levels	for	50
carried	by	50
children	ages	50
members	are	50
and	awards	50
of	darkness	50
general	rule	50
honored	by	50
life	sciences	50
looked	for	50
heritage	of	50
voters	in	50
the	judiciary	50
indian	ocean	50
shown	at	50
grant	program	50
we're	not	50
coordinator	for	50
point	at	50
crisis	of	50
the	countryside	50
failure	and	50
the	circulation	50
being	treated	50
data	center	50
trade	center	50
his	arms	50
cold	water	50
and	nurses	50
stop	by	50
md	anderson	50
i'm	still	50
receive	their	50
the	status	50
laboratory	and	50
and	hands-on	50
expectation	that	50
old	days	50
check	with	50
not	making	50
forest	and	50
evolution	and	50
was	afraid	50
was	noted	50
of	special	50
alleged	that	50
health	science	50
lessons	from	50
discrimination	against	50
to	craft	50
annual	basis	50
targeted	at	50
and	industry	50
was	indeed	50
bear	in	50
the	sustainability	50
and	talents	50
almost	exclusively	50
international	monetary	50
and	expanding	50
administrators	and	50
visitors	and	50
may	reduce	50
under	certain	50
does	one	50
rights	abuses	50
variability	in	50
he	feels	50
its	head	50
service	was	50
knowledge	base	50
islam	and	50
applications	that	50
countries	around	50
the	vast	50
get	people	50
up	when	50
courses	will	50
pretty	sure	50
christians	are	50
political	process	50
appealing	to	50
of	skin	49
trial	in	49
be	fun	49
here's	the	49
english	at	49
because	all	49
component	in	49
large	quantities	49
just	can't	49
endeavor	to	49
the	boxes	49
when	her	49
established	that	49
manager	at	49
first	five	49
we	ever	49
across	multiple	49
the	apple	49
human	history	49
which	allowed	49
troops	in	49
and	southern	49
this	fall	49
insights	and	49
and	nursing	49
the	district	49
vehicle	and	49
upside	down	49
for	hiv	49
summed	up	49
or	download	49
herself	and	49
the	giant	49
and	keeps	49
the	advisory	49
was	aware	49
teens	and	49
are	applicable	49
already	done	49
statement	on	49
experience	includes	49
past	years	49
it	goes	49
about	doing	49
quantify	the	49
be	generated	49
when	my	49
arrived	on	49
to	what	49
may	serve	49
opportunities	for	49
certain	things	49
site	are	49
not	usually	49
for	evaluation	49
make	its	49
you	missed	49
be	justified	49
and	just	49
but	more	49
question	on	49
between	china	49
would	soon	49
where	do	49
the	worker	49
our	social	49
officers	to	49
largely	because	49
award	is	49
sites	on	49
disabilities	in	49
in	accounting	49
an	occasional	49
bridge	between	49
he	loves	49
capture	and	49
our	membership	49
for	profit	49
twittershare	to	49
the	opening	49
information	needed	49
into	space	49
were	now	49
built	around	49
the	tragic	49
prerequisite	for	49
into	contact	49
no	single	49
hope	they	49
pages	in	49
these	studies	49
west	point	49
ignorant	of	49
could	no	49
people	attended	49
and	guests	49
volunteer	work	49
and	seniors	49
leadership	institute	49
the	noble	49
the	marine	49
the	nerve	49
began	on	49
public	good	49
of	eating	49
this	simple	49
columbia	college	49
commented	that	49
under	your	49
the	fullest	49
of	affairs	49
depended	on	49
group	is	49
they	called	49
top	three	49
of	dealing	49
for	protection	49
but	few	49
physical	health	49
intervention	and	49
arranged	by	49
makes	an	49
placing	the	49
business	world	49
winter	months	49
the	health	49
your	soul	49
nowhere	to	49
two	additional	49
taking	up	49
highly	motivated	49
province	of	49
representatives	to	49
took	them	49
unified	school	49
outcomes	in	49
yorba	linda	49
to	revise	49
are	maintained	49
join	me	49
financial	institution	49
centers	on	49
moment	that	49
spoke	at	49
anything	more	49
chronic	disease	49
the	flood	49
and	realize	49
faculty	from	49
your	registration	49
the	mainland	49
fought	for	49
the	red	49
exist	to	49
maintained	that	49
this	service	49
recommend	this	49
people	over	49
men	with	49
this	relationship	49
quality	standards	49
their	body	49
speaking	with	49
with	no	49
so	few	49
particularly	if	49
war	crimes	49
responded	by	49
medium	of	49
women	of	49
and	evening	49
ecology	of	49
valley	and	49
once	or	49
men	from	49
getting	involved	49
cell	lines	49
commission	has	49
are	waiting	49
he	loved	49
and	brings	49
the	electricity	49
delivery	to	49
family	services	49
he	spent	49
open	on	49
guess	is	49
commerce	and	49
before	my	49
free	software	49
urban	development	49
her	best	49
the	shoulder	49
huge	amount	49
their	data	49
withdrawal	of	49
project	manager	49
overseeing	the	49
were	those	49
remind	you	49
and	loves	49
cystic	fibrosis	49
gain	experience	49
was	limited	49
provide	training	49
align	with	49
rural	development	49
relatively	easy	49
services	they	49
works	best	49
to	depend	49
it's	really	49
you	arrive	49
bother	to	49
moving	into	49
doors	of	49
reserve	bank	49
of	liberal	49
is	controlled	49
went	off	49
law	degree	49
issues	from	49
the	projected	49
of	sri	49
we	strive	49
candidate	in	49
revenue	and	49
planned	and	49
after	two	49
georgia	and	49
program	provides	49
that	continues	49
includes	both	49
speaker	and	49
serious	problems	49
challenges	are	49
peoples	of	49
too	large	49
have	sent	49
every	opportunity	49
conceptions	of	49
proteins	and	49
including	our	49
memorial	service	49
library	association	49
truth	that	49
village	in	49
your	understanding	49
the	faa	49
human	resource	49
this	comment	49
the	visible	49
equal	rights	49
and	counseling	49
it's	all	49
busy	with	49
are	various	49
issue	on	49
from	past	49
missouri	river	49
become	aware	49
the	muscle	49
family	medicine	49
by	march	49
produce	more	49
developers	and	49
to	facebookshare	49
my	computer	49
year	olds	49
it	comes	49
as	head	49
programs	offered	49
chemicals	in	49
these	pages	49
and	why	49
new	model	49
edit	the	49
when	he	49
professors	and	49
will	understand	49
of	bread	49
are	multiple	49
schools	were	49
running	water	49
the	wing	49
conducting	research	49
college	park	49
by	focusing	49
would	encourage	49
been	thinking	49
condition	for	49
immediately	following	49
networks	of	49
no	money	49
quality	improvement	49
evidence	on	49
about	issues	49
my	goal	49
effectiveness	and	49
civil	liberties	49
set	an	49
quite	some	49
most	americans	49
mark	on	49
and	enable	49
also	presented	49
left	his	49
messages	and	49
ever	heard	49
the	secretary	49
and	heat	49
will	close	49
be	excluded	49
shifts	in	49
student	organization	49
life	span	49
and	explains	49
happy	that	49
of	publication	49
this	area	49
migration	of	49
was	captured	49
in	knowing	49
each	item	49
research	community	49
for	wildlife	49
was	better	49
the	statutory	49
its	importance	49
equality	and	49
the	left	49
accounting	and	49
in	peru	49
originated	in	49
themselves	or	49
having	their	49
rejected	by	49
studies	from	49
new	rules	49
was	enough	49
one	reason	49
these	standards	49
development	goals	49
big	enough	49
designated	for	49
the	switch	49
construct	the	49
address	some	49
essential	that	49
they	aren't	49
psychological	and	49
fight	back	49
in	normal	49
very	grateful	49
more	popular	49
and	trees	49
same	reason	49
and	draw	49
and	representatives	49
of	limitations	49
take	control	49
be	administered	49
the	tag	49
evening	and	49
the	verge	49
can	vary	49
illustration	of	49
network	for	49
and	treated	49
must	learn	49
for	nine	49
be	dropped	49
email	with	49
these	students	49
that	you've	49
thought	we	49
foreign	countries	49
just	plain	49
fair	share	49
opponents	of	49
lifelong	learning	49
would	end	49
old	friend	49
evaluations	of	49
party	and	49
times	and	49
to	twittershare	49
price	tag	49
the	intellect	49
political	system	49
campaign	that	49
the	alarm	49
therapy	to	49
air	national	49
falls	on	49
expensive	than	49
insisted	on	49
obtain	an	49
and	mortality	49
the	move	49
more	opportunities	49
changed	their	49
was	worth	49
who	get	49
backed	up	49
economics	of	49
one	wants	49
his	service	49
week	was	49
their	operations	49
issues	at	49
bay	and	49
side	effect	49
writing	center	49
with	advanced	49
working	paper	49
losing	their	49
council	will	49
with	iran	49
suspension	of	49
against	those	49
biological	sciences	49
cohort	of	49
people	across	49
expectation	of	49
parking	spaces	49
this	forum	49
pm	on	49
per	minute	49
served	for	49
been	presented	49
the	tongue	49
overall	health	49
were	less	49
whenever	you	49
would	run	49
his	final	49
prayers	and	49
social	skills	49
second	amendment	49
of	police	49
he	looked	49
are	focused	49
exceptions	to	49
is	drawn	49
not	complete	49
their	programs	49
to	earth	49
application	materials	49
approaches	for	49
taking	an	49
more	rapidly	49
his	name	49
from	september	49
you'll	have	49
as	strong	49
just	go	49
cell	research	49
mind	when	49
girl	scouts	49
telling	us	49
whether	an	49
of	molecular	49
different	groups	49
take	advantage	49
your	classroom	49
institute	at	49
creek	and	49
india	is	49
the	pair	49
honest	and	49
his	childhood	49
simply	click	49
days	of	49
good	friends	49
else	can	49
designed	with	49
without	ever	49
it	ever	49
carries	the	49
from	left	49
measures	for	49
organic	farming	49
is	calling	49
programs	or	49
of	ukraine	49
cause	is	49
residency	in	49
help	provide	49
will	remember	49
student	union	49
the	photographs	49
film	was	49
if	you'd	49
and	restaurants	49
letting	the	49
map	is	49
tap	into	49
and	remained	49
by	changing	49
be	driven	49
low	as	49
arguments	in	49
can	probably	49
two	reasons	49
to	japan	49
area	will	49
festival	of	49
and	inform	49
and	customers	49
its	partners	49
is	president	49
easy	as	49
new	type	49
that	involve	49
our	department	49
to	eligible	49
the	family	49
via	an	49
of	judgment	49
county	community	49
and	child	49
net	content-length	49
came	as	49
cents	per	49
facebookshare	to	49
been	taking	49
with	white	49
politics	in	49
healthcare	providers	49
and	updated	49
using	only	49
she	must	49
to	shine	49
its	core	49
been	posted	49
even	as	49
paper	presented	49
moments	in	49
of	houston	49
had	several	49
mission	statement	49
meanings	of	49
the	outbreak	49
information	security	49
continued	support	49
often	called	49
acres	in	49
was	delivered	49
construction	projects	49
western	europe	49
parties	are	49
glad	you	49
annually	in	49
oral	history	49
wildlife	habitat	49
an	added	49
the	punishment	49
take	our	49
four	decades	49
the	groundwork	49
the	repository	49
find	other	49
the	pakistani	49
procedure	and	49
the	cognitive	49
wrote	an	49
vary	depending	49
and	grants	49
he	works	49
by	september	49
profile	and	49
the	mutual	49
mechanism	that	49
assist	students	49
english	is	49
get	enough	49
be	designated	49
thrive	in	49
other	country	49
after	reading	49
they	usually	49
be	greater	49
has	adopted	49
life	sciences	49
the	signing	49
not	just	49
your	purchase	49
and	allowing	49
cities	are	49
calculation	of	49
the	autumn	49
other	professionals	49
been	previously	49
organizing	and	49
groups	will	49
room	temperature	49
state	funding	49
is	shared	49
and	courage	49
was	purchased	49
academic	program	49
nuclear	program	49
lower	levels	49
which	involves	49
hearing	about	49
are	increasing	49
lecture	on	49
new	tools	49
recovery	from	49
vietnam	war	49
put	me	49
savings	of	49
the	economics	49
friendship	and	49
for	visiting	49
non-governmental	organizations	49
numerous	awards	49
support	these	49
can	better	49
computer	lab	49
was	again	49
race	in	49
also	gives	49
the	fly	49
his	car	49
men	on	49
full	day	49
and	wealth	49
new	president	49
national	cancer	49
road	and	49
realize	their	49
important	question	49
cited	by	49
some	information	49
afford	the	49
the	lodge	49
the	nature	49
until	their	49
lived	there	48
advanced	search	48
both	within	48
will	notify	48
information	should	48
to	motivate	48
page	contains	48
in	construction	48
really	just	48
and	fruit	48
these	devices	48
community	involvement	48
nearly	impossible	48
the	ip	48
of	green	48
patients	will	48
and	senior	48
we	support	48
made	more	48
you	heard	48
through	june	48
in	employment	48
or	early	48
in	columbus	48
five	children	48
hours	at	48
not	supported	48
debate	is	48
ceremony	in	48
was	destroyed	48
email	thisblogthis	48
and	directions	48
of	physical	48
in	engineering	48
still	an	48
are	issued	48
is	suitable	48
central	role	48
its	natural	48
usefulness	of	48
but	here	48
studied	at	48
student	can	48
of	classical	48
doctoral	students	48
funded	in	48
visit	from	48
gas	prices	48
how	quickly	48
purchased	from	48
invites	you	48
surrounding	areas	48
all	means	48
our	main	48
meant	by	48
making	the	48
without	further	48
storage	of	48
active	participation	48
took	my	48
another	day	48
so	high	48
can	determine	48
are	applying	48
and	instruction	48
and	laboratory	48
the	evening	48
is	starting	48
may	involve	48
of	nature	48
of	performing	48
nations	of	48
it	remains	48
mason	university	48
key	to	48
an	urgent	48
reading	for	48
of	functional	48
by	anyone	48
the	dalai	48
and	leaves	48
confirms	that	48
it	only	48
information	from	48
this	free	48
and	neglect	48
workshop	in	48
modern	world	48
health	disparities	48
due	diligence	48
put	our	48
insure	that	48
window	is	48
is	accredited	48
academic	advisor	48
because	his	48
grand	jury	48
can	explain	48
go	off	48
literature	and	48
be	certified	48
pleasure	in	48
international	development	48
on	social	48
the	indigenous	48
your	book	48
farms	and	48
consultant	for	48
armed	conflict	48
free	trade	48
your	institution	48
another	way	48
are	examples	48
better	quality	48
new	state	48
the	foundation	48
require	you	48
to	stabilize	48
we	only	48
tradition	that	48
those	issues	48
was	estimated	48
disabled	for	48
see	who	48
interviewed	by	48
successful	candidate	48
shot	of	48
up	around	48
applied	science	48
shoes	and	48
starts	in	48
in	giving	48
the	beam	48
act	like	48
have	looked	48
yet	again	48
essential	in	48
consider	what	48
of	islamic	48
management	plan	48
and	temperature	48
of	determining	48
to	los	48
listen	and	48
the	filter	48
security	administration	48
is	turned	48
led	by	48
american	society	48
more	women	48
award	will	48
it	felt	48
the	epidemic	48
checking	out	48
experienced	by	48
in	vermont	48
and	bob	48
have	visited	48
and	acting	48
their	product	48
harry	potter	48
foods	that	48
is	false	48
determining	whether	48
who	then	48
violated	the	48
demanding	that	48
program	includes	48
improve	health	48
thank	them	48
was	incorporated	48
components	that	48
humanities	and	48
and	talked	48
the	disorder	48
my	little	48
working	days	48
what	it's	48
people	whose	48
shaping	the	48
young	boy	48
out	any	48
we	invite	48
law	will	48
an	introductory	48
this	episode	48
and	closed	48
solve	this	48
cheaper	than	48
healthy	lifestyle	48
those	years	48
i'm	very	48
seconded	by	48
the	possession	48
drop	off	48
not	participate	48
utilized	in	48
continue	this	48
destination	for	48
our	sins	48
this	results	48
school	students	48
is	fun	48
text	messages	48
local	officials	48
good	use	48
split	the	48
readers	of	48
discuss	what	48
he	studied	48
for	registration	48
fiction	and	48
quiet	and	48
anywhere	from	48
down	their	48
management	program	48
attorney	for	48
became	clear	48
of	sociology	48
are	links	48
some	real	48
the	mine	48
survey	is	48
its	existence	48
by	comparing	48
senate	bill	48
education	committee	48
will	impact	48
to	narrow	48
this	theory	48
face	with	48
three-quarters	of	48
prize	for	48
services	is	48
of	diseases	48
and	replaced	48
we	try	48
industry	as	48
resource	is	48
lord	has	48
principles	are	48
disruption	of	48
of	economics	48
choice	between	48
it	impossible	48
color	in	48
years	experience	48
while	being	48
the	writers	48
in	ancient	48
months	from	48
much	worse	48
ask	him	48
party	that	48
was	it	48
the	nasa	48
view	more	48
services	were	48
visible	and	48
stars	and	48
priority	to	48
disability	and	48
these	cells	48
notes	in	48
guest	speakers	48
an	outdoor	48
some	really	48
public	utilities	48
charges	for	48
the	magnetic	48
buildings	are	48
the	sheer	48
archives	and	48
doctor	to	48
their	schools	48
he	should	48
asking	them	48
left	behind	48
not	prevent	48
the	oral	48
sources	in	48
the	mechanical	48
that	americans	48
the	corn	48
vary	by	48
view	on	48
graduates	of	48
high	resolution	48
the	breeding	48
different	languages	48
and	ice	48
changing	the	48
over	which	48
dollars	for	48
units	are	48
it	probably	48
in	total	48
we	develop	48
links	on	48
gmt	content-length	48
to	comprehend	48
and	desire	48
the	developers	48
my	case	48
of	equality	48
public	libraries	48
of	ongoing	48
sit	and	48
combine	the	48
opinions	on	48
in	literature	48
other	business	48
of	acute	48
john	mccain	48
over	many	48
contact	your	48
an	authentic	48
remind	us	48
same	people	48
struggle	against	48
ends	meet	48
are	carried	48
also	wrote	48
the	statewide	48
and	radiation	48
father	is	48
general	electric	48
including	his	48
and	properly	48
and	agriculture	48
to	weigh	48
users	who	48
act	is	48
small	percentage	48
acts	of	48
not	return	48
description	and	48
business	models	48
concerns	for	48
there	he	48
phone	at	48
golden	gate	48
he	called	48
your	contact	48
been	successfully	48
want	us	48
necessarily	mean	48
forum	on	48
money	will	48
emphasis	in	48
the	towns	48
he	teaches	48
his	actions	48
commission	is	48
care	delivery	48
door	for	48
also	includes	48
speaking	about	48
be	restricted	48
tickets	are	48
the	exact	48
currently	under	48
instrument	of	48
were	generally	48
and	chronic	48
were	completed	48
his	views	48
of	morality	48
the	backbone	48
good	old	48
the	milk	48
the	capabilities	48
asked	that	48
without	this	48
and	activists	48
the	rio	48
made	during	48
economy	has	48
ten	minutes	48
lot	like	48
her	book	48
main	content	48
to	conceive	48
are	prohibited	48
venture	capital	48
of	creativity	48
not	fall	48
that	worked	48
three	groups	48
this	talk	48
roof	of	48
the	infection	48
of	breath	48
service	center	48
we	bring	48
would	actually	48
the	economic	48
department	or	48
sale	and	48
and	structural	48
perspectives	and	48
slowing	down	48
gift	of	48
have	finished	48
the	protest	48
the	military	48
primarily	by	48
very	same	48
arrested	for	48
governments	in	48
which	appears	48
for	other	48
can	email	48
of	dust	48
not	affected	48
not	ready	48
of	taxes	48
officials	say	48
in	emergency	48
charges	against	48
medical	research	48
science	department	48
odds	with	48
not	seek	48
directed	toward	48
of	admission	48
also	published	48
screening	of	48
know	him	48
had	recently	48
the	radical	48
these	families	48
taking	action	48
one	member	48
scenes	of	48
the	blame	48
really	well	48
grew	to	48
the	heavenly	48
may	allow	48
can	possibly	48
god	would	48
hazardous	materials	48
your	article	48
restored	to	48
some	pretty	48
walking	and	48
may	actually	48
subject	areas	48
claims	are	48
convince	the	48
healthcare	professionals	48
east	asian	48
in	fear	48
believe	you	48
the	collaborative	48
recruitment	and	48
feel	so	48
heard	this	48
the	proposition	48
staff	has	48
for	christmas	48
the	perceived	48
scores	and	48
liability	for	48
football	team	48
or	give	48
general	manager	48
eating	and	48
appreciate	it	48
to	bermuda	48
the	apartment	48
which	comes	48
bible	study	48
by	becoming	48
that	being	48
things	happen	48
changed	over	48
are	driving	48
operate	on	48
it	involves	48
not	properly	48
and	these	48
as	specified	48
could	work	48
just	had	48
and	france	48
you	miss	48
is	tied	48
the	inspiration	48
spoken	of	48
research	has	48
objection	to	48
changes	have	48
at	ohio	48
organized	into	48
his	entire	48
nobel	peace	48
man	or	48
of	mathematics	48
an	actor	48
discuss	your	48
peaceful	and	48
the	participant	48
the	receipt	48
money	by	48
did	some	48
share	my	48
products	or	48
to	nominate	48
for	sex	48
authored	by	48
fees	to	48
are	indeed	48
choices	that	48
remember	the	48
be	assured	48
and	pick	48
an	aggressive	48
can	simply	48
my	back	48
will	expand	48
had	moved	48
to	remedy	48
under	section	48
reference	for	48
the	un	48
samples	and	48
with	nearly	48
challenged	to	48
leadership	conference	48
the	righteous	48
the	mercy	48
and	medicine	48
those	countries	48
program	will	48
districts	and	48
not	talking	48
of	tuition	48
positive	results	48
childhood	education	48
the	participants	48
chemicals	and	48
raise	their	48
the	heels	48
for	addressing	48
and	fell	48
see	also	48
who	would	48
of	samples	48
minutes	later	48
of	manufacturing	48
in	nebraska	48
in	la	48
wrapped	in	48
temperatures	and	48
subject	line	48
who	suffer	48
middle	ages	48
has	built	48
scientists	in	48
complexity	and	48
follow	that	48
the	teaching	48
and	evaluation	48
and	neck	48
what	other	48
and	fourth	48
do	believe	48
would	try	48
about	health	48
the	invention	48
named	as	48
he	started	48
different	way	48
the	woman	48
components	are	48
this	war	48
the	chemicals	48
either	as	48
resistance	in	48
his	faith	48
were	produced	48
administrative	services	48
and	severe	48
if	such	48
deployed	to	48
has	really	48
story	was	48
in	switzerland	48
an	indian	48
statements	and	48
practitioners	and	48
college	will	48
events	have	48
its	development	48
live	by	48
gathered	at	48
colon	cancer	48
the	request	48
eventually	be	48
completely	new	48
thought	this	48
for	global	48
from	human	48
the	battlefield	48
many	are	48
how	different	48
coming	weeks	48
insurance	is	48
cuts	and	48
the	social	48
suppression	of	48
no	part	48
so	glad	48
national	organization	47
issue	has	47
wells	fargo	47
hear	your	47
the	ukrainian	47
rest	on	47
bachelor	of	47
state	parks	47
for	producing	47
to	reducing	47
maryland	and	47
of	teachers	47
federal	register	47
this	critical	47
salary	and	47
world	who	47
olympic	games	47
the	unemployment	47
centers	of	47
instructed	to	47
ordered	by	47
motion	to	47
walk	around	47
cards	are	47
be	confirmed	47
lost	my	47
they	require	47
the	park	47
shall	take	47
this	image	47
of	child	47
they	themselves	47
are	approved	47
for	foreign	47
homes	for	47
is	creating	47
center	on	47
for	itself	47
family	will	47
country	will	47
with	existing	47
nor	any	47
company	and	47
about	us	47
he	returned	47
the	stanford	47
point	you	47
you	thought	47
plan	is	47
by	promoting	47
in	electrical	47
the	size	47
all	else	47
the	elementary	47
be	grateful	47
fluent	in	47
must	give	47
case	it	47
the	specification	47
meet	on	47
secondary	education	47
without	regard	47
ideals	of	47
organization	of	47
also	involved	47
my	understanding	47
economic	downturn	47
learn	new	47
our	service	47
medical	history	47
have	paid	47
after	serving	47
offered	as	47
to	swim	47
government	has	47
your	brain	47
in	animal	47
for	teaching	47
can	grow	47
the	miami	47
change	was	47
were	probably	47
tasks	that	47
my	faith	47
release	from	47
an	inclusive	47
biology	of	47
for	running	47
an	interim	47
while	doing	47
tax	code	47
heart	association	47
uses	for	47
and	poetry	47
registration	process	47
or	medical	47
if	anything	47
this	phenomenon	47
issues	or	47
government	or	47
students	work	47
credibility	of	47
by	george	47
renovation	of	47
machine	and	47
when	trying	47
the	lady	47
and	nine	47
message	for	47
of	anthropology	47
turn	around	47
training	session	47
it's	hard	47
posted	at	47
czech	republic	47
health	needs	47
regions	in	47
agenda	of	47
and	friends	47
each	program	47
ethical	issues	47
developments	and	47
we	moved	47
this	small	47
viewed	by	47
secret	of	47
your	situation	47
filled	in	47
mainly	on	47
fame	in	47
losing	the	47
all	five	47
by	building	47
by	joining	47
paper	or	47
continuity	of	47
international	society	47
themselves	into	47
the	trunk	47
and	editing	47
continued	growth	47
ministry	and	47
personnel	to	47
or	low	47
could	tell	47
full	text	47
graduate	with	47
they	now	47
adjustments	to	47
load	of	47
of	completion	47
of	wisconsin-madison	47
high	cost	47
of	thy	47
state	officials	47
being	more	47
browse	the	47
he	gives	47
for	security	47
circumstances	that	47
advantages	and	47
toxic	chemicals	47
quite	well	47
inclement	weather	47
the	custom	47
reflecting	on	47
for	graduation	47
speaking	in	47
also	asked	47
individuals	that	47
since	my	47
satisfaction	of	47
clerk	of	47
protein	that	47
has	offered	47
got	involved	47
month	ago	47
more	concerned	47
in	elementary	47
are	effective	47
difficulties	and	47
when	possible	47
to	reconcile	47
the	phenomenon	47
takes	up	47
the	notion	47
character	is	47
helpful	and	47
and	expressed	47
the	movements	47
house	that	47
even	some	47
both	men	47
territory	of	47
and	solve	47
this	lesson	47
daily	news	47
his	left	47
to	keeping	47
face	is	47
efforts	will	47
nation	that	47
we	met	47
entering	into	47
supervised	by	47
take	her	47
of	rochester	47
get	something	47
undergraduate	student	47
in	corporate	47
the	empire	47
of	it	47
her	colleagues	47
comments	by	47
life	skills	47
all	proceeds	47
thus	it	47
consumers	are	47
was	closed	47
general	counsel	47
on	political	47
scholars	in	47
and	employers	47
other	research	47
sea	turtles	47
with	extensive	47
accessing	the	47
have	four	47
left	by	47
changed	by	47
were	three	47
been	reduced	47
congress	on	47
given	as	47
was	easy	47
in	bangladesh	47
the	universal	47
too	expensive	47
had	four	47
the	trash	47
custody	of	47
cubic	feet	47
and	inspired	47
of	vehicles	47
one	was	47
and	expenses	47
stood	on	47
see	our	47
data	available	47
governments	of	47
first	grade	47
and	competitive	47
procedure	to	47
helps	students	47
arrival	at	47
whenever	they	47
international	trade	47
to	rent	47
policy	or	47
the	creek	47
the	spotlight	47
calls	it	47
groups	as	47
that	matters	47
great	importance	47
with	his	47
feet	tall	47
have	plenty	47
password	to	47
they	took	47
context	in	47
donations	and	47
in	part	47
an	introduction	47
catalog	of	47
could	happen	47
into	question	47
residence	in	47
solely	for	47
the	operational	47
closed	in	47
the	excess	47
sold	for	47
feel	very	47
journalism	and	47
not	accepted	47
pennsylvania	state	47
was	willing	47
the	land	47
review	this	47
not	nearly	47
he	takes	47
the	graphic	47
though	it	47
is	studying	47
and	physically	47
increase	by	47
who	desire	47
new	posts	47
infants	and	47
taxes	are	47
ought	not	47
even	then	47
streams	and	47
are	times	47
much	we	47
international	cooperation	47
tree	and	47
and	aids	47
ourselves	as	47
approaching	the	47
his	vision	47
present	study	47
of	cognitive	47
and	drinking	47
education	courses	47
equity	and	47
second	phase	47
knew	he	47
he	continues	47
was	living	47
our	democracy	47
he	used	47
had	better	47
people	just	47
is	surrounded	47
of	negative	47
us	dollar	47
data	show	47
cover	up	47
he	didn't	47
examples	are	47
collection	includes	47
the	lawyer	47
is	none	47
intensive	care	47
he	must	47
an	ethical	47
my	point	47
throw	the	47
our	entire	47
in	evaluating	47
whether	your	47
to	hunt	47
when	will	47
than	some	47
sciences	at	47
movements	in	47
some	research	47
resistance	and	47
college	level	47
his	knowledge	47
and	upper	47
london	in	47
the	picture	47
mercy	of	47
high	energy	47
the	helm	47
our	readers	47
the	reasons	47
bring	more	47
animal	welfare	47
sometime	in	47
department	will	47
the	consumption	47
has	joined	47
she	moved	47
best	practices	47
definitely	not	47
built	with	47
the	army	47
feel	safe	47
related	topics	47
camp	and	47
we	asked	47
the	resident	47
the	green	47
to	uncover	47
is	short	47
of	conversation	47
the	senate	47
between	his	47
american	women	47
house	with	47
victory	for	47
the	ingredients	47
locked	in	47
are	released	47
would	support	47
coming	soon	47
in	older	47
were	supposed	47
before	god	47
and	acts	47
the	expiration	47
intrigued	by	47
uc	santa	47
has	arrived	47
it	brings	47
box	in	47
their	culture	47
are	studying	47
for	half	47
connecting	the	47
and	habitat	47
occur	on	47
consciousness	and	47
will	choose	47
he	fell	47
my	comment	47
will	identify	47
allows	me	47
produces	the	47
see	something	47
has	great	47
to	clients	47
this	function	47
gone	into	47
in	tanzania	47
service	projects	47
my	current	47
the	urban	47
to	nurture	47
energy	production	47
and	invited	47
other	kinds	47
courses	with	47
computer	or	47
are	established	47
services	department	47
it's	about	47
this	module	47
you	change	47
born	into	47
lay	out	47
messages	from	47
of	scholars	47
and	cooling	47
worrying	about	47
university	students	47
driver	of	47
the	readings	47
occurred	on	47
to	disseminate	47
he	brought	47
the	widespread	47
community	services	47
email	from	47
name	of	47
be	automatically	47
of	fat	47
out	why	47
principal	investigator	47
decision-making	process	47
are	evaluated	47
know	each	47
opt	out	47
holidays	and	47
more	significant	47
tax	credit	47
the	machines	47
women	are	47
the	french	47
the	complete	47
an	ability	47
third	grade	47
are	specified	47
the	summit	47
other	relevant	47
this	edition	47
liberty	and	47
financing	for	47
their	story	47
of	heaven	47
of	comfort	47
somewhere	else	47
the	profits	47
can	hold	47
links	are	47
the	cornell	47
operation	in	47
the	creative	47
fill	out	47
and	enhancing	47
was	walking	47
of	acceptance	47
environmental	science	47
of	raw	47
gateway	to	47
to	refine	47
saying	they	47
technique	is	47
you	build	47
took	care	47
their	degree	47
public	information	47
popular	in	47
including	but	47
cluster	of	47
are	thrilled	47
play	at	47
changes	were	47
high	enough	47
and	control	47
ct	scan	47
abilities	to	47
west	indies	47
my	question	47
procedures	that	47
him	his	47
website	will	47
in	conjunction	47
notice	that	47
information	related	47
be	overcome	47
data	has	47
we	won't	47
closing	the	47
model	with	47
academy	in	47
first	edition	47
challenged	by	47
is	occurring	47
more	specifically	47
be	analyzed	47
amount	that	47
be	attached	47
close	attention	47
from	above	47
praised	the	47
relation	of	47
island	in	47
and	surgical	47
design	process	47
our	industry	47
was	standing	47
could	affect	47
wondered	if	47
recently	as	47
generated	in	47
drawn	up	47
areas	of	47
american	bar	47
and	substance	47
been	under	47
it	continues	47
radio	show	47
of	injury	47
more	research	47
your	professional	47
the	healing	47
for	excellence	47
the	directors	47
new	site	47
of	veterinary	47
mother	of	47
credit	union	47
them	before	47
large	as	47
previously	served	47
an	objective	47
and	removed	47
of	communications	47
the	sun	47
uphold	the	47
the	bronx	47
these	schools	47
and	rich	47
if	it's	47
challenged	the	47
awarded	in	47
or	outside	47
push	to	47
union	with	47
guarantee	the	47
placed	into	47
recent	research	47
the	eternal	47
is	successful	47
of	capitalism	47
also	learned	47
of	electrical	47
same	kind	47
care	centers	47
pushed	the	47
making	progress	47
new	deal	47
additional	resources	47
other	data	47
compliance	and	47
we	going	47
the	confusion	47
conversion	to	47
most	serious	47
should	say	47
our	blog	47
help	desk	47
it's	very	47
and	slow	47
of	detail	47
for	immediate	47
good	fortune	47
alliance	of	47
threatening	to	47
of	outstanding	47
and	creates	47
an	expensive	47
from	san	47
the	microsoft	47
health	centers	47
chat	with	47
to	withstand	47
courtesy	of	47
stress	disorder	47
the	judge	47
review	your	47
and	disability	47
two	were	47
just	north	47
cash	flow	47
william	and	47
revenue	to	47
multiple	sclerosis	47
the	twelve	47
acknowledges	that	47
expressed	as	47
studied	with	47
of	particles	47
by	peter	47
was	described	47
was	associated	47
in	shape	47
industry	leaders	47
the	hawaiian	47
guidelines	to	47
nothing	less	47
marking	the	47
watch	it	47
and	survival	47
we	agree	47
in	stem	47
development	process	47
comparison	of	47
of	sand	47
council	members	47
that	christ	47
many	members	47
be	liable	47
not	perfect	47
are	lost	47
then	go	47
no	guarantee	47
river	valley	47
be	clearly	47
also	become	47
teach	students	47
of	stone	47
recognition	that	47
upon	you	47
being	very	47
announced	today	47
to	sea	47
networking	opportunities	47
group	had	47
realization	that	47
christmas	eve	47
giving	you	47
caught	the	47
law	has	47
the	evolutionary	47
far	enough	47
must	find	47
been	confirmed	47
to	jail	47
to	dominate	47
electrical	and	47
independent	research	47
served	at	47
valuable	resource	47
is	increased	47
also	features	47
from	chicago	47
he	explains	47
worn	by	47
specialized	in	47
to	my	47
hoping	for	47
return	it	47
helping	students	47
must	ensure	47
its	employees	47
vehicle	is	47
fans	of	47
that	bring	47
frequency	and	47
and	desires	47
this	conference	47
two	year	47
miles	south	47
presented	at	47
proper	to	47
pm	said	47
fourth	year	47
the	golden	47
undergraduate	research	47
the	audit	47
placed	at	47
half	of	47
other	books	46
was	ever	46
wide	web	46
feel	they	46
aside	from	46
promotion	and	46
and	calling	46
national	bank	46
right	before	46
take	his	46
agency	in	46
improves	the	46
departments	of	46
great	experience	46
the	armenian	46
an	extent	46
your	prayers	46
in	return	46
of	trouble	46
entrepreneurs	and	46
procedures	in	46
nearly	two	46
in	cuba	46
here	because	46
an	automated	46
it	occurs	46
an	overwhelming	46
can	sign	46
were	recorded	46
agency	or	46
forests	and	46
these	communities	46
is	wonderful	46
system	for	46
the	rss	46
other	key	46
and	dental	46
public	speaking	46
of	substance	46
tax	revenues	46
only	take	46
reserve	your	46
were	formed	46
can't	afford	46
money	at	46
how	should	46
library	for	46
governor	of	46
in	marketing	46
the	chicago	46
my	god	46
the	civilian	46
has	finally	46
and	telling	46
they	include	46
it	creates	46
deserves	to	46
diameter	of	46
skills	they	46
herself	as	46
the	leg	46
mean	it	46
weekend	in	46
has	enabled	46
newly	created	46
the	fulfillment	46
also	apply	46
treatment	plan	46
saw	her	46
it	often	46
open	at	46
slice	of	46
and	mathematics	46
graduate	students	46
verge	of	46
will	win	46
particularly	when	46
warning	signs	46
my	heart	46
established	as	46
issued	for	46
capacity	in	46
graduate	work	46
recently	received	46
our	part	46
training	will	46
support	its	46
tough	to	46
of	memphis	46
be	eliminated	46
of	charity	46
the	occurrence	46
more	aggressive	46
two	dozen	46
table	with	46
where	appropriate	46
and	sat	46
agreed	on	46
the	cellular	46
fee	will	46
or	mental	46
clinics	and	46
this	election	46
goes	by	46
technology	can	46
would	later	46
the	couple	46
be	altered	46
government	spending	46
new	name	46
success	stories	46
hearing	is	46
not	based	46
are	finding	46
conversations	about	46
be	derived	46
are	automatically	46
officers	in	46
the	physics	46
governing	body	46
the	minority	46
as	our	46
city	college	46
associate	director	46
hint	of	46
small	towns	46
the	issuance	46
cannot	have	46
since	it	46
you	prepare	46
shortly	before	46
data	file	46
completion	of	46
for	christ	46
this	exciting	46
coordinating	the	46
detect	the	46
please	review	46
rain	and	46
the	ap	46
not	read	46
shops	and	46
resources	at	46
scores	are	46
really	get	46
and	fewer	46
success	as	46
climate	change	46
already	begun	46
close	proximity	46
many	problems	46
congress	for	46
are	equipped	46
is	properly	46
meaningful	and	46
may	give	46
senior	vice	46
will	inform	46
who	graduated	46
analogous	to	46
new	forms	46
the	eggs	46
for	guidance	46
to	scan	46
and	retention	46
they	move	46
woman	was	46
office	on	46
power	from	46
year	he	46
institution	that	46
south	side	46
also	because	46
our	god	46
the	villages	46
that	word	46
anonymous	on	46
besides	the	46
their	daughter	46
university	students	46
achieve	that	46
the	virgin	46
in	singapore	46
the	cluster	46
increasingly	important	46
times	we	46
the	successes	46
folks	in	46
and	execution	46
new	government	46
ensure	you	46
strategy	in	46
experiment	in	46
victory	in	46
could	bring	46
the	scores	46
to	seize	46
our	political	46
vegetables	and	46
the	prospects	46
of	photographs	46
take	these	46
observation	and	46
your	son	46
and	ease	46
of	ocean	46
secrets	of	46
more	attractive	46
aim	was	46
against	you	46
people	together	46
pleskwin	date	46
food	items	46
lunch	at	46
house	bill	46
is	alive	46
piece	is	46
remain	at	46
pattern	is	46
reflection	and	46
president	clinton	46
are	expressed	46
overwhelmed	by	46
tax	deduction	46
it	follows	46
old	woman	46
varying	degrees	46
medical	condition	46
more	direct	46
net	x-powered-by-plesk	46
steering	committee	46
damaged	by	46
the	writing	46
the	muslims	46
in	seeing	46
policy	was	46
funds	were	46
to	exit	46
might	just	46
asking	questions	46
by	chance	46
harder	than	46
chose	not	46
remains	an	46
extremely	difficult	46
that	addresses	46
looks	like	46
building	materials	46
that	encourages	46
points	that	46
those	cases	46
high	priest	46
graduate	level	46
gun	and	46
some	tips	46
also	developed	46
developed	with	46
happiness	and	46
with	kids	46
its	part	46
was	likely	46
was	writing	46
seconds	to	46
the	technology	46
to	boot	46
public	comments	46
expressed	concern	46
of	twelve	46
their	case	46
are	dependent	46
san	luis	46
with	everyone	46
cancer	society	46
manifestations	of	46
the	review	46
estate	and	46
the	wild	46
stuck	with	46
travel	with	46
that	fit	46
in	regular	46
compare	to	46
against	other	46
judge	of	46
second	round	46
that	improve	46
almost	like	46
rural	and	46
specific	needs	46
off	my	46
understands	that	46
between	what	46
city	officials	46
answer	was	46
said	john	46
and	collective	46
is	illustrated	46
through	time	46
public	life	46
law	review	46
more	meaningful	46
believe	there	46
research	opportunities	46
was	sentenced	46
of	insulin	46
development	corporation	46
and	mentoring	46
valid	and	46
and	evaluated	46
what's	happening	46
may	experience	46
representative	from	46
cape	town	46
of	violent	46
for	freedom	46
that	killed	46
the	tunnel	46
okay	to	46
pope	john	46
representatives	and	46
good	governance	46
district	in	46
shores	of	46
be	played	46
monte	carlo	46
your	whole	46
would	ever	46
we	thought	46
never	even	46
various	kinds	46
alleges	that	46
element	is	46
new	location	46
candidates	will	46
in	custody	46
many	books	46
was	heard	46
us	when	46
as	food	46
the	awards	46
graduation	rates	46
are	recorded	46
the	carrier	46
trace	the	46
keep	his	46
in	nashville	46
documentation	is	46
will	actually	46
especially	since	46
the	king's	46
waste	management	46
new	methods	46
alone	or	46
the	aclu	46
art	institute	46
collection	contains	46
competed	in	46
we're	sorry	46
the	agency's	46
highest	levels	46
by	showing	46
your	library	46
teachers	college	46
extended	family	46
different	methods	46
his	case	46
also	showed	46
state	agency	46
was	commissioned	46
pages	that	46
daily	activities	46
into	existence	46
preferred	to	46
mailing	address	46
at	national	46
its	many	46
of	holy	46
graduates	are	46
institute	has	46
be	similar	46
before	starting	46
dental	care	46
developed	at	46
candidates	in	46
curriculum	for	46
current	location	46
all	we	46
than	twice	46
neighbors	and	46
deputy	director	46
made	our	46
never	used	46
or	physical	46
before	our	46
get	lost	46
just	outside	46
points	from	46
students	from	46
new	member	46
so	because	46
anticipated	that	46
individuals	who	46
saturday	at	46
again	as	46
i'm	trying	46
the	armed	46
even	now	46
my	story	46
declines	in	46
deadline	for	46
good	start	46
building	with	46
from	april	46
and	scholarly	46
and	watching	46
directions	for	46
the	villagers	46
survival	and	46
in	deciding	46
and	equality	46
left	us	46
of	armed	46
and	sarah	46
term	that	46
computer	system	46
an	informed	46
and	edit	46
population	has	46
are	turning	46
your	spouse	46
additions	to	46
current	law	46
are	valid	46
new	level	46
to	maintaining	46
environmental	education	46
the	entity	46
of	journalism	46
the	strange	46
of	crimes	46
permitted	by	46
how	often	46
other	form	46
requests	from	46
of	the	46
as	indicated	46
the	constraints	46
and	defend	46
then	she	46
living	things	46
they	made	46
common	cause	46
secure	and	46
public	meeting	46
our	shared	46
provides	free	46
responded	that	46
steps	for	46
walking	distance	46
way	home	46
this	week's	46
graduate	program	46
scene	in	46
bright	and	46
insurance	plans	46
move	through	46
already	be	46
public	meetings	46
discussion	is	46
as	stated	46
keep	me	46
physical	fitness	46
they	mean	46
an	affordable	46
perform	at	46
program	should	46
of	magnitude	46
my	hair	46
states	as	46
these	fields	46
noise	and	46
discount	on	46
daughter	is	46
international	development	46
last	updated	46
really	excited	46
million	pounds	46
to	mount	46
these	reports	46
many	good	46
when	there	46
drugs	in	46
rows	of	46
transferred	from	46
communication	and	46
object	in	46
identify	the	46
been	running	46
later	in	46
hopes	and	46
just	said	46
profession	of	46
up	through	46
this	change	46
we	saw	46
no	special	46
salt	and	46
the	medication	46
prevent	them	46
styles	of	46
cannot	make	46
and	flexibility	46
elections	and	46
be	led	46
agency	for	46
their	old	46
regulations	are	46
and	talent	46
the	summary	46
we	love	46
question	or	46
the	animal	46
arrival	in	46
been	discussed	46
and	preservation	46
for	low	46
qualify	as	46
binding	to	46
your	cart	46
be	configured	46
veterinary	medicine	46
statute	of	46
at	certain	46
were	compared	46
papers	are	46
is	dangerous	46
lands	in	46
market	research	46
the	uss	46
assessments	and	46
democrats	and	46
the	god	46
substance	of	46
not	recommended	46
like	so	46
gender	equality	46
looked	upon	46
he	adds	46
your	gift	46
convey	the	46
is	restricted	46
care	team	46
single	person	46
students	come	46
guidelines	are	46
informative	and	46
we	hold	46
and	reliability	46
by	examining	46
the	legitimacy	46
voted	against	46
six	hours	46
for	breast	46
best	friends	46
the	liquid	46
preview	of	46
better	prepared	46
physician	and	46
proteins	are	46
significant	differences	46
symptoms	of	46
extensively	in	46
shall	see	46
for	books	46
all	required	46
of	action	46
the	coal	46
you	check	46
no	action	46
app	is	46
at	iowa	46
species	act	46
following	table	46
and	facebook	46
trees	that	46
organizations	such	46
this	resource	46
became	involved	46
the	chapter	46
when	new	46
acquisition	and	46
or	twice	46
reports	for	46
we	started	46
proposes	to	46
but	god	46
site	uses	46
licensed	to	46
weight	gain	46
impression	on	46
public	housing	46
another	state	46
wonder	that	46
the	scholarship	46
for	permission	46
excuse	to	46
writing	that	46
only	five	46
am	afraid	46
health	concerns	46
would	it	46
new	insights	46
class	was	46
see	more	46
global	financial	46
accept	this	46
captured	in	46
these	kids	46
our	network	46
they	met	46
the	tax	46
of	bed	46
whenever	the	46
for	drug	46
attacked	by	46
for	domestic	46
regularly	to	46
students	into	46
the	width	46
who	meet	46
debit	card	46
our	collective	46
the	pure	46
have	followed	46
messages	are	46
investors	and	46
village	and	46
stay	away	46
you	develop	46
signal	to	46
and	eating	46
work	within	46
search	box	46
an	illegal	46
are	large	46
the	spacecraft	46
advise	the	46
and	approaches	46
past	couple	46
send	their	46
had	reached	46
red	blood	46
drop	of	45
interface	is	45
they	belong	45
page	from	45
and	since	45
being	given	45
have	emerged	45
of	illness	45
this	property	45
police	station	45
and	accuracy	45
of	allah	45
are	submitted	45
last	weekend	45
we	support	45
of	friendship	45
this	business	45
two	most	45
analysis	was	45
maintains	that	45
are	nearly	45
perhaps	this	45
manager	and	45
and	advocate	45
the	criminal	45
the	hallway	45
and	physicians	45
and	promotes	45
were	sold	45
most	challenging	45
book	chapters	45
first	six	45
logic	and	45
this	space	45
native	language	45
and	justice	45
and	economics	45
week	as	45
for	reporting	45
to	afghanistan	45
emory	university	45
writings	of	45
an	obstacle	45
in	matters	45
was	president	45
imagine	what	45
tuesday	night	45
the	task	45
keep	him	45
when	students	45
food	chain	45
pro	bono	45
of	programming	45
show	me	45
your	care	45
cloud	computing	45
constraints	on	45
together	we	45
of	asia	45
manage	and	45
ignores	the	45
their	public	45
partners	are	45
letter	was	45
in	brussels	45
to	deepen	45
academic	freedom	45
student	government	45
creator	of	45
over	here	45
after	graduating	45
international	law	45
national	league	45
spiritual	life	45
ronald	reagan	45
spent	his	45
from	birth	45
obtained	through	45
community	based	45
attack	by	45
the	soft	45
and	professional	45
abroad	and	45
the	corporation	45
cape	cod	45
stability	in	45
on	occasion	45
would	ask	45
ok	to	45
it	depends	45
being	implemented	45
as	effective	45
be	deposited	45
other	medical	45
do	want	45
the	trails	45
predictor	of	45
was	submitted	45
or	staff	45
care	needs	45
world	food	45
exclusively	on	45
then	she	45
cited	as	45
exciting	new	45
versus	the	45
control	of	45
native	plants	45
the	van	45
football	and	45
topics	from	45
the	allocation	45
states	from	45
goes	up	45
ethics	and	45
distinguished	professor	45
is	paying	45
capability	of	45
we	experience	45
populations	and	45
the	temptation	45
they	reach	45
having	the	45
research	assistant	45
the	mysteries	45
i'm	looking	45
are	thus	45
might	take	45
and	mechanical	45
the	threats	45
circle	of	45
helped	them	45
be	retained	45
get	married	45
the	devastating	45
are	clear	45
personal	computer	45
have	faith	45
flesh	and	45
the	pack	45
their	educational	45
and	whatever	45
great	plains	45
perceive	the	45
lessons	that	45
coaches	and	45
that	match	45
paid	on	45
friday	morning	45
the	brink	45
the	logical	45
world	over	45
of	promoting	45
where	does	45
unto	me	45
learning	styles	45
related	fields	45
get	these	45
working	through	45
fall	of	45
conference	at	45
exploration	and	45
smell	of	45
that	scientists	45
several	thousand	45
clearly	defined	45
strongly	recommend	45
amnesty	international	45
behaviors	and	45
because	your	45
insurance	for	45
golf	course	45
demands	on	45
defeat	the	45
start	from	45
to	request	45
contacted	by	45
doing	their	45
and	invite	45
no	clear	45
was	scheduled	45
this	holiday	45
to	laugh	45
by	mary	45
topics	are	45
have	serious	45
that	nearly	45
the	queue	45
fall	back	45
recent	decades	45
link	above	45
it	wouldn't	45
your	responsibility	45
left	me	45
even	one	45
to	screen	45
and	decrease	45
stress	of	45
treatment	at	45
the	fox	45
accepting	applications	45
their	identity	45
this	activity	45
every	way	45
competitive	advantage	45
the	consensus	45
the	teacher	45
student	life	45
per	unit	45
the	tape	45
under	age	45
an	artificial	45
international	level	45
in	tokyo	45
there	must	45
was	officially	45
can	stop	45
old	enough	45
three	types	45
lead	by	45
parameters	of	45
the	rivers	45
other	similar	45
obesity	and	45
be	pretty	45
traces	of	45
next	four	45
that	seem	45
engineering	at	45
art	that	45
handling	the	45
disciplinary	action	45
our	past	45
in	discussions	45
web	pages	45
from	cornell	45
written	with	45
courts	and	45
network	that	45
build	your	45
changes	from	45
in	remote	45
mediated	by	45
the	commands	45
made	all	45
we	eat	45
research	results	45
is	worse	45
it	together	45
experiencing	the	45
and	integrate	45
calling	it	45
analyzed	in	45
my	class	45
paying	off	45
any	place	45
presentation	is	45
and	independence	45
symptom	of	45
more	vulnerable	45
customers	in	45
upon	its	45
documenting	the	45
offset	by	45
activities	will	45
were	lost	45
chicago	in	45
from	natural	45
to	contemporary	45
this	scholarship	45
have	mercy	45
to	shed	45
turned	up	45
only	part	45
violating	the	45
before	returning	45
also	did	45
are	rare	45
examples	in	45
the	academy	45
the	hearing	45
what	you	45
by	turning	45
of	australia	45
the	vermont	45
hope	we	45
horse	and	45
russia	has	45
codes	for	45
under	development	45
of	obtaining	45
not	call	45
also	saw	45
military	studies	45
coordinator	of	45
some	work	45
instruction	to	45
administration	is	45
healthy	food	45
in	cases	45
in	human	45
loyal	to	45
in	cold	45
may	sound	45
public	hearings	45
consulate	general	45
and	caregivers	45
far	back	45
informed	that	45
the	property	45
was	absolutely	45
when	things	45
are	eager	45
is	near	45
for	proper	45
best	suited	45
child	development	45
show	was	45
are	chosen	45
any	better	45
prison	for	45
visitors	can	45
community	support	45
of	caring	45
of	marketing	45
were	assigned	45
war	was	45
no	longer	45
direction	for	45
with	potential	45
inches	in	45
move	beyond	45
this	term	45
is	changed	45
in	hospitals	45
he	hath	45
papers	that	45
our	citizens	45
duty	and	45
protections	for	45
their	next	45
he	founded	45
analyzes	the	45
quantity	and	45
games	are	45
or	longer	45
school	seniors	45
green	building	45
affect	their	45
office	will	45
will	replace	45
employed	as	45
have	sought	45
the	greenhouse	45
minnesota	state	45
on	matters	45
threatens	to	45
their	area	45
this	blog	45
the	apostles	45
to	obtain	45
as	big	45
service	by	45
get	paid	45
of	workshops	45
that	define	45
of	hunger	45
loves	the	45
and	speed	45
majors	and	45
to	compute	45
lake	michigan	45
public	transit	45
meaning	in	45
never	was	45
the	boston	45
continue	working	45
in	essence	45
east	side	45
without	prior	45
sleep	and	45
tree	is	45
of	smaller	45
like	other	45
social	interaction	45
year	award	45
where	each	45
and	execute	45
joseph	smith	45
you	follow	45
degree	with	45
the	ada	45
and	signs	45
my	work	45
has	committed	45
and	feedback	45
funeral	home	45
relationship	that	45
individuals	or	45
new	programs	45
of	adverse	45
attachment	to	45
bills	that	45
the	anglican	45
while	they	45
from	heaven	45
worry	that	45
sent	him	45
how	good	45
been	installed	45
we	conclude	45
programming	for	45
not	begin	45
on	investment	45
given	them	45
all	data	45
your	college	45
human	experience	45
only	recently	45
itself	with	45
lost	its	45
revealed	in	45
is	hosted	45
the	garage	45
can	last	45
whole	time	45
case	by	45
life	experiences	45
humans	are	45
social	network	45
group	on	45
another	group	45
final	exam	45
oral	and	45
in	academia	45
be	comfortable	45
go	forward	45
of	literary	45
if	ever	45
with	private	45
user	name	45
this	database	45
now	become	45
in	residence	45
opportunities	available	45
play	out	45
cycles	of	45
middle	schools	45
and	google	45
of	belonging	45
that	consumers	45
the	grain	45
scientists	from	45
the	maine	45
work	here	45
also	played	45
among	his	45
to	download	45
was	preceded	45
these	guidelines	45
his	works	45
never	got	45
people	make	45
war	between	45
research	group	45
mission	was	45
the	past	45
how	has	45
the	usage	45
pain	is	45
optimistic	about	45
the	actors	45
be	picked	45
log	into	45
big	part	45
with	david	45
emotions	and	45
and	processed	45
and	local	45
your	audience	45
projects	as	45
the	seller	45
the	invasion	45
exchange	rates	45
and	residential	45
united	in	45
is	finished	45
my	experience	45
campaign	finance	45
eighteenth	century	45
advice	is	45
his	side	45
and	budget	45
if	applicable	45
every	moment	45
incompatible	with	45
defence	of	45
not	turn	45
also	believe	45
the	charity	45
verbal	and	45
terms	and	45
didn't	like	45
to	prison	45
have	requested	45
this	step	45
subject	area	45
support	group	45
help	build	45
found	them	45
military	action	45
does	nothing	45
the	sabbath	45
season	for	45
have	improved	45
the	global	45
maybe	it	45
miles	per	45
choices	for	45
your	page	45
of	notre	45
his	memory	45
affairs	and	45
under	attack	45
improve	its	45
you'll	get	45
osama	bin	45
elementary	and	45
former	president	45
the	polish	45
to	dedicate	45
relief	from	45
been	updated	45
that	fall	45
information	collected	45
your	neighborhood	45
moratorium	on	45
encountered	in	45
special	olympics	45
interferes	with	45
found	her	45
with	funding	45
are	gone	45
matters	in	45
increase	its	45
and	western	45
was	proposed	45
and	empower	45
insight	and	45
it's	an	45
in	agricultural	45
statistical	analysis	45
locked	up	45
seen	before	45
who	stutter	45
first	come	45
you	stay	45
nearly	all	45
this	amount	45
not	intend	45
break	out	45
want	people	45
in	psychology	45
takes	an	45
german	and	45
told	the	45
repeal	of	45
while	trying	45
labor	and	45
for	establishing	45
proposed	changes	45
the	injured	45
associations	and	45
explained	how	45
mentally	ill	45
and	he's	45
until	january	45
college	graduates	45
episodes	of	45
the	usc	45
certificate	in	45
footsteps	of	45
probability	that	45
the	margins	45
many	students	45
action	was	45
the	pope	45
and	sister	45
and	manages	45
right	onto	45
new	projects	45
figures	of	45
medical	attention	45
but	that's	45
data	center	45
news	reports	45
the	english	45
resume	and	45
didn't	think	45
regulatory	agencies	45
book	or	45
sometimes	we	45
contact	their	45
our	water	45
gulf	war	45
time	because	45
resist	the	45
slide	show	45
additional	support	45
also	consider	45
you	play	45
are	neither	45
pays	for	45
gain	an	45
without	your	45
choice	but	45
i'm	really	45
has	identified	45
option	in	45
even	had	45
close	click	45
express	themselves	45
societies	and	45
can	generate	45
behind	me	45
facts	are	45
of	male	45
the	coffee	45
extreme	weather	45
on	health	45
been	fully	45
friends	from	45
he	ran	45
flight	to	45
of	whatever	45
ground	floor	45
and	boys	45
should	become	45
black	and	45
nor	did	45
asia	pacific	45
higher	rate	45
club	is	45
they	leave	45
the	initiative	45
all	individuals	45
through	research	45
and	socially	45
for	millions	45
perspectives	on	45
and	determination	45
her	personal	45
heading	to	45
got	back	45
one	year	45
regularly	scheduled	45
leadership	is	45
and	eve	45
the	blessing	45
tax	increases	45
delivery	and	45
title	for	45
met	him	45
afternoon	of	45
the	fund	45
of	situations	45
and	installation	45
people	find	45
differently	than	45
until	about	45
to	encounter	45
the	obstacles	45
old	friends	45
detached	from	45
that	perhaps	45
before	taking	45
is	strictly	45
he	entered	45
relied	upon	45
and	balanced	45
the	brooklyn	45
collected	on	45
it	done	45
search	terms	45
exams	and	45
were	recently	45
results	have	45
in	guatemala	45
could	create	45
must	have	45
importance	for	45
policy	has	45
dreams	and	45
increase	over	45
of	abortion	45
go	after	45
distance	and	45
besides	the	45
for	participants	44
allowing	us	44
reported	as	44
into	small	44
of	arms	44
be	focused	44
am	honored	44
the	stimulus	44
also	require	44
were	carried	44
chairs	the	44
charges	that	44
job	was	44
movement	for	44
life	without	44
the	philosophical	44
word	out	44
the	fda	44
of	inflation	44
your	point	44
from	texas	44
in	defense	44
north	shore	44
staffed	by	44
person	should	44
researcher	and	44
worship	of	44
were	later	44
they	plan	44
probable	that	44
neighborhood	of	44
can	perform	44
ownership	and	44
offer	some	44
me	down	44
initiative	in	44
their	specific	44
getting	started	44
feelings	about	44
please	complete	44
sent	you	44
and	treating	44
identity	as	44
will	decide	44
advisor	for	44
other	cultures	44
millennium	development	44
meet	new	44
appear	at	44
skill	set	44
for	obtaining	44
important	aspects	44
their	true	44
grow	as	44
and	discusses	44
live	there	44
year	long	44
am	working	44
laid	the	44
having	more	44
paper	was	44
where	possible	44
for	spring	44
think	my	44
the	paris	44
semester	in	44
concern	in	44
helped	with	44
interpretation	and	44
the	stem	44
research	study	44
sleep	in	44
the	colony	44
become	effective	44
your	plan	44
and	insights	44
the	bug	44
alcoholic	beverages	44
the	deputy	44
the	mandate	44
not	surprisingly	44
the	music	44
this	grant	44
we	actually	44
mothers	who	44
basic	information	44
in	cambridge	44
are	largely	44
embraced	the	44
help	bring	44
why	there	44
and	biology	44
but	always	44
is	heavily	44
the	grassroots	44
should	focus	44
under	her	44
rio	de	44
be	allocated	44
this	coming	44
many	individuals	44
family	planning	44
live	as	44
in	uganda	44
and	printed	44
be	searched	44
flow	from	44
one	child	44
be	worn	44
volunteers	from	44
platform	that	44
please	take	44
the	violation	44
her	mind	44
held	up	44
recommendation	for	44
be	broken	44
one	kind	44
admits	that	44
be	formed	44
with	honors	44
their	physical	44
father	and	44
get	so	44
run	with	44
doesn't	make	44
my	website	44
in	fiscal	44
read	from	44
score	is	44
he	married	44
is	cut	44
an	online	44
and	wild	44
effective	use	44
of	compliance	44
which	did	44
of	fish	44
the	observation	44
or	against	44
falun	gong	44
doctoral	degree	44
it	until	44
your	mobile	44
been	implemented	44
left	her	44
be	directly	44
whole	process	44
eggs	and	44
studies	will	44
integrate	the	44
enabled	the	44
and	crime	44
deputy	director	44
created	as	44
lesson	in	44
automatically	be	44
account	with	44
to	suspend	44
often	the	44
in	classrooms	44
countries	will	44
issued	an	44
our	latest	44
colleagues	to	44
his	age	44
take	me	44
concepts	that	44
harmony	with	44
move	out	44
the	warning	44
people	use	44
illustrated	in	44
subjects	of	44
good	sense	44
special	place	44
of	racism	44
functionality	of	44
broaden	the	44
working	in	44
the	funds	44
widely	recognized	44
for	spring	44
of	marijuana	44
then	make	44
and	transparent	44
job	or	44
business	opportunities	44
group	members	44
the	acceptance	44
he	comes	44
for	achieving	44
now	lives	44
it	uses	44
entered	in	44
carolina	at	44
enforcement	officials	44
coursework	in	44
it's	all	44
will	notice	44
volume	and	44
summaries	of	44
other	topics	44
my	mouth	44
you	saw	44
today	by	44
priority	in	44
short	video	44
milky	way	44
organizing	the	44
do	need	44
the	barriers	44
will	fail	44
the	clergy	44
are	you	44
they	claim	44
artificial	intelligence	44
trip	was	44
forth	by	44
states	will	44
an	app	44
data	type	44
the	headlines	44
you	can	44
limit	for	44
this	account	44
from	individuals	44
conference	is	44
that	remain	44
where	many	44
having	been	44
seats	in	44
themselves	on	44
for	youth	44
our	common	44
execute	the	44
threats	of	44
challenging	to	44
family	moved	44
teams	have	44
the	illusion	44
data	entry	44
of	healing	44
that	run	44
results	from	44
space	with	44
free	access	44
nearly	three	44
flow	in	44
doctor	or	44
grass	and	44
committee	shall	44
but	before	44
had	gotten	44
as	usual	44
public	transport	44
of	admissions	44
the	fair	44
would	fall	44
with	expertise	44
in	charlotte	44
students	at	44
for	survival	44
are	funded	44
with	further	44
we	spent	44
surprise	to	44
started	off	44
the	administrator	44
responding	to	44
analyzed	the	44
battle	against	44
good	food	44
of	freemasonry	44
sooner	or	44
joy	in	44
time	for	44
time	periods	44
walk	into	44
human	capital	44
filled	by	44
the	discharge	44
assurance	that	44
window	to	44
complies	with	44
developed	from	44
we	consider	44
rates	have	44
one	might	44
student	center	44
still	there	44
that's	not	44
not	send	44
community	engagement	44
can	detect	44
in	commercial	44
should	begin	44
do	now	44
psychology	and	44
value	as	44
without	notice	44
be	worked	44
hall	on	44
persons	with	44
college	at	44
the	club	44
getting	better	44
the	rent	44
fundamental	to	44
the	yellow	44
industrial	and	44
our	responsibility	44
our	approach	44
significant	difference	44
processes	for	44
not	imply	44
headquarters	of	44
advice	about	44
first	visit	44
questions	about	44
or	stop	44
done	through	44
my	two	44
facebook	twitter	44
user	experience	44
years	ahead	44
christ	has	44
word	processing	44
exactly	as	44
until	then	44
other	documents	44
really	does	44
federal	regulations	44
reasonable	to	44
champion	of	44
professional	staff	44
her	team	44
the	provost	44
study	suggests	44
we	created	44
several	new	44
participants	are	44
repetition	of	44
current	information	44
what	many	44
its	share	44
and	brazil	44
no	wonder	44
for	joining	44
year	in	44
changed	his	44
counts	of	44
students	receive	44
shop	for	44
that	contribute	44
genes	and	44
may	begin	44
an	internet	44
wondering	what	44
no	intention	44
the	girls	44
the	statement	44
to	bind	44
and	pursue	44
the	offence	44
seeds	of	44
driven	to	44
expenses	for	44
provide	your	44
workshops	for	44
chair	in	44
you	too	44
their	colleagues	44
were	well	44
banks	to	44
those	responsible	44
boston	college	44
he	just	44
recommendations	are	44
no	indication	44
this	object	44
two	thousand	44
without	them	44
and	inspiration	44
be	advised	44
spend	their	44
women's	health	44
you	identify	44
visual	arts	44
were	much	44
coming	home	44
the	real	44
indigenous	peoples	44
the	mighty	44
first	world	44
world	can	44
the	standard	44
universities	to	44
orthodox	church	44
our	support	44
ordinary	people	44
and	informal	44
functions	are	44
across	this	44
an	intensive	44
actors	and	44
environmental	quality	44
can	connect	44
for	oil	44
their	journey	44
in	physics	44
really	enjoy	44
the	yale	44
emergency	medical	44
propose	that	44
bring	down	44
solution	that	44
the	gold	44
friend	in	44
in	greek	44
decision	by	44
of	glass	44
must	know	44
won't	have	44
probably	because	44
wishes	for	44
the	clark	44
they	come	44
of	korea	44
have	considered	44
gospel	of	44
of	killing	44
divisions	of	44
history	museum	44
using	one	44
east	bay	44
hold	it	44
and	fuel	44
give	away	44
in	every	44
this	movement	44
about	working	44
is	lacking	44
departments	of	44
hired	to	44
answer	for	44
experience	will	44
comfortable	and	44
waste	is	44
paper	that	44
your	wife	44
take	him	44
from	what	44
enactment	of	44
too	well	44
and	coordinated	44
credits	and	44
was	taught	44
trade	and	44
foreign	exchange	44
in	solidarity	44
for	americans	44
and	asian	44
decorated	with	44
say	there	44
information	into	44
plastic	bags	44
diseases	that	44
closely	to	44
emphasis	on	44
the	news	44
and	rehabilitation	44
announced	at	44
holistic	approach	44
and	watched	44
who	serve	44
brigham	young	44
checking	the	44
jerusalem	and	44
fact	it	44
pancreatic	cancer	44
of	interest	44
were	similar	44
not	produce	44
would	remain	44
preferable	to	44
the	matrix	44
that	same	44
relieve	the	44
which	represents	44
kept	on	44
library	has	44
are	underway	44
administration	has	44
anticipate	that	44
various	locations	44
forming	the	44
initiative	that	44
is	significantly	44
at	emory	44
issues	like	44
homeless	and	44
been	getting	44
is	accompanied	44
attractive	to	44
the	priesthood	44
be	nothing	44
with	key	44
insurance	industry	44
fire	department	44
covered	under	44
these	models	44
american	civil	44
that	despite	44
satisfaction	with	44
promises	of	44
drawing	on	44
lying	in	44
of	indigenous	44
may	continue	44
science	at	44
aircraft	and	44
been	assigned	44
you	aren't	44
regions	and	44
the	deaf	44
figures	and	44
for	monitoring	44
quite	an	44
the	coach	44
and	fundraising	44
turn	right	44
assets	of	44
interface	for	44
be	transformed	44
editor	of	44
people	feel	44
democracy	in	44
and	scholarship	44
this	incident	44
and	holding	44
long	periods	44
magnetic	resonance	44
other	special	44
checks	and	44
and	politicians	44
accomplishments	of	44
subscribing	to	44
inception	in	44
made	its	44
hall	is	44
weather	service	44
who	specializes	44
programs	for	44
the	retail	44
and	innovation	44
in	revenue	44
will	gather	44
southern	africa	44
your	location	44
compares	the	44
no	problems	44
the	tracks	44
office	space	44
school	diploma	44
one	word	44
his	undergraduate	44
make	arrangements	44
he	saw	44
which	focuses	44
so	people	44
sacred	heart	44
staff	have	44
for	conservation	44
building	will	44
and	lee	44
army	of	44
the	template	44
american	cancer	44
girls	who	44
this	volume	44
rich	history	44
county	has	44
any	purpose	44
be	preserved	44
been	translated	44
community	center	44
examination	and	44
talk	at	44
be	pleased	44
currently	no	44
own	time	44
of	discovery	44
be	fine	44
the	satisfaction	44
and	stored	44
career	that	44
media	and	44
music	festival	44
dropped	the	44
your	writing	44
problems	at	44
your	network	44
injured	in	44
university	hospital	44
trips	and	44
the	atomic	44
point	about	44
she	lives	44
really	was	44
freedom	in	44
rate	has	44
the	director	44
church	was	44
your	interests	44
age	of	44
your	rights	44
drop	down	44
from	private	44
the	continuation	44
people	died	44
certificate	in	44
recommend	to	44
or	video	44
game	for	44
center	will	44
it's	time	44
it	applies	44
that's	just	44
the	administrative	44
well	documented	44
when	making	44
labor	movement	44
list	below	44
more	on	44
our	lady	44
of	cattle	44
credit	will	44
air	is	44
for	advice	44
water	act	44
their	college	44
line	was	44
faces	of	44
reliability	and	44
never	see	44
volunteers	are	44
alone	with	44
between	your	44
changed	since	44
the	satellite	44
the	handling	44
maintain	that	44
more	space	44
those	whom	44
groundwork	for	44
an	explicit	44
case	law	44
personal	information	44
gender	identity	44
have	actually	44
it	produces	44
pages	on	44
be	investigated	44
too	easy	44
which	resulted	44
furniture	and	44
greater	understanding	44
the	military	44
this	building	44
can't	see	44
prevention	of	44
that	anything	44
she	met	44
in	context	44
employees	have	44
easiest	way	44
delay	the	44
love	god	44
author	or	44
hours	from	44
way	to	44
and	organizing	44
your	colleagues	44
to	ourselves	44
with	confidence	44
is	central	44
proteins	in	44
his	campaign	44
song	and	44
has	included	44
and	locations	44
the	louisiana	44
of	clothing	44
of	solid	44
recognizing	that	44
youth	who	44
they	became	44
thoughtful	and	44
topics	related	44
continuum	of	44
answer	this	44
would	enable	44
nothing	wrong	44
to	complain	44
governing	the	44
are	specific	44
now	they	44
the	brightest	44
be	rejected	44
of	pesticides	44
teams	from	44
license	and	44
few	miles	44
the	deployment	44
varies	from	44
sure	this	44
sensitivity	of	44
around	his	44
the	rocky	44
hanging	out	44
translate	into	44
more	jobs	43
it	look	43
russian	and	43
you	doing	43
identification	of	43
at	carnegie	43
discover	the	43
competing	in	43
is	apparent	43
the	swiss	43
from	november	43
commercially	available	43
veterinary	medicine	43
who	really	43
proposal	that	43
on	sundays	43
enables	you	43
the	uncertainty	43
address	issues	43
works	from	43
proceeds	of	43
and	addresses	43
post	office	43
migrant	workers	43
to	filter	43
either	way	43
and	laid	43
hosted	by	43
that	seemed	43
subsidiary	of	43
among	these	43
where	most	43
applies	only	43
have	kept	43
bigger	and	43
throughout	your	43
to	behave	43
are	visible	43
more	positive	43
his	day	43
with	individuals	43
box	below	43
then	one	43
soldiers	in	43
their	relationships	43
limitations	on	43
is	positive	43
were	exposed	43
is	lower	43
matching	funds	43
websites	and	43
claiming	to	43
help	each	43
provisions	that	43
in	jackson	43
items	you	43
suggestions	to	43
bodies	are	43
more	slowly	43
cons	of	43
match	for	43
to	warm	43
the	sugar	43
fall	within	43
are	faced	43
should	apply	43
newsletter	to	43
is	headed	43
your	city	43
existence	and	43
and	productivity	43
our	body	43
published	as	43
parties	have	43
you	mentioned	43
monday	morning	43
year	ended	43
him	to	43
meeting	room	43
other	financial	43
one	does	43
moved	out	43
are	five	43
more	secure	43
stayed	with	43
released	into	43
an	otherwise	43
executive	council	43
tension	and	43
walk	on	43
that	enhance	43
as	regards	43
writers	of	43
to	surrender	43
are	reading	43
if	its	43
poverty	level	43
the	conviction	43
the	dallas	43
are	bringing	43
water	management	43
gene	is	43
diocese	of	43
prices	of	43
should	think	43
of	absence	43
terms	as	43
avoiding	the	43
walking	in	43
made	significant	43
adapted	from	43
break	up	43
applicants	will	43
are	putting	43
few	questions	43
retirement	in	43
the	tea	43
of	mental	43
wear	and	43
ever	made	43
repair	of	43
shifted	to	43
the	mean	43
but	before	43
formulation	of	43
the	synthesis	43
broken	up	43
investigate	and	43
vital	for	43
policy	analysis	43
at	ease	43
the	sheep	43
who	see	43
dreamed	of	43
and	protected	43
the	pension	43
fun	activities	43
the	food	43
opposing	the	43
might	look	43
active	members	43
so	different	43
the	myriad	43
the	graduate	43
are	simple	43
be	holding	43
control	systems	43
trade	with	43
he's	not	43
data	files	43
different	species	43
stay	for	43
priorities	of	43
component	to	43
the	wolf	43
participants	with	43
have	either	43
himself	from	43
on	numerous	43
city	manager	43
is	insufficient	43
green	building	43
even	after	43
and	analysis	43
in	situations	43
to	occupy	43
three	year	43
above	are	43
thousand	people	43
the	numbers	43
and	integration	43
this	really	43
all	events	43
uses	an	43
bid	to	43
server	is	43
issued	on	43
do	not	43
and	applying	43
can	purchase	43
his	current	43
these	drugs	43
organization	for	43
your	mouth	43
each	category	43
variable	is	43
and	jim	43
listed	below	43
healing	and	43
as	planned	43
of	joseph	43
which	shall	43
world	class	43
presentation	was	43
green	party	43
can	stay	43
id	card	43
despite	these	43
cannot	get	43
activity	on	43
we	describe	43
his	attention	43
city	university	43
in	tucson	43
pushing	the	43
are	closely	43
solutions	are	43
is	passionate	43
to	harvest	43
count	of	43
chances	for	43
item	on	43
the	dean	43
inform	you	43
honored	for	43
club	and	43
the	prisoners	43
enhancement	of	43
science	education	43
his	medical	43
after	years	43
columbia	and	43
don't	do	43
the	cup	43
more	details	43
blow	to	43
dominated	the	43
how	god	43
four	other	43
hours	later	43
and	literary	43
affordable	and	43
the	researcher	43
link	is	43
to	relocate	43
for	production	43
not	matter	43
the	webinar	43
add	some	43
feet	above	43
patient	has	43
some	members	43
dropped	out	43
say	something	43
you	join	43
the	replacement	43
off	all	43
how	fast	43
the	infant	43
of	montana	43
two	areas	43
as	men	43
investigated	the	43
of	false	43
the	node	43
have	lots	43
extended	period	43
really	bad	43
first	question	43
we	remember	43
enjoyed	by	43
was	certainly	43
building	at	43
not	designed	43
treating	the	43
of	victims	43
below	shows	43
any	sense	43
markets	for	43
borders	of	43
that	whatever	43
international	student	43
in	summary	43
through	october	43
will	select	43
superintendent	of	43
paid	out	43
student	teaching	43
be	planted	43
for	us	43
fix	this	43
through	our	43
times	have	43
and	younger	43
me	my	43
is	deemed	43
is	perfectly	43
the	bell	43
and	soft	43
our	project	43
be	presenting	43
but	cannot	43
abolition	of	43
imagination	and	43
chicago	area	43
of	rock	43
literature	review	43
allowed	him	43
the	stadium	43
for	visitors	43
can	experience	43
which	each	43
and	corporations	43
five	different	43
prevented	from	43
for	civil	43
standing	committee	43
be	relevant	43
washington	state	43
add	more	43
word	on	43
boston	globe	43
accepted	at	43
other	stakeholders	43
you	looking	43
the	legendary	43
have	shaped	43
oldest	and	43
during	each	43
begin	your	43
ending	in	43
it	today	43
management	systems	43
you	came	43
the	attendees	43
systematic	review	43
lived	on	43
if	those	43
prosperity	and	43
and	immediate	43
no	mention	43
can	walk	43
lays	out	43
personal	responsibility	43
happen	when	43
to	conform	43
with	fresh	43
mathematics	and	43
of	northern	43
review	board	43
as	vice	43
bs	in	43
the	footsteps	43
who	got	43
shelter	and	43
fund	for	43
battle	to	43
recover	the	43
boy	scouts	43
new	window	43
will	form	43
follow	through	43
standing	and	43
generation	is	43
of	tissue	43
explored	in	43
she	went	43
or	money	43
our	values	43
fund	raising	43
become	less	43
video	that	43
not	mention	43
been	included	43
agent	of	43
of	toledo	43
have	higher	43
do	think	43
and	cultural	43
stated	he	43
your	skin	43
is	beautiful	43
error	is	43
although	this	43
the	medicaid	43
they	chose	43
how	those	43
steps	are	43
that	drives	43
recently	announced	43
has	reported	43
choices	are	43
gay	marriage	43
hands	with	43
for	war	43
historic	preservation	43
power	and	43
hidden	in	43
providing	access	43
calculated	by	43
using	data	43
to	summarize	43
try	this	43
volunteers	for	43
big	data	43
protein	in	43
networks	in	43
exploit	the	43
sins	of	43
lecture	series	43
congress	will	43
good	fit	43
twelve	years	43
no	specific	43
see	here	43
sunday	school	43
hand	over	43
evaluated	in	43
be	organized	43
and	retail	43
been	affected	43
the	auction	43
all	necessary	43
our	volunteers	43
himself	on	43
permit	to	43
or	legal	43
be	dangerous	43
with	thousands	43
the	buddhist	43
this	request	43
planned	parenthood	43
on	us	43
language	skills	43
whereby	the	43
clinic	and	43
lessons	in	43
three	years	43
and	blue	43
apply	this	43
email	you	43
very	concerned	43
agreeing	to	43
any	single	43
and	bone	43
county	residents	43
court	for	43
should	call	43
an	explosion	43
the	tenth	43
developed	as	43
also	lead	43
the	drama	43
billion	years	43
for	educators	43
for	applications	43
advocacy	groups	43
being	prepared	43
be	distinguished	43
economic	benefits	43
heart	that	43
tv	show	43
i've	heard	43
remember	when	43
and	plenty	43
successes	and	43
writing	on	43
must	consider	43
with	opportunities	43
is	remarkable	43
keep	pace	43
uc	san	43
written	notice	43
waiting	in	43
to	export	43
on	top	43
after	some	43
god	created	43
tours	and	43
your	day	43
state	laws	43
just	under	43
of	reaching	43
future	will	43
constitutes	the	43
that	connect	43
smile	and	43
cooperation	of	43
concentrations	in	43
the	obligation	43
hand	on	43
solely	to	43
without	much	43
in	tandem	43
symbols	of	43
the	party	43
insofar	as	43
formal	and	43
better	chance	43
for	longer	43
know	he	43
the	lower	43
had	such	43
to	resign	43
around	your	43
well	below	43
rare	in	43
our	thoughts	43
blood	is	43
resident	and	43
award	recognizes	43
graduates	to	43
angle	of	43
information	system	43
bills	and	43
new	knowledge	43
what	could	43
and	preventing	43
main	entrance	43
and	patience	43
least	six	43
gold	and	43
be	applicable	43
parents	and	43
that	fits	43
been	employed	43
payments	are	43
increase	our	43
your	back	43
differ	in	43
and	raising	43
no	power	43
water	pollution	43
and	marketing	43
of	revenue	43
information	management	43
were	interested	43
when	dealing	43
in	reference	43
of	deaths	43
this	setting	43
loan	to	43
convenient	to	43
posts	on	43
his	love	43
becoming	increasingly	43
sand	and	43
researchers	have	43
freedom	from	43
helping	you	43
many	great	43
conducted	with	43
most	out	43
resolve	to	43
government	had	43
the	crowds	43
because	there	43
mean	you	43
well	written	43
that	represent	43
improving	their	43
stem	from	43
also	allow	43
mail	and	43
literacy	and	43
botanical	garden	43
thank	god	43
world	heritage	43
why	some	43
something	very	43
these	species	43
stay	up	43
which	provide	43
by	individual	43
soon	became	43
exhibit	at	43
up-to-date	information	43
not	lose	43
it	feels	43
restrict	the	43
grant	for	43
close	this	43
community	building	43
insurance	policies	43
had	her	43
project	team	43
our	mind	43
an	intense	43
special	thanks	43
share	ideas	43
and	retired	43
for	any	43
in	fields	43
positive	attitude	43
assuming	the	43
hostile	to	43
just	now	43
the	israelis	43
bias	in	43
been	offered	43
anyone	has	43
he	remained	43
be	featured	43
depicted	in	43
schools	will	43
seattle	and	43
this	seems	43
amazed	at	43
the	craft	43
to	transition	43
cultures	of	43
of	governance	43
education	department	43
him	when	43
truly	is	43
extra	time	43
for	conducting	43
on	windows	43
despite	their	43
has	studied	43
and	priorities	43
expenses	and	43
sun	is	43
case	against	43
the	admissions	43
serve	you	43
significantly	to	43
form	will	43
enable	you	43
the	mortgage	43
they	created	43
social	events	43
the	cache	43
she	knows	43
sport	and	43
an	asset	43
is	unacceptable	43
sources	that	43
the	closet	43
more	robust	43
is	loaded	43
and	sending	43
means	it	43
bush	administration	43
missing	from	43
not	heard	43
issues	surrounding	43
forward	on	43
management	skills	43
francisco	and	43
it	causes	43
sharing	with	43
on	ways	43
not	qualify	43
teacher	training	43
have	studied	43
cognitive	science	43
of	harvard	43
degradation	of	43
could	change	43
processed	by	43
factors	such	43
further	notice	43
social	development	43
allowing	you	43
had	much	43
home	page	43
log	on	43
the	calculation	43
was	missing	43
the	choice	43
any	money	43
weather	was	43
give	me	43
to	fruition	43
topic	that	43
computer	software	43
the	header	43
predictions	of	43
still	living	43
into	trouble	43
an	awareness	43
pharmaceutical	companies	43
achievement	and	43
see	one	43
correspondence	with	43
my	school	43
further	into	43
instructors	and	43
the	buffer	43
by	age	43
upwards	of	43
our	church	43
is	printed	43
any	change	43
has	dropped	43
being	sent	43
recommendations	from	43
the	draft	43
pm	at	43
highlighted	in	43
your	friend	43
wrote	on	43
grasp	of	43
extension	to	43
are	merely	43
charter	school	43
and	maps	43
students	also	43
two	women	43
contains	information	43
back	again	43
dates	back	43
all	relevant	43
top	right	43
and	efficiently	43
not	increase	43
union	members	43
been	better	43
sheets	of	43
has	placed	43
might	do	43
find	all	43
president	obama's	43
the	industrial	43
the	dying	43
help	determine	43
loved	it	43
humor	and	43
collected	for	43
in	libya	43
duty	in	43
of	liberty	43
the	budget	43
through	these	43
success	rate	43
culminated	in	43
juvenile	justice	43
and	expensive	43
every	four	43
community	needs	43
obey	the	43
been	invited	43
pull	out	43
the	variable	43
in	pain	43
in	art	43
the	procedure	43
fine	art	43
support	system	43
and	democracy	43
physical	therapy	43
city	limits	43
the	interactions	43
seat	in	43
of	autism	43
this	email	43
my	questions	43
presented	here	43
children	about	43
worth	noting	43
advance	for	43
aided	by	43
testing	in	43
any	age	43
care	workers	43
came	about	43
kids	with	43
in	everyday	43
entirely	new	43
board	has	43
with	deep	43
your	water	43
my	whole	43
been	taught	43
of	seattle	43
have	benefited	43
stars	in	43
were	recognized	43
finance	committee	43
discover	how	43
may	then	43
sure	about	43
of	carrying	43
the	paint	43
have	placed	43
its	purpose	43
of	vermont	43
view	this	43
stand	against	43
their	legal	42
of	charles	42
with	physical	42
that	reflect	42
felt	as	42
this	planet	42
have	stopped	42
in	phoenix	42
the	reputation	42
updated	on	42
also	contain	42
few	examples	42
space	station	42
chosen	from	42
some	ideas	42
also	contributed	42
responsible	for	42
are	nothing	42
but	much	42
her	hair	42
our	experiences	42
forum	to	42
different	approach	42
in	scope	42
on	view	42
state	police	42
against	these	42
out	before	42
with	varying	42
was	amazing	42
not	count	42
he	found	42
annually	for	42
these	tests	42
its	services	42
an	introduction	42
gathered	from	42
the	labour	42
to	give	42
the	transcript	42
threaten	the	42
treatments	are	42
will	protect	42
and	architecture	42
classes	or	42
it's	important	42
would	eventually	42
pieces	that	42
my	own	42
and	musical	42
between	each	42
been	designated	42
know	nothing	42
this	century	42
uw	system	42
are	playing	42
are	shared	42
his	property	42
in	madison	42
of	tea	42
the	gaps	42
replied	that	42
points	on	42
stood	at	42
budgets	and	42
to	rethink	42
its	effect	42
biomedical	engineering	42
strongly	recommended	42
he	arrived	42
submit	it	42
for	modern	42
doing	anything	42
is	reflected	42
north	texas	42
she	decided	42
also	requires	42
and	generous	42
force	that	42
skin	cancer	42
and	defense	42
these	different	42
stewardship	of	42
that	humans	42
brazil	and	42
god	bless	42
come	on	42
the	fifth	42
the	jewish	42
queen	of	42
mass	destruction	42
on	google	42
of	bermuda	42
concerns	with	42
the	arbitration	42
to	authorize	42
grew	out	42
invited	by	42
one	big	42
people	did	42
therefore	it	42
provision	in	42
not	so	42
efforts	with	42
count	as	42
capitalize	on	42
assessed	by	42
these	policies	42
he	graduated	42
by	leading	42
after	january	42
from	canada	42
precisely	what	42
troops	to	42
would	simply	42
may	just	42
problem	or	42
the	editor	42
among	its	42
not	trying	42
is	observed	42
in	earnest	42
probably	would	42
was	divided	42
you	never	42
can	accomplish	42
officer	at	42
of	varying	42
missouri	department	42
quickly	became	42
or	set	42
of	emerging	42
two	members	42
office	has	42
built	upon	42
ensured	that	42
country	was	42
and	seminars	42
in	silence	42
bowling	green	42
child	can	42
say	so	42
heels	of	42
controls	and	42
the	mandatory	42
innovations	in	42
dating	from	42
are	combined	42
public	agencies	42
your	product	42
the	abundance	42
showcase	the	42
for	fall	42
significant	contributions	42
east	to	42
mechanism	is	42
many	issues	42
and	brother	42
the	location	42
other	methods	42
help	get	42
travels	to	42
duke	of	42
more	power	42
the	toxic	42
get	access	42
established	at	42
hill	and	42
the	electoral	42
by	choosing	42
program	allows	42
the	ecosystem	42
on	immigration	42
button	is	42
flexibility	of	42
are	owned	42
under	such	42
and	leadership	42
state	law	42
these	three	42
his	mother	42
further	development	42
those	affected	42
they	occur	42
entries	in	42
to	designate	42
cards	to	42
the	rules	42
promise	for	42
and	recycling	42
first	generation	42
stop	it	42
the	milwaukee	42
share	what	42
the	flame	42
that	relate	42
it	cannot	42
he	believes	42
donation	is	42
of	adding	42
assistant	to	42
do	next	42
facility	that	42
the	second	42
student	population	42
household	income	42
is	ultimately	42
department	for	42
government	can	42
this	location	42
of	representatives	42
personal	use	42
israel	has	42
to	whatever	42
christ	as	42
highly	regarded	42
his	great	42
and	yes	42
be	billed	42
career	center	42
gas	is	42
syria	and	42
photo	courtesy	42
that	they're	42
their	problems	42
graduating	class	42
officials	who	42
will	either	42
marriage	to	42
materials	science	42
children	learn	42
most	accurate	42
the	volume	42
these	situations	42
is	your	42
of	hot	42
indebted	to	42
published	an	42
been	available	42
were	paid	42
not	be	42
species	have	42
the	taste	42
nothing	new	42
and	contrast	42
from	diverse	42
visited	by	42
box	on	42
subjects	and	42
country	by	42
is	surely	42
where	her	42
attack	in	42
adjunct	faculty	42
educators	to	42
coming	down	42
give	birth	42
making	use	42
our	email	42
and	psychology	42
we	spent	42
mellon	university	42
solutions	in	42
performances	of	42
election	day	42
enemies	of	42
comments	are	42
be	looked	42
of	buying	42
of	civilization	42
her	current	42
sensitive	and	42
we	accept	42
new	mothers	42
requests	and	42
our	recent	42
young	person	42
public	funds	42
among	women	42
to	get	42
stay	out	42
us	has	42
you	hold	42
and	operates	42
virgin	islands	42
after	he	42
an	input	42
shift	from	42
later	he	42
that	which	42
you	had	42
the	nfl	42
station	is	42
this	title	42
innocent	people	42
somebody	who	42
they	believe	42
tone	and	42
are	referred	42
with	representatives	42
with	plenty	42
ruled	out	42
too	bad	42
the	horizontal	42
miles	in	42
your	faith	42
the	tough	42
struggle	of	42
eyes	are	42
environmental	factors	42
living	at	42
payments	for	42
missile	defense	42
eligibility	requirements	42
looking	back	42
an	elementary	42
your	dreams	42
the	slater	42
site	where	42
the	revolutionary	42
we	arrived	42
use	our	42
realise	that	42
yet	he	42
leave	you	42
component	is	42
brief	description	42
concentrated	on	42
their	decision	42
tagged	with	42
and	finished	42
in	eight	42
civil	service	42
even	while	42
who	passed	42
has	suffered	42
it	then	42
to	conquer	42
actively	engaged	42
and	occasionally	42
distinction	of	42
library	has	42
our	global	42
gifts	from	42
to	visualize	42
for	proposals	42
on	everything	42
research	foundation	42
and	transparency	42
conference	that	42
for	economic	42
those	same	42
also	true	42
given	their	42
them	there	42
father	had	42
to	migrate	42
too	busy	42
russian	federation	42
the	piece	42
your	customers	42
knowing	how	42
personally	and	42
very	complex	42
are	implemented	42
for	teens	42
as	chief	42
you	turn	42
world	economy	42
masses	of	42
illegal	to	42
other	regions	42
or	property	42
transmitted	to	42
is	unnecessary	42
leading	role	42
his	presence	42
this	journey	42
have	previously	42
closing	of	42
military	operations	42
go	far	42
in	passing	42
memory	is	42
hospital	for	42
it	gave	42
banking	system	42
after	graduation	42
an	already	42
stopped	in	42
mortality	rate	42
has	spoken	42
is	holding	42
ahead	with	42
handed	over	42
much	so	42
discussed	at	42
submit	your	42
that	seeks	42
she	earned	42
co-chair	of	42
admission	is	42
regards	the	42
others	by	42
death	was	42
please	bring	42
you	took	42
express	our	42
give	thanks	42
enthusiastic	about	42
family	had	42
are	today	42
annual	budget	42
to	discourage	42
not	afford	42
from	behind	42
your	letter	42
the	legal	42
refugees	and	42
sometimes	be	42
built	from	42
candidates	are	42
before	joining	42
amended	by	42
journals	in	42
visions	of	42
awareness	month	42
make	ends	42
realize	it	42
georgia	institute	42
can	claim	42
the	creator	42
human	spirit	42
in	healthy	42
staff	as	42
changes	to	42
senior	at	42
found	his	42
illegal	immigrants	42
were	approved	42
the	ymca	42
coordinates	the	42
doing	good	42
reminded	that	42
in	vancouver	42
school	program	42
the	amino	42
our	brothers	42
few	who	42
you're	in	42
to	condemn	42
print	out	42
in	montana	42
annual	reports	42
the	posterior	42
author	is	42
start	out	42
and	covers	42
the	guide	42
raised	more	42
and	southern	42
uncategorized	on	42
identify	with	42
skill	sets	42
long	list	42
its	early	42
and	constant	42
had	failed	42
really	not	42
national	weather	42
loyalty	to	42
gift	card	42
john	was	42
the	harsh	42
battle	for	42
west	papua	42
decided	it	42
the	patent	42
who	makes	42
in	jamaica	42
the	proliferation	42
and	practice	42
both	sides	42
installation	and	42
was	mentioned	42
the	map	42
who	never	42
teams	are	42
tel	aviv	42
machine	to	42
surveys	of	42
of	criminal	42
to	consolidate	42
decided	on	42
behind	her	42
environmental	groups	42
and	enhanced	42
law	schools	42
read	an	42
us	some	42
as	either	42
individual	with	42
also	held	42
the	organ	42
engine	and	42
how	my	42
was	formerly	42
and	prayer	42
line	from	42
lecture	and	42
applied	research	42
represented	at	42
following	statement	42
offers	students	42
will	generally	42
careful	about	42
this	web	42
or	phone	42
and	environmentally	42
the	link	42
the	redesign	42
of	nevada	42
we	focus	42
legal	rights	42
of	drinking	42
pattern	and	42
are	generated	42
court	is	42
was	sponsored	42
but	because	42
that	starts	42
rape	and	42
days	we	42
on	race	42
the	container	42
an	accomplished	42
home	run	42
agency	has	42
the	lesser	42
the	renovation	42
temperature	is	42
breakfast	and	42
cancer	survivors	42
suggestion	that	42
board	meeting	42
to	healthcare	42
of	hell	42
the	final	42
and	edited	42
turn	up	42
helping	with	42
but	each	42
initiated	in	42
had	met	42
lacks	the	42
the	web	42
conducted	research	42
art	gallery	42
six	or	42
either	case	42
our	staff	42
preparations	for	42
off	into	42
but	little	42
placed	under	42
the	harm	42
legal	aid	42
shoes	are	42
spent	two	42
notifications	of	42
deposited	in	42
we	visited	42
and	bear	42
increasing	in	42
brought	me	42
panel	will	42
double	major	42
being	forced	42
by	early	42
takes	about	42
and	german	42
loans	are	42
your	hair	42
the	classification	42
audience	that	42
they	support	42
video	from	42
path	that	42
thursday	night	42
entire	community	42
dialog	box	42
so	no	42
libraries	are	42
contemporary	art	42
head	is	42
in	studying	42
review	committee	42
fish	in	42
workers	with	42
the	needle	42
as	diverse	42
hide	the	42
removed	by	42
advocate	of	42
if	something	42
the	book	42
view	from	42
insulin	resistance	42
problems	as	42
publications	in	42
the	spine	42
of	novel	42
also	given	42
who	put	42
machines	and	42
to	halt	42
my	friend	42
and	regulation	42
pain	or	42
so	quickly	42
the	trigger	42
what	else	42
noted	for	42
its	support	42
our	energy	42
success	story	42
or	control	42
to	moderate	42
the	informal	42
since	last	42
and	governments	42
by	nearly	42
and	participating	42
who	often	42
voter	registration	42
and	recommend	42
our	hope	42
by	learning	42
federal	student	42
the	suburbs	42
has	approved	42
how	would	42
specific	questions	42
might	well	42
the	worm	42
this	historic	42
been	recorded	42
her	father	42
the	elevator	42
to	adequately	42
hand	at	42
systems	can	42
were	living	42
you	explain	42
and	recording	42
and	coaches	42
you	need	42
you	accept	42
and	humanitarian	42
determine	their	42
critical	issues	42
patient	was	42
the	mountain	42
heat	to	42
oceanic	and	42
include	more	42
your	left	42
and	headed	42
there	until	42
is	played	42
not	sell	42
die	from	42
fills	the	42
the	delegation	42
also	on	42
she	used	42
dispute	resolution	42
the	retreat	42
occupation	of	42
services	include	42
rushed	to	42
mom	and	42
and	conditions	42
after	several	42
the	rope	42
follow-up	comments	42
and	behaviors	42
ease	and	42
this	verse	42
your	search	42
she	didn't	42
his	contributions	42
tour	to	42
that	decision	42
not	guilty	42
efforts	to	42
your	support	42
the	cops	42
activate	the	42
at	peace	42
been	filed	42
berkeley	and	42
directions	and	42
left	him	42
calls	from	42
job	training	42
for	employers	42
events	throughout	42
interaction	and	42
confusion	and	42
the	iron	42
to	simplify	42
very	expensive	42
fell	on	42
town	is	42
everyone	knows	42
by	us	42
is	speaking	42
is	survived	42
maximum	number	42
see	many	42
say	how	42
of	fiction	42
which	causes	42
post	comments	42
migration	and	42
their	positions	42
down	your	42
some	fun	42
financial	literacy	42
ms	in	42
embodied	in	42
in	orlando	42
your	mother	42
historical	newspapers	42
three	things	42
and	paying	42
peace	prize	42
engaging	and	42
an	expansion	42
one	where	42
called	out	42
has	managed	42
saved	by	42
the	zone	42
our	troops	42
this	direction	42
and	minds	42
economies	of	42
rear	of	42
the	methodist	42
the	covenant	42
direct	contact	42
who	understand	42
everyone	will	42
two	categories	42
hunt	for	42
we	lose	42
blood	test	42
capital	city	42
former	students	42
this	legislation	42
was	impressed	42
ready	to	42
spot	for	42
in	fighting	42
issues	have	42
technique	to	42
and	lifestyle	42
the	protocol	42
international	education	42
hired	by	42
we	suggest	42
histories	of	42
and	neither	42
help	develop	42
internship	with	42
for	comment	42
and	pakistan	42
components	in	42
education	reform	42
family	foundation	42
her	last	42
and	sets	42
one	page	42
teachers	and	42
of	upcoming	42
are	updated	42
scores	for	42
the	conceptual	42
do	most	42
we	urge	42
repository	of	42
from	stanford	42
day	long	42
differences	are	41
the	specifics	41
of	oxford	41
patient	who	41
of	stars	41
former	soviet	41
par	with	41
never	did	41
priorities	for	41
cases	it	41
love	them	41
can	explore	41
mutation	in	41
gave	you	41
an	engaging	41
detail	about	41
update	to	41
ticket	to	41
machine	that	41
is	encouraging	41
were	trained	41
two	centuries	41
any	major	41
role	at	41
internship	at	41
his	message	41
the	provisions	41
encourage	your	41
gun	control	41
policy	development	41
for	reference	41
up	for	41
has	paid	41
or	leave	41
is	serving	41
work	under	41
have	risen	41
the	correlation	41
details	of	41
she	graduated	41
including	how	41
almost	never	41
to	meet	41
the	credibility	41
about	social	41
know	them	41
small	scale	41
no	comments	41
the	trip	41
critics	of	41
and	governance	41
text	that	41
and	who	41
cases	have	41
diseases	such	41
you	let	41
these	rights	41
one	example	41
the	parade	41
day	on	41
commonwealth	of	41
in	recognition	41
resistance	of	41
degrees	at	41
country	or	41
arriving	in	41
is	desirable	41
it	falls	41
west	to	41
religious	groups	41
the	myth	41
couldn't	be	41
cut	back	41
in	either	41
water	systems	41
an	equivalent	41
government	agency	41
has	prepared	41
win	in	41
will	update	41
new	facility	41
include	information	41
this	provides	41
created	this	41
him	he	41
from	president	41
of	civilians	41
appear	that	41
are	definitely	41
too	soon	41
sure	where	41
one	state	41
after	three	41
suggested	to	41
grasp	the	41
threatened	with	41
certainly	have	41
the	session	41
your	results	41
sale	to	41
the	envelope	41
had	trouble	41
the	valve	41
conservation	easement	41
it	isn't	41
in	african	41
organized	crime	41
everyone	involved	41
my	interest	41
the	requisite	41
forgot	your	41
turned	away	41
and	clothing	41
human	activity	41
the	cathedral	41
paradigm	of	41
helped	by	41
sort	out	41
stage	is	41
been	determined	41
committee	that	41
executive	committee	41
written	or	41
to	strive	41
was	nearly	41
to	classify	41
feeding	the	41
rush	to	41
as	teachers	41
by	accident	41
of	genesis	41
maybe	it	41
educating	the	41
coalition	of	41
as	measured	41
prevented	the	41
serve	our	41
month	from	41
business	journal	41
the	popularity	41
names	for	41
because	most	41
the	pa	41
files	on	41
in	room	41
were	almost	41
her	house	41
carolina	state	41
method	was	41
the	publishing	41
earth	is	41
critically	important	41
new	south	41
achieved	through	41
world	we	41
and	scholarships	41
anticipate	the	41
and	suggests	41
bearing	on	41
he	pointed	41
will	simply	41
seat	on	41
extends	the	41
further	investigation	41
employer	and	41
protection	act	41
name	will	41
also	uses	41
technology	center	41
not	normally	41
stood	out	41
funding	was	41
something	wrong	41
the	organizational	41
the	prince	41
your	place	41
progress	towards	41
that	iran	41
of	suicide	41
recommend	it	41
and	fiscal	41
detailed	in	41
principal	and	41
sit	for	41
see	section	41
not	particularly	41
or	lack	41
of	finance	41
passes	through	41
are	worried	41
opens	on	41
and	lessons	41
just	do	41
is	incredibly	41
the	program's	41
start	thinking	41
theme	in	41
had	won	41
by	four	41
they	turn	41
years	working	41
now	called	41
we	talked	41
among	our	41
leads	us	41
materials	will	41
any	action	41
dropped	off	41
majority	vote	41
things	up	41
the	scope	41
or	wrong	41
and	duties	41
from	russia	41
and	depression	41
be	copied	41
to	thee	41
first	set	41
are	separated	41
achievements	in	41
the	academy	41
factor	that	41
an	income	41
sri	lankan	41
had	changed	41
alliance	is	41
viability	of	41
responsibilities	for	41
his	future	41
for	ages	41
the	imf	41
transportation	system	41
them	again	41
joined	with	41
my	feet	41
lines	that	41
and	excited	41
remnants	of	41
help	pay	41
of	structural	41
engaged	and	41
complained	that	41
principle	is	41
the	shipping	41
corporate	governance	41
mechanisms	to	41
break	through	41
the	florida	41
this	paragraph	41
temptation	to	41
breath	of	41
artistic	director	41
highly	skilled	41
some	help	41
pacific	coast	41
motivation	and	41
he	tells	41
too	close	41
its	influence	41
will	promote	41
unless	there	41
the	sword	41
players	to	41
neurons	in	41
work	includes	41
the	orange	41
little	ones	41
the	underground	41
village	of	41
older	brother	41
and	deeply	41
both	his	41
advocates	and	41
are	examined	41
testimony	to	41
respecting	the	41
gathered	to	41
can	be	41
who	led	41
often	find	41
to	expire	41
my	favorites	41
little	while	41
app	for	41
being	accepted	41
he	loves	41
decide	that	41
weeks	for	41
own	children	41
of	masonry	41
class	as	41
minutes	after	41
is	talking	41
are	granted	41
that	message	41
the	medical	41
confines	of	41
every	few	41
deaths	from	41
replacement	for	41
of	eternal	41
prevent	it	41
measurements	and	41
logging	in	41
their	training	41
of	achievement	41
raised	over	41
took	some	41
you	started	41
growth	rates	41
less	fortunate	41
one	or	41
the	estimated	41
disorder	and	41
not	attend	41
set	up	41
night	with	41
really	don't	41
to	greet	41
or	are	41
also	suggested	41
this	company	41
of	louisiana	41
our	educational	41
provided	me	41
in	conducting	41
more	extensive	41
the	roadway	41
to	criticize	41
reconstruction	of	41
second	edition	41
various	levels	41
threat	from	41
configure	the	41
this	principle	41
the	vietnamese	41
write	your	41
and	transport	41
has	undergone	41
make	those	41
in	low-income	41
activities	include	41
white	paper	41
undergraduate	research	41
two	great	41
teacher	is	41
bring	an	41
who	read	41
though	he	41
is	ongoing	41
some	small	41
and	physics	41
users	will	41
was	significantly	41
have	imagined	41
efficiency	in	41
next	section	41
it's	really	41
k-12	education	41
modern	day	41
analysis	by	41
advancements	in	41
this	essay	41
the	mining	41
and	severity	41
interesting	that	41
on	personal	41
for	what	41
the	legislative	41
political	action	41
failure	in	41
person	you	41
and	conducting	41
also	look	41
map	for	41
priests	and	41
draws	on	41
wish	for	41
george	bush	41
the	traditions	41
their	fields	41
was	growing	41
original	research	41
and	develops	41
the	fafsa	41
worked	well	41
distribution	in	41
system	may	41
statement	from	41
work	during	41
include	both	41
division	and	41
lift	the	41
and	veterans	41
your	love	41
our	success	41
legs	and	41
first	met	41
one	needs	41
the	luxury	41
significant	increase	41
proficient	in	41
community	where	41
in	rwanda	41
will	rise	41
of	qualified	41
twenty-five	years	41
india	has	41
with	anything	41
further	develop	41
were	offered	41
among	their	41
mutual	understanding	41
simplicity	of	41
examined	by	41
only	ones	41
determined	in	41
conditions	at	41
the	achievements	41
herself	in	41
of	industries	41
for	delivery	41
unit	was	41
club	in	41
fair	market	41
so	did	41
address	or	41
this	occasion	41
children	in	41
the	politicians	41
weather	is	41
the	scheme	41
studies	were	41
don't	use	41
also	participated	41
to	harm	41
without	saying	41
look	good	41
continue	reading	41
cannot	find	41
local	business	41
walked	away	41
was	wondering	41
and	financial	41
of	medicare	41
searchable	database	41
and	mentally	41
topics	for	41
one	question	41
farm	bureau	41
researchers	who	41
weekend	and	41
this	debate	41
to	equip	41
argument	in	41
architecture	and	41
experiences	are	41
are	elected	41
project	also	41
held	its	41
global	fund	41
following	his	41
ip	addresses	41
clues	to	41
abroad	in	41
getting	your	41
restoring	the	41
am	thrilled	41
hopes	for	41
they	always	41
national	oceanic	41
having	this	41
changes	as	41
ceo	and	41
and	gold	41
am	just	41
succession	of	41
of	rhode	41
their	progress	41
funding	sources	41
providing	for	41
and	knowing	41
and	applied	41
would	really	41
the	angel	41
efficiently	and	41
that	encourage	41
reality	in	41
the	landlord	41
with	regular	41
people	might	41
care	for	41
historical	context	41
enacted	by	41
did	all	41
music	as	41
and	enjoys	41
violates	the	41
doctoral	program	41
unless	you	41
flood	of	41
always	has	41
ourselves	with	41
could	play	41
the	superior	41
electricity	and	41
assistant	director	41
their	status	41
room	was	41
findings	suggest	41
and	cleaning	41
might	include	41
visual	art	41
we've	got	41
pollution	in	41
explain	this	41
proves	that	41
sacrifice	of	41
some	students	41
by	humans	41
project	would	41
atrial	fibrillation	41
security	act	41
we	reach	41
the	rescue	41
are	properly	41
activities	have	41
and	crew	41
family	medicine	41
matches	the	41
colorado	river	41
it	needs	41
am	able	41
to	frame	41
those	used	41
private	insurance	41
of	conducting	41
have	implemented	41
companies	from	41
specifies	the	41
put	some	41
acting	on	41
until	then	41
moving	toward	41
to	revisit	41
him	and	41
computer	skills	41
various	parts	41
dairy	products	41
of	lectures	41
diverse	as	41
and	worship	41
populations	are	41
who	plan	41
who	can	41
and	duration	41
covers	all	41
must	remember	41
many	challenges	41
produced	from	41
money	was	41
menu	of	41
because	this	41
the	premise	41
the	seminar	41
holy	land	41
and	nutrition	41
had	access	41
god	through	41
payday	loan	41
its	programs	41
long	life	41
most	states	41
saint	paul	41
though	many	41
will	prove	41
style	is	41
the	legs	41
updated	with	41
on	college	41
tools	such	41
of	interaction	41
did	his	41
either	an	41
to	france	41
the	captain	41
smoke	and	41
and	grew	41
the	naval	41
the	memories	41
bad	things	41
effort	was	41
of	saving	41
the	room	41
depiction	of	41
development	opportunities	41
to	become	41
to	help	41
small	size	41
all	fields	41
studies	suggest	41
silent	auction	41
songs	that	41
revenue	service	41
positive	effect	41
sample	is	41
not	interfere	41
with	music	41
games	for	41
client	is	41
the	source	41
an	outline	41
to	accomplish	41
at	war	41
the	risk	41
communities	have	41
society	has	41
majority	in	41
giving	me	41
in	electronic	41
message	was	41
variables	are	41
for	africa	41
the	java	41
the	southern	41
took	out	41
and	economically	41
to	belong	41
of	poems	41
may	consider	41
these	can	41
women	can	41
vice	chancellor	41
has	attracted	41
should	read	41
put	you	41
buildings	that	41
mainstream	media	41
local	church	41
floor	in	41
houses	of	41
win	for	41
after	reading	41
significantly	more	41
profit	from	41
he	replied	41
santa	monica	41
program	must	41
very	big	41
in	nuclear	41
volunteer	at	41
elderly	and	41
you	hope	41
that	has	41
activity	was	41
call	you	41
most	memorable	41
are	feeling	41
the	manufacture	41
central	bank	41
would	appreciate	41
the	incident	41
grant	application	41
already	taken	41
an	awful	41
who	hold	41
who	saw	41
fund	is	41
are	indicated	41
our	colleagues	41
of	contamination	41
eyes	were	41
their	young	41
starting	in	41
including	many	41
claimed	the	41
in	louisville	41
time	again	41
behind	his	41
genetic	and	41
oklahoma	state	41
pathway	to	41
asset	to	41
strategies	are	41
has	run	41
the	compiler	41
state	bar	41
in	indian	41
changes	on	41
these	courses	41
provides	some	41
refuge	in	41
in	new	41
for	regular	41
research	funding	41
been	accessed	41
by	whom	41
special	issue	41
of	invasive	41
be	classified	41
the	desk	41
of	physicians	41
in	chemistry	41
data	for	41
arguments	are	41
commonly	known	41
you	enjoyed	41
of	shoes	41
been	performed	41
fast	enough	41
supporters	to	41
buildings	were	41
special	thanks	41
be	reproduced	41
activities	were	41
in	jordan	41
folks	at	41
the	instruments	41
she	told	41
media	attention	41
complex	systems	41
of	ethics	41
relationships	among	41
corn	and	41
walking	on	41
got	his	41
without	permission	41
human	activities	41
with	her	41
employ	the	41
best	available	41
how	such	41
id	number	41
by	volunteers	41
minority	of	41
first	job	41
the	eu	41
colorado	and	41
overseen	by	41
the	layout	41
the	plain	41
improvement	and	41
buenos	aires	41
an	army	41
personal	or	41
of	gifts	41
slowly	and	41
environments	and	41
not	stand	41
accepted	in	41
or	loss	41
work	so	41
in	diverse	41
is	excellent	41
of	internal	41
to	insist	41
individuals	can	41
can	influence	41
cash	or	41
of	hurricane	41
just	getting	41
off	its	41
probably	the	41
found	some	41
being	called	41
on	writing	41
of	technological	41
workforce	development	41
was	fortunate	41
feel	you	41
centered	around	41
practice	on	41
have	too	41
groups	or	41
santa	rosa	41
and	equitable	41
performance	at	41
locations	for	41
the	drought	41
him	down	41
the	irb	41
the	deaf	41
is	incorrect	41
be	thrown	41
for	everybody	41
who	started	41
of	contents	41
energy	policy	41
for	retirement	41
slated	for	41
shore	of	41
that	opens	41
evil	and	41
people	interested	41
determination	and	41
he	uses	41
british	guiana	41
not	taking	41
court	has	41
not	involve	41
card	for	41
be	joined	41
information	security	41
was	lucky	41
by	stating	41
turned	around	41
last	night	41
retirement	plan	41
rights	act	41
region	are	41
think	what	41
macular	degeneration	41
was	ordered	41
medical	expenses	41
readings	and	41
what	type	41
protection	and	41
already	made	41
using	his	41
been	talking	41
except	when	41
they	already	41
volunteering	at	41
habits	and	41
and	youth	41
to	streamline	41
healthcare	and	41
people	believe	41
sold	by	41
southern	illinois	41
is	employed	40
us	because	40
relevant	for	40
every	member	40
designs	for	40
your	budget	40
national	defense	40
two	other	40
have	power	40
journalism	and	40
bin	laden	40
services	office	40
nursing	and	40
what	goes	40
your	goal	40
the	koran	40
news	story	40
personal	lives	40
is	fast	40
will	undoubtedly	40
destroyed	the	40
happiness	of	40
is	transferred	40
google	earth	40
did	get	40
grants	are	40
mean	we	40
life	after	40
address	at	40
who	continue	40
we	collect	40
and	bright	40
with	personal	40
or	become	40
only	use	40
information	act	40
every	human	40
the	queen	40
he	created	40
good	practice	40
was	admitted	40
addresses	of	40
they	won't	40
gas	industry	40
the	ucla	40
combining	the	40
this	house	40
the	bases	40
the	union	40
archives	of	40
for	receiving	40
history	at	40
limited	time	40
glass	and	40
last	six	40
platform	and	40
income	tax	40
always	remember	40
each	night	40
talk	with	40
by	donating	40
this	rule	40
and	personnel	40
the	deeper	40
peer	reviewed	40
the	partnership	40
were	discussed	40
answered	the	40
the	radar	40
loss	for	40
program	may	40
line	on	40
renowned	for	40
current	version	40
when	using	40
provide	guidance	40
the	violent	40
tickets	and	40
counties	in	40
protected	areas	40
authority	for	40
koster	said	40
the	csu	40
uses	cookies	40
said	before	40
for	analyzing	40
live	out	40
when	many	40
two	parties	40
give	our	40
the	functionality	40
be	disclosed	40
documents	for	40
first	appeared	40
our	souls	40
expressed	his	40
without	fear	40
hoped	for	40
backbone	of	40
chapters	and	40
been	growing	40
when	considering	40
be	valid	40
are	exempt	40
of	ethnic	40
they	apply	40
necessity	for	40
for	transfer	40
record	that	40
projects	include	40
precisely	because	40
the	consumer	40
disparities	in	40
and	sale	40
and	muslims	40
something	similar	40
collaborates	with	40
certification	in	40
hands-on	activities	40
work	with	40
she	never	40
religious	studies	40
water	treatment	40
pacific	railroad	40
political	issues	40
my	undergraduate	40
and	respected	40
this	survey	40
power	supply	40
budget	deficit	40
be	declared	40
the	filing	40
distance	learning	40
for	mobile	40
there	isn't	40
heart	attacks	40
by	stephen	40
fatty	acid	40
their	major	40
been	nominated	40
bounds	of	40
of	requests	40
it's	more	40
can	usually	40
for	healthy	40
spaces	are	40
sister	and	40
almost	two	40
and	anger	40
concentrating	on	40
means	more	40
reserve	the	40
and	vice	40
deeper	than	40
to	waive	40
signing	the	40
same	things	40
tales	of	40
private	sectors	40
and	participated	40
contacted	the	40
short	distance	40
current	economic	40
these	laws	40
conference	will	40
believed	it	40
basic	concepts	40
is	reasonable	40
in	foster	40
enjoy	this	40
important	point	40
and	stakeholders	40
that	lets	40
great	example	40
that	instead	40
and	settled	40
generally	not	40
even	without	40
these	files	40
meet	its	40
breast	milk	40
are	charged	40
companies	who	40
ethical	and	40
join	them	40
be	equally	40
helps	me	40
test	their	40
moderated	by	40
our	newsletter	40
new	method	40
waters	and	40
through	its	40
the	promises	40
the	traditional	40
the	geneva	40
study	and	40
were	talking	40
the	trail	40
note	on	40
the	curve	40
reminder	to	40
performances	and	40
international	business	40
delete	the	40
although	not	40
some	level	40
and	rapid	40
other	academic	40
simply	put	40
plans	on	40
athletes	and	40
the	ocean	40
in	reverse	40
xi	jinping	40
struggles	of	40
huge	success	40
excited	and	40
was	pleased	40
and	systems	40
garden	and	40
every	possible	40
complained	about	40
in	subsequent	40
when	working	40
effort	on	40
some	day	40
keep	up	40
contains	all	40
the	recipients	40
he	looks	40
of	confusion	40
my	mom	40
with	serious	40
did	what	40
him	because	40
was	engaged	40
companies	like	40
writer	for	40
the	royal	40
such	circumstances	40
this	aspect	40
international	business	40
been	issued	40
for	certification	40
videos	from	40
our	economic	40
upon	an	40
brief	overview	40
to	conceal	40
this	subsection	40
quarters	of	40
be	equal	40
most	precious	40
trace	of	40
training	courses	40
recordings	of	40
kindness	and	40
black	men	40
and	ensuring	40
california	has	40
his	community	40
who	feel	40
and	pollution	40
principal	of	40
as	late	40
studies	from	40
plan	would	40
thus	we	40
supplement	the	40
programs	like	40
others	like	40
appreciation	and	40
not	replace	40
some	friends	40
found	their	40
these	five	40
our	primary	40
let	your	40
its	present	40
metropolitan	areas	40
workshops	in	40
of	languages	40
the	sidelines	40
sector	is	40
the	inquiry	40
protecting	our	40
president	has	40
are	somewhat	40
can	relate	40
multiple	email	40
researching	the	40
electric	power	40
community	events	40
satisfaction	and	40
group	also	40
might	expect	40
hear	them	40
which	runs	40
with	modern	40
are	appointed	40
bishop	of	40
in	madrid	40
by	subject	40
the	orientation	40
persist	in	40
events	from	40
american	museum	40
in	jewish	40
highly	competitive	40
all	life	40
point	was	40
authorities	and	40
lights	and	40
was	nice	40
was	interesting	40
not	expected	40
also	came	40
it	leads	40
by	holding	40
articles	for	40
they	brought	40
transcript	of	40
the	muscles	40
assisting	with	40
enabling	the	40
earned	an	40
times	higher	40
request	from	40
the	venue	40
his	books	40
an	operation	40
consecutive	year	40
cool	and	40
translates	into	40
better	health	40
exists	for	40
followed	up	40
commenting	on	40
by	improving	40
the	perpetrators	40
which	works	40
its	next	40
program	has	40
million	per	40
of	immigrants	40
the	complete	40
have	special	40
and	introduce	40
force	on	40
collaborate	on	40
and	pictures	40
business	day	40
beyond	its	40
are	classified	40
at	duke	40
film	and	40
words	were	40
manufacturer	of	40
online	education	40
are	believed	40
pave	the	40
your	god	40
this	decision	40
two	terms	40
for	housing	40
what	he	40
doctoral	student	40
respected	and	40
everyone	at	40
and	bought	40
for	learning	40
of	holding	40
the	assault	40
their	government	40
the	urine	40
was	waiting	40
community	action	40
in	sierra	40
when	your	40
is	sold	40
one	copy	40
the	tour	40
had	very	40
of	experiments	40
the	hottest	40
our	graduates	40
very	closely	40
configuration	file	40
consultant	and	40
and	dust	40
expand	our	40
virtually	no	40
hard	enough	40
crisis	is	40
candidate	to	40
entry	for	40
root	causes	40
of	foods	40
and	cats	40
any	potential	40
been	charged	40
would	turn	40
and	lectures	40
professional	education	40
parameters	for	40
house	at	40
organizations	like	40
object	that	40
presented	for	40
colorectal	cancer	40
later	that	40
we're	doing	40
sell	to	40
the	long	40
chance	at	40
be	corrected	40
series	that	40
they	return	40
and	mike	40
and	publish	40
new	role	40
and	asks	40
counting	on	40
and	photography	40
abc	news	40
motion	picture	40
he	ever	40
and	imagination	40
end	user	40
received	this	40
religion	and	40
movement	has	40
the	headquarters	40
of	residential	40
palestinian	state	40
health	sciences	40
focus	was	40
had	thought	40
amateur	radio	40
lectures	on	40
the	mysterious	40
training	center	40
the	behaviour	40
one	thousand	40
or	questions	40
and	acceptance	40
the	controversial	40
to	favor	40
key	areas	40
recent	history	40
train	to	40
the	incoming	40
of	citizenship	40
posters	and	40
content	detail	40
most	expensive	40
in	indianapolis	40
at	urbana-champaign	40
of	contemporary	40
program	development	40
are	accessible	40
should	keep	40
no	child	40
next	couple	40
of	sugar	40
the	shelf	40
music	at	40
that	nobody	40
variation	of	40
need	assistance	40
joined	us	40
time	together	40
had	great	40
many	instances	40
introducing	the	40
of	gay	40
believe	me	40
study	provides	40
stuff	like	40
thankful	to	40
entities	that	40
their	neighbors	40
key	part	40
the	campus	40
the	sweet	40
wastewater	treatment	40
location	on	40
now	closed	40
other	large	40
the	optical	40
the	shelves	40
waiver	of	40
say	no	40
thinking	is	40
the	random	40
as	easily	40
live	within	40
had	used	40
high	profile	40
table	for	40
threshold	of	40
to	interfere	40
data	points	40
contract	is	40
how	to	40
week	ago	40
child	may	40
start	their	40
the	monastery	40
professional	practice	40
of	kindness	40
for	entry	40
the	juvenile	40
derive	from	40
in	fall	40
then	again	40
their	teaching	40
we	knew	40
employed	at	40
ancient	times	40
these	points	40
my	hope	40
maintain	an	40
hate	to	40
by	bill	40
and	drove	40
boundaries	and	40
education	institutions	40
grades	and	40
its	activities	40
troops	and	40
she	wrote	40
the	communist	40
are	delighted	40
sustainable	future	40
afternoon	and	40
conference	call	40
celebration	of	40
he	noted	40
their	presence	40
only	in	40
and	shelter	40
report	it	40
and	support	40
the	region	40
the	spirits	40
the	date	40
knowledge	or	40
for	moving	40
traces	the	40
both	public	40
students	get	40
of	mississippi	40
and	donations	40
courses	from	40
the	nazi	40
was	informed	40
hold	an	40
proposal	would	40
their	behalf	40
find	these	40
has	awarded	40
sites	with	40
is	nice	40
walk	with	40
wind	power	40
on	real	40
of	alexandria	40
of	rape	40
of	compassion	40
who	do	40
the	logo	40
and	prayers	40
situation	for	40
our	team	40
to	guess	40
of	photography	40
construction	industry	40
his	little	40
is	challenging	40
graphic	design	40
my	future	40
this	strategy	40
first	instance	40
educator	and	40
powers	to	40
hand	side	40
of	historic	40
commencement	of	40
coral	reefs	40
the	road	40
the	slaves	40
the	images	40
also	contribute	40
only	some	40
the	air	40
to	recognise	40
leaves	of	40
item	to	40
given	you	40
herself	to	40
until	recently	40
journey	through	40
he	continued	40
to	quote	40
asked	why	40
demonstrate	their	40
not	extend	40
stop	them	40
teaching	them	40
skills	through	40
prompted	to	40
would	prevent	40
getting	started	40
is	rapidly	40
only	used	40
says	there	40
and	consultation	40
influence	over	40
reform	in	40
objectives	are	40
it	yourself	40
adaptation	of	40
pleasure	and	40
jurisdiction	over	40
office	was	40
represented	as	40
for	putting	40
why	it's	40
summer	program	40
virtues	of	40
parameters	are	40
gratitude	for	40
left	off	40
is	appointed	40
documents	from	40
and	northern	40
and	accessories	40
distance	learning	40
and	reflection	40
major	changes	40
environmental	sciences	40
the	poll	40
doctor	who	40
set	your	40
while	using	40
orders	and	40
this	provision	40
school	graduates	40
full	story	40
their	native	40
or	national	40
big	bang	40
across	our	40
could	mean	40
an	inspiring	40
and	exploring	40
muslims	and	40
written	as	40
among	children	40
and	coastal	40
not	prepared	40
previously	worked	40
words	from	40
jesus	as	40
acute	care	40
my	passion	40
escherichia	coli	40
wishes	of	40
since	july	40
to	compromise	40
the	timeline	40
webinar	will	40
might	otherwise	40
retention	of	40
being	discussed	40
at	north	40
drawn	by	40
learning	curve	40
keep	her	40
computer	screen	40
of	personnel	40
of	chemical	40
while	some	40
glimpse	into	40
voted	in	40
consolidation	of	40
two	semesters	40
pakistan	and	40
hospital	is	40
questions	will	40
he	shall	40
the	couch	40
the	project	40
match	your	40
families	from	40
the	drosophila	40
regulations	in	40
now	working	40
been	studying	40
game	on	40
and	sizes	40
very	fast	40
is	reached	40
the	influence	40
the	buyer	40
shown	as	40
the	savior	40
new	student	40
for	distribution	40
brought	her	40
the	alabama	40
it	alone	40
teachers	have	40
research	questions	40
gifts	for	40
keeping	them	40
they	read	40
exercise	is	40
and	contributing	40
subcommittee	on	40
county	commissioners	40
those	without	40
secondary	schools	40
conditions	on	40
using	any	40
been	achieved	40
to	shake	40
with	oil	40
scholarships	for	40
he	explained	40
been	elected	40
led	us	40
they	set	40
continued	his	40
to	split	40
takes	over	40
get	over	40
developers	to	40
path	for	40
know	our	40
equally	important	40
provides	opportunities	40
it	exists	40
highest	in	40
library	for	40
being	involved	40
oil	and	40
and	racial	40
variations	of	40
blog	is	40
he	wanted	40
their	countries	40
framework	that	40
light	from	40
have	submitted	40
attribute	is	40
your	medical	40
might	lead	40
at	georgetown	40
other	reason	40
can	click	40
your	income	40
scholarship	program	40
medical	record	40
and	despite	40
clarity	and	40
transport	of	40
tolerance	and	40
achievements	and	40
by	keeping	40
special	interests	40
been	collected	40
and	wine	40
the	pittsburgh	40
basic	human	40
hit	me	40
the	bones	40
this	webinar	40
now	this	40
been	accused	40
to	attach	40
time	is	40
media	are	40
early	intervention	40
consistent	and	40
validate	the	40
recruitment	of	40
put	all	40
register	for	40
legitimacy	of	40
thing	they	40
interference	with	40
environmental	law	40
may	differ	40
his	youth	40
it	did	40
of	accounting	40
space	telescope	40
can	control	40
task	in	40
million	tons	40
at	usc	40
treated	for	40
contributed	by	40
latest	information	40
my	day	40
summit	in	40
your	concerns	40
diego	county	40
place	them	40
tide	of	40
implications	for	40
sexual	health	40
the	lands	40
donations	are	40
how	some	40
could	prove	40
on	private	40
are	participating	40
easy	task	40
shot	down	40
what	kinds	40
each	page	40
full	text	40
would	consider	40
get	information	40
ye	shall	40
public	interest	40
in	chemical	40
graduate	students	40
turn	left	40
other	government	40
beginning	with	40
you	determine	40
in	baghdad	40
your	individual	40
forces	are	40
who	gets	40
directing	the	40
over	into	40
or	suggestions	40
and	stopped	40
abreast	of	40
ncaa	division	40
these	technologies	40
shall	remain	40
action	will	40
storm	water	40
hit	with	40
proposing	to	40
fault	of	40
that	eventually	40
for	detecting	40
climate	is	40
of	advertising	40
piece	on	40
the	census	40
with	blood	40
as	much	40
watch	for	40
conduct	an	40
unheard	of	40
originally	appeared	40
will	hopefully	40
or	negative	40
and	electric	40
assignments	are	40
family	who	40
adult	education	40
of	returning	40
changed	its	40
shows	you	40
really	great	40
framework	and	40
the	college's	40
to	embark	40
this	experience	40
this	unique	40
estimates	for	40
derives	from	40
the	ford	40
across	europe	40
it's	very	40
enthusiasm	and	40
good	one	40
and	regularly	39
deciding	whether	39
is	explained	39
power	was	39
don't	feel	39
event	date	39
years	she	39
convention	and	39
personal	experiences	39
long	does	39
conflict	is	39
legislators	and	39
other	drugs	39
an	impression	39
sets	the	39
one	last	39
domains	of	39
connection	is	39
myself	with	39
designed	to	39
every	american	39
returning	to	39
the	lock	39
of	germany	39
property	owner	39
words	on	39
major	issues	39
that	govern	39
comfortable	in	39
fears	of	39
communicate	and	39
their	past	39
the	play	39
the	literary	39
will	quickly	39
of	particular	39
been	linked	39
are	attached	39
operating	costs	39
university	has	39
case	study	39
questioned	the	39
purchase	tickets	39
be	recommended	39
the	fat	39
you	asked	39
are	excellent	39
independently	of	39
differently	from	39
the	attributes	39
intending	to	39
the	making	39
awards	in	39
this	interview	39
what	he	39
trip	is	39
of	entertainment	39
other	human	39
of	journals	39
students	graduate	39
people	came	39
they	ask	39
the	central	39
his	whole	39
and	resolve	39
called	them	39
and	plays	39
your	child	39
little	less	39
she	gave	39
curriculum	development	39
not	remember	39
of	plastic	39
obsession	with	39
encouraging	the	39
the	hebrews	39
two	small	39
the	remarkable	39
the	light	39
well	understood	39
the	baltimore	39
and	realized	39
reason	it	39
assisting	the	39
read	all	39
third	largest	39
guidance	in	39
scheme	of	39
the	printing	39
and	complexity	39
could	put	39
the	ships	39
often	referred	39
its	highest	39
drugs	for	39
them	under	39
even	been	39
the	consequences	39
stands	at	39
of	land	39
or	financial	39
interlibrary	loan	39
properties	are	39
the	titles	39
require	any	39
and	legislative	39
off	when	39
people	understand	39
research	institutions	39
conclusions	about	39
heart	was	39
for	people	39
how	each	39
wives	and	39
not	match	39
authority	over	39
had	brought	39
the	definitions	39
while	simultaneously	39
per	night	39
judgment	on	39
to	stretch	39
the	enjoyment	39
money	into	39
played	for	39
functions	that	39
at	virginia	39
must	comply	39
i've	always	39
sexually	transmitted	39
eliminates	the	39
little	things	39
major	problem	39
be	educated	39
full	year	39
prevent	this	39
some	changes	39
the	electron	39
academic	work	39
the	cumulative	39
depart	from	39
been	met	39
of	reasoning	39
complications	of	39
with	youth	39
rebuild	the	39
american	students	39
about	taking	39
brought	on	39
writes	in	39
issue	at	39
of	books	39
initiatives	are	39
hudson	valley	39
to	innovate	39
the	stack	39
are	correct	39
for	internal	39
fourth	quarter	39
work	better	39
month	after	39
when	some	39
drivers	of	39
an	award-winning	39
take	several	39
when	all	39
as	hard	39
which	aims	39
with	natural	39
foreign	country	39
an	administrator	39
and	wonder	39
forth	to	39
give	this	39
mail	or	39
preserved	in	39
the	percentage	39
is	noted	39
nominating	committee	39
the	labels	39
and	wood	39
be	aware	39
would	apply	39
electric	vehicles	39
of	attendance	39
the	craft	39
our	previous	39
applications	is	39
district	is	39
in	special	39
another	example	39
the	carnegie	39
training	opportunities	39
great	if	39
can	gain	39
ensure	your	39
its	success	39
class	time	39
these	skills	39
ideas	with	39
be	governed	39
assistive	technology	39
available	free	39
graduate	courses	39
by	charles	39
at	indiana	39
and	die	39
else	who	39
turn	left	39
him	in	39
she	needs	39
not	significantly	39
school	community	39
and	humanities	39
the	surviving	39
be	certain	39
first	aid	39
first	month	39
safety	standards	39
archives	for	39
atlantic	ocean	39
planet	and	39
as	directed	39
whom	it	39
what	is	39
couldn't	have	39
task	for	39
of	terror	39
be	perfect	39
really	care	39
public	spaces	39
information	through	39
most	certainly	39
will	stand	39
cultural	events	39
can	count	39
comment	about	39
likely	have	39
shop	and	39
front	desk	39
their	risk	39
court	found	39
cats	and	39
exceeded	the	39
little	boy	39
pieces	and	39
per	square	39
round	and	39
is	enabled	39
its	capacity	39
chronic	pain	39
of	israeli	39
data	acquisition	39
this	isn't	39
zone	of	39
was	referred	39
no	change	39
while	driving	39
for	hundreds	39
although	some	39
combined	to	39
him	again	39
be	revised	39
the	constitutional	39
the	finals	39
the	junior	39
of	animal	39
air	quality	39
angeles	and	39
certificate	program	39
workshops	are	39
all	nations	39
mercy	on	39
of	hispanic	39
the	abdomen	39
puerto	rican	39
proceedings	of	39
the	topic	39
no	end	39
state	legislature	39
this	degree	39
pay	your	39
their	existence	39
hunting	and	39
great	value	39
ascribed	to	39
news	from	39
also	see	39
experiences	for	39
and	motivation	39
they	tell	39
want	my	39
baseball	and	39
particular	attention	39
health	officials	39
multiplied	by	39
in	advanced	39
gene	in	39
longing	for	39
encourage	all	39
the	mass	39
of	indonesia	39
video	clips	39
we	assume	39
will	love	39
please	submit	39
yards	and	39
aside	the	39
think	she	39
equal	access	39
heard	by	39
it	ought	39
of	interviews	39
specifics	of	39
really	did	39
life	would	39
are	independent	39
other	parties	39
food	was	39
construction	of	39
cannot	take	39
more	confident	39
my	childhood	39
vowed	to	39
anonymous	coward	39
disposition	of	39
lessons	for	39
are	compared	39
po	box	39
situated	on	39
for	innovation	39
land	of	39
and	ireland	39
internet	access	39
visit	was	39
from	june	39
online	through	39
of	blue	39
since	there	39
which	consists	39
played	out	39
be	emphasized	39
only	place	39
car	is	39
the	adobe	39
it	almost	39
telling	them	39
than	she	39
the	evolving	39
nothing	in	39
success	at	39
deciding	to	39
all	requirements	39
and	represents	39
your	existing	39
state	standards	39
the	decision-making	39
paper	presents	39
accelerate	the	39
been	reading	39
was	driven	39
awards	for	39
in	little	39
story	as	39
week	later	39
deserve	the	39
that	describe	39
affairs	at	39
are	complex	39
strains	of	39
all	walks	39
the	elite	39
displaced	by	39
were	prepared	39
widely	known	39
the	clothes	39
slate	of	39
do	get	39
michael	kors	39
of	intense	39
reflected	on	39
forms	that	39
fire	safety	39
surface	area	39
our	fellow	39
embryonic	stem	39
the	college's	39
singled	out	39
both	parents	39
earn	their	39
our	facebook	39
local	public	39
safety	for	39
law	which	39
is	supporting	39
stationed	at	39
and	stable	39
the	funding	39
then	took	39
tell	me	39
doing	everything	39
which	covers	39
treatment	of	39
make	connections	39
is	uncertain	39
results	showed	39
are	unaware	39
been	too	39
is	watching	39
court	system	39
of	immigration	39
from	december	39
its	focus	39
several	factors	39
childhood	and	39
public	trust	39
high	rate	39
she	completed	39
trade	union	39
policy	changes	39
for	poor	39
class	sizes	39
approach	has	39
amid	the	39
profiles	of	39
the	institute	39
bipartisan	support	39
that	simple	39
has	heard	39
until	her	39
study	showed	39
of	listening	39
and	marine	39
are	pursuing	39
and	adjust	39
assists	in	39
we	learned	39
bad	as	39
natural	beauty	39
please	go	39
the	harvest	39
had	called	39
to	protect	39
building	has	39
arguments	that	39
and	indirect	39
from	my	39
examination	of	39
incorporation	of	39
this	publication	39
studying	in	39
survive	and	39
boxes	and	39
his	teaching	39
cash	and	39
experiments	and	39
protest	the	39
experts	say	39
every	five	39
following	three	39
need	additional	39
but	every	39
legislation	would	39
for	transportation	39
lost	or	39
most	innovative	39
read	through	39
wants	us	39
under	section	39
taken	off	39
observation	that	39
this	requires	39
mother	who	39
and	lesbian	39
played	at	39
safe	environment	39
no	excuse	39
for	positive	39
largely	on	39
trust	and	39
steps	to	39
common	practice	39
camp	is	39
trend	is	39
friday	afternoon	39
which	helped	39
their	previous	39
north	korean	39
here	to	39
while	their	39
he	left	39
pm	thanks	39
attract	the	39
to	make	39
the	entertainment	39
available	upon	39
south	china	39
from	iraq	39
of	pollution	39
its	various	39
change	has	39
bank	accounts	39
your	dog	39
help	identify	39
schedule	of	39
exposing	the	39
of	association	39
the	assumptions	39
game	at	39
to	urge	39
counties	and	39
circumstances	in	39
american	citizens	39
test	your	39
other	publications	39
as	true	39
children	may	39
your	schedule	39
that	makes	39
of	doctors	39
following	this	39
the	detection	39
congress	should	39
this	conclusion	39
the	natural	39
appearance	and	39
forgot	to	39
hierarchy	of	39
close	friend	39
six	times	39
east	and	39
the	guardian	39
drink	and	39
group	called	39
significantly	less	39
and	writer	39
show	it	39
ten	thousand	39
as	amended	39
potential	impact	39
the	talent	39
paper	describes	39
officers	were	39
at	northwestern	39
who	called	39
the	persecution	39
was	treated	39
complaining	about	39
ride	in	39
and	solar	39
signature	of	39
and	game	39
many	respects	39
the	bulk	39
natural	law	39
declare	the	39
american	indians	39
was	dead	39
times	before	39
built	environment	39
laugh	at	39
who	uses	39
available	under	39
help	save	39
by	mike	39
outlook	for	39
experiments	with	39
mechanics	of	39
you	received	39
search	criteria	39
focus	group	39
save	more	39
also	contact	39
speaking	out	39
must	obtain	39
they	remain	39
mentioned	earlier	39
browser	to	39
once	per	39
of	ensuring	39
excited	by	39
have	sufficient	39
helping	me	39
one	set	39
will	resume	39
and	snacks	39
information	below	39
an	announcement	39
black	holes	39
word	and	39
compute	the	39
to	safely	39
write	it	39
the	fellowship	39
or	religious	39
will	evaluate	39
he	adds	39
with	words	39
not	looking	39
and	associate	39
he	put	39
the	mere	39
prepares	to	39
men	as	39
storage	space	39
legal	counsel	39
information	management	39
other	media	39
sounded	like	39
to	opt	39
output	is	39
balance	is	39
persecution	of	39
great	number	39
resources	will	39
among	young	39
we	simply	39
families	will	39
not	enter	39
on	academic	39
the	nurses	39
for	artists	39
my	writing	39
tell	people	39
was	achieved	39
her	favorite	39
roles	as	39
explanations	of	39
cells	can	39
attainment	of	39
be	pursued	39
your	privacy	39
trends	in	39
matters	is	39
the	lawn	39
pushing	for	39
and	coaching	39
adhered	to	39
western	reserve	39
fusion	of	39
patient	safety	39
praise	of	39
goes	for	39
receive	information	39
topic	for	39
the	verdict	39
we	discussed	39
and	composition	39
the	garbage	39
give	more	39
energy	into	39
he	holds	39
british	government	39
back	together	39
party	is	39
the	puzzle	39
and	accomplishments	39
taxes	for	39
the	reasoning	39
employers	are	39
blood	vessel	39
be	wise	39
these	states	39
one	hundred	39
jewish	state	39
the	depression	39
your	answer	39
draw	attention	39
invite	the	39
provides	you	39
guns	and	39
want	our	39
opposition	from	39
statement	about	39
phi	beta	39
will	greatly	39
supplied	with	39
our	employees	39
to	crack	39
the	locals	39
that	effect	39
election	in	39
daily	living	39
comments	that	39
an	exhibit	39
choose	your	39
flight	from	39
of	spatial	39
gives	him	39
being	there	39
the	eagles	39
dropped	to	39
in	japanese	39
took	advantage	39
hotel	in	39
advanced	military	39
during	any	39
junior	high	39
well	suited	39
to	draft	39
and	push	39
has	introduced	39
some	serious	39
an	economy	39
country	have	39
user	needs	39
in	real-time	39
plants	with	39
from	entering	39
the	renowned	39
read	on	39
proquest	historical	39
term	care	39
sign	language	39
alluded	to	39
to	perceive	39
the	mill	39
of	defense	39
is	preparing	39
she	works	39
who	fail	39
compare	and	39
clearly	not	39
the	tech	39
the	disciplines	39
the	undergraduate	39
of	palestine	39
decision	will	39
dry	and	39
work	and	39
aid	office	39
may	obtain	39
questions	or	39
the	website	39
professionals	from	39
to	forge	39
the	life	39
prompted	by	39
demonstrating	the	39
and	presenting	39
chemicals	that	39
cause	you	39
although	they	39
different	regions	39
assumed	the	39
back	out	39
future	development	39
products	such	39
acquired	the	39
visit	us	39
is	fair	39
second	quarter	39
were	examined	39
audience	for	39
in	civil	39
is	optional	39
white	people	39
workers	will	39
the	merger	39
have	survived	39
of	attending	39
admission	into	39
be	engaged	39
four	hundred	39
tribe	of	39
enacted	in	39
eligibility	and	39
inserted	into	39
right	next	39
and	improvement	39
programme	of	39
took	their	39
blocked	by	39
as	reported	39
just	below	39
who	should	39
the	shock	39
for	lack	39
criminal	charges	39
not	unusual	39
my	old	39
other	disciplines	39
love	is	39
we	developed	39
the	aging	39
graduation	from	39
one	type	39
reading	and	39
true	or	39
hold	that	39
and	continuous	39
provide	free	39
available	during	39
hard	disk	39
certain	circumstances	39
bit	like	39
an	estimated	39
class	size	39
the	women's	39
to	reconstruct	39
updated	to	39
cannot	say	39
god	hath	39
close	friends	39
outside	the	39
just	take	39
your	father	39
remembrance	of	39
outdoor	activities	39
the	parameter	39
movie	is	39
governor	and	39
inspiration	and	39
we	seek	39
an	illness	39
that	protect	39
also	featured	39
knowledge	from	39
the	closure	39
could	hear	39
law	library	39
consensus	on	39
and	editor	39
sometimes	they	39
for	posting	39
the	withdrawal	39
management	team	39
their	applications	39
talks	and	39
of	errors	39
engineering	students	39
sessions	in	39
corrective	action	39
titles	and	39
discrimination	in	39
that	we've	39
strong	interest	39
botanical	society	39
live	here	39
to	portray	39
perform	their	39
clear	how	39
the	material	39
the	public's	39
this	field	39
these	very	39
national	or	39
publication	is	39
teaching	methods	39
he	lives	39
chamber	music	39
hyde	park	39
the	patch	39
the	first-ever	39
can	protect	39
identifying	and	39
genetic	testing	39
force	behind	39
international	affairs	39
history	from	39
until	this	39
of	administrative	39
social	justice	39
must	show	39
also	expressed	39
following	links	39
interactions	and	39
senior	fellow	39
since	their	39
perspectives	of	39
firms	in	39
were	interviewed	39
and	connections	39
and	pride	39
single	most	39
it	can't	39
personnel	who	39
all	agree	39
were	responsible	39
an	excellent	39
are	delivered	39
and	syria	39
the	instructors	39
waking	up	39
of	fundamental	39
the	ethics	39
summer	of	39
the	surgical	39
check	back	39
rate	than	39
an	airplane	39
many	companies	39
common	among	39
children	with	39
with	simple	39
voice	of	39
this	money	38
against	which	38
armed	services	38
over	thirty	38
have	indicated	38
applicant	must	38
on	gender	38
arises	from	38
of	full-time	38
were	under	38
considered	one	38
and	performances	38
large	extent	38
early	spring	38
with	hundreds	38
signal	processing	38
real	people	38
and	sit	38
project	aims	38
these	records	38
questions	we	38
directly	involved	38
business	owner	38
youth	are	38
different	locations	38
to	excellence	38
your	continued	38
which	supports	38
operations	and	38
post	it	38
told	his	38
record	as	38
the	association	38
full	advantage	38
instructor	at	38
awards	will	38
the	generic	38
of	anxiety	38
signals	to	38
then	again	38
to	add	38
property	was	38
intervene	in	38
we	examine	38
these	services	38
the	camps	38
they	might	38
my	skin	38
more	public	38
expertise	is	38
me	through	38
the	motivation	38
be	mentioned	38
processed	and	38
file	or	38
let	them	38
should	expect	38
water	conservation	38
program	participants	38
party	for	38
career	paths	38
are	characterized	38
our	view	38
who	takes	38
she	continued	38
well	before	38
these	opportunities	38
christ	jesus	38
slated	to	38
same	page	38
her	most	38
the	person's	38
these	links	38
of	stuttering	38
are	central	38
as	providing	38
control	their	38
be	expanded	38
was	thus	38
these	developments	38
team	also	38
good	chance	38
university	offers	38
spending	cuts	38
didn't	even	38
implementation	of	38
in	argentina	38
discusses	how	38
soft	tissue	38
that	didn't	38
huge	difference	38
and	murder	38
sustained	by	38
game	against	38
of	oppression	38
limits	for	38
for	awhile	38
click	here	38
disabilities	act	38
the	eighteenth	38
pollution	prevention	38
this	distinction	38
punishment	of	38
how	little	38
gay	rights	38
take	your	38
the	air	38
sex	workers	38
have	obtained	38
the	team's	38
worked	so	38
removes	the	38
must	understand	38
all	interested	38
these	elements	38
true	nature	38
will	emerge	38
exciting	time	38
eight	weeks	38
anyone	know	38
initiative	will	38
and	rivers	38
current	year	38
providing	them	38
million	gallons	38
she	lived	38
republicans	are	38
make	better	38
promotion	codes	38
customer	service	38
think	if	38
whose	lives	38
the	mother	38
space	is	38
the	talk	38
occupy	the	38
agent	and	38
open	until	38
the	holiday	38
events	or	38
you	imagine	38
schedules	and	38
launched	by	38
we	help	38
is	contrary	38
sensitive	information	38
assistant	secretary	38
first	stage	38
your	final	38
accessible	by	38
collection	consists	38
throughout	her	38
health	reform	38
our	focus	38
speaker	for	38
an	organized	38
jefferson	county	38
pdf	files	38
our	case	38
your	experiences	38
blessing	of	38
the	independence	38
the	remainder	38
and	societal	38
designer	and	38
gene	therapy	38
of	la	38
person	was	38
was	speaking	38
the	emperor	38
africa	is	38
the	canal	38
the	taxpayer	38
dean	for	38
to	stem	38
why	does	38
new	kind	38
households	in	38
providing	support	38
available	via	38
accepting	the	38
videos	are	38
recent	studies	38
shades	of	38
boys	are	38
the	banner	38
the	theory	38
with	equal	38
of	refugees	38
across	different	38
improvements	and	38
light	at	38
it	costs	38
innovation	and	38
the	nigerian	38
museum	is	38
research	university	38
clients	with	38
girl	in	38
issue	as	38
crops	are	38
child	from	38
caring	and	38
different	kind	38
for	animals	38
car	or	38
we	build	38
this	seems	38
and	career	38
nor	can	38
was	generally	38
instruction	is	38
are	wrong	38
helpful	information	38
searching	the	38
amendment	to	38
for	victims	38
maybe	we	38
to	lock	38
outreach	efforts	38
piece	in	38
they	told	38
accomplishments	in	38
website	as	38
pointer	to	38
not	report	38
of	judah	38
mind	as	38
collaboration	among	38
and	drawing	38
listed	by	38
sites	have	38
some	key	38
be	marked	38
three	categories	38
the	employee's	38
professional	organizations	38
spaces	in	38
and	consulting	38
may	qualify	38
first	nations	38
training	or	38
in	him	38
volunteer	with	38
snake	river	38
for	setting	38
are	entirely	38
whichever	is	38
viet	nam	38
church	has	38
brink	of	38
this	committee	38
we	already	38
of	receipt	38
infrastructure	in	38
intern	at	38
necessarily	have	38
that	showed	38
providers	who	38
teacher	of	38
policy	will	38
residential	and	38
leaves	are	38
theatre	and	38
were	ready	38
navigation	and	38
studies	monographs	38
al	qaeda's	38
to	imply	38
our	mailing	38
please	e-mail	38
don't	you	38
in	conversation	38
mba	program	38
separating	the	38
your	options	38
variables	and	38
more	data	38
predict	that	38
the	paperwork	38
medical	insurance	38
and	libraries	38
application	by	38
thanks	again	38
several	people	38
to	penetrate	38
stopping	the	38
tests	on	38
new	material	38
content	or	38
finished	in	38
an	upper	38
announced	his	38
installed	and	38
for	compliance	38
workers	at	38
screen	for	38
blocks	from	38
do	we	38
touched	on	38
resorting	to	38
reported	for	38
of	messages	38
excitement	and	38
disaster	relief	38
coronary	artery	38
elected	as	38
hair	is	38
best	chance	38
against	israel	38
are	finished	38
this	provision	38
and	beverages	38
than	twenty	38
dog	and	38
power	generation	38
each	week	38
south	wales	38
while	those	38
international	human	38
recourse	to	38
several	types	38
these	articles	38
without	prescription	38
its	allies	38
courses	offered	38
makes	use	38
my	guess	38
the	parliament	38
the	chapel	38
are	absolutely	38
south	american	38
are	fairly	38
birds	in	38
know	some	38
has	signed	38
be	sustained	38
spirit	is	38
were	filled	38
matter	which	38
and	civilian	38
the	fluid	38
basic	understanding	38
and	violent	38
john	kerry	38
opportunities	at	38
the	seasons	38
executive	branch	38
the	smell	38
sitting	down	38
genetics	and	38
doctrines	of	38
materials	such	38
the	power	38
package	is	38
of	disciplines	38
about	god	38
stay	tuned	38
in	mississippi	38
about	creating	38
they	exist	38
was	becoming	38
ice	and	38
program	coordinator	38
if	desired	38
course	content	38
signals	from	38
germany	in	38
the	barn	38
members	and	38
individually	or	38
your	success	38
have	applied	38
engineer	and	38
dining	hall	38
competitive	and	38
human	subjects	38
before	that	38
neighborhood	and	38
and	interaction	38
the	lady	38
were	located	38
art	form	38
and	nationally	38
taken	during	38
will	inevitably	38
now	part	38
through	march	38
and	consumer	38
management	issues	38
and	systematic	38
adviser	to	38
mayor	of	38
monitored	by	38
to	cease	38
an	isolated	38
many	patients	38
improve	access	38
players	are	38
graduates	who	38
the	profound	38
this	database	38
be	perceived	38
remember	how	38
break	in	38
to	cuba	38
student	financial	38
the	artistic	38
states	was	38
with	light	38
and	spatial	38
poverty	line	38
takes	you	38
model	has	38
whose	mission	38
once	your	38
that	connects	38
some	may	38
behaviors	that	38
now	he	38
the	gospels	38
math	and	38
want	me	38
books	from	38
their	feelings	38
not	unique	38
grant	funds	38
newspaper	and	38
american	chemical	38
council	members	38
of	coastal	38
you	shall	38
the	eventual	38
next	phase	38
pm	this	38
he	becomes	38
in	cincinnati	38
social	policy	38
it	upon	38
the	golf	38
they	looked	38
missions	and	38
low	vision	38
advocacy	for	38
the	particles	38
function	for	38
flow	through	38
leg	of	38
same	sex	38
spoke	on	38
university	community	38
epa	and	38
three	new	38
advocacy	group	38
of	motor	38
my	partner	38
that	protects	38
jimmy	carter	38
appreciated	the	38
wounded	in	38
death	on	38
pain	management	38
his	talk	38
this	early	38
dangerous	and	38
from	participating	38
continue	to	38
the	euro	38
responded	with	38
not	keep	38
this	hypothesis	38
farmers	have	38
the	recycling	38
best	we	38
christian	science	38
of	studying	38
he	meant	38
the	sudden	38
human	condition	38
in	popularity	38
speech	is	38
new	horizons	38
ball	and	38
and	quick	38
their	language	38
competing	with	38
oil	industry	38
san	jacinto	38
one	course	38
representatives	from	38
sure	he	38
those	changes	38
the	mailing	38
though	some	38
weed	control	38
the	conservative	38
of	skilled	38
with	medical	38
england	journal	38
stewards	of	38
living	wage	38
de	janeiro	38
that	ye	38
even	today	38
in	height	38
core	courses	38
as	these	38
any	future	38
assess	their	38
only	hope	38
one-half	of	38
clean	air	38
it	moves	38
serious	health	38
now	live	38
across	campus	38
exactly	where	38
of	stem	38
imperative	to	38
his	sons	38
approval	process	38
christian	life	38
are	suffering	38
of	iran	38
be	exercised	38
am	confident	38
it	already	38
to	bolster	38
reach	your	38
higher	quality	38
events	were	38
regular	season	38
these	last	38
president	john	38
pursuant	to	38
organisations	and	38
its	energy	38
his	decision	38
an	indicator	38
stock	in	38
are	processed	38
they	keep	38
its	size	38
the	bad	38
activists	in	38
enterprise	and	38
the	jordan	38
solomon	islands	38
add	an	38
important	component	38
really	believe	38
the	cleanup	38
box	office	38
past	month	38
may	prove	38
mba	from	38
usage	and	38
effectively	in	38
package	that	38
the	rally	38
animal	models	38
resolution	is	38
effort	will	38
help	my	38
and	figures	38
child	left	38
intention	is	38
switching	to	38
session	at	38
scholarship	for	38
detailed	description	38
west	african	38
their	company	38
federal	level	38
of	rapid	38
learn	something	38
world	without	38
who	told	38
site	includes	38
safety	concerns	38
expiration	of	38
to	merge	38
pm	et	38
commission	to	38
insight	on	38
was	confirmed	38
and	it	38
each	month	38
educators	who	38
he	works	38
last	spring	38
be	tempted	38
of	libraries	38
their	music	38
more	water	38
pop	culture	38
south	pacific	38
never	would	38
beauty	in	38
of	nutrition	38
that	begins	38
occasion	for	38
and	snow	38
parents	with	38
the	bishops	38
susceptibility	to	38
build	new	38
the	affairs	38
also	encouraged	38
their	living	38
left	their	38
who	grew	38
research	associate	38
contacts	and	38
currently	works	38
your	old	38
has	decreased	38
this	assignment	38
their	medical	38
turn	them	38
some	species	38
devices	that	38
your	free	38
without	using	38
the	infamous	38
fields	that	38
the	rock	38
literature	that	38
she	worked	38
replacing	the	38
students	how	38
security	system	38
to	elicit	38
avenue	in	38
can	survive	38
her	class	38
space	at	38
examples	include	38
us	make	38
thirty	days	38
this	standard	38
percent	or	38
old	when	38
and	lunch	38
sorted	by	38
data	management	38
offers	many	38
grown	from	38
others	do	38
in	uniform	38
care	center	38
judge	to	38
word	or	38
will	advance	38
risk	reduction	38
approach	can	38
community	engagement	38
she	returned	38
completed	an	38
suggestions	and	38
any	person	38
in	coastal	38
are	reserved	38
creative	process	38
this	office	38
takes	into	38
and	contributed	38
clear	understanding	38
parts	that	38
be	real	38
immune	to	38
colors	of	38
witnesses	to	38
like	most	38
right	out	38
executive	vice	38
events	as	38
to	lessen	38
sums	of	38
may	contribute	38
paint	and	38
ensure	that	38
which	features	38
close	we	38
loud	and	38
is	pushing	38
can	manage	38
in	kosovo	38
participants	who	38
after	spending	38
know	better	38
after	some	38
percent	reduction	38
elevation	of	38
of	trustees	38
the	reference	38
to	devise	38
many	communities	38
deaths	and	38
gallons	per	38
tall	and	38
countries	as	38
gaza	strip	38
last	ten	38
agenda	is	38
takes	us	38
stemming	from	38
should	avoid	38
don't	tell	38
has	enjoyed	38
their	hard	38
felt	so	38
summarize	the	38
and	dance	38
late	as	38
were	good	38
the	finance	38
politics	is	38
our	land	38
were	using	38
cut	it	38
ride	to	38
their	value	38
can	impact	38
for	medical	38
see	you	38
and	susan	38
dozens	of	38
be	prepared	38
underneath	the	38
basic	skills	38
two	large	38
can	prepare	38
permit	is	38
but	let	38
usually	not	38
say	he	38
his	three	38
and	dreams	38
discussion	will	38
subjects	in	38
have	opened	38
responsibility	is	38
the	epa	38
credit	unions	38
for	safe	38
been	carried	38
cancer	or	38
already	exist	38
card	information	38
long	hours	38
management	program	38
the	chicken	38
the	safest	38
if	such	38
our	research	38
links	with	38
good	times	38
and	elizabeth	38
to	italy	38
session	for	38
all	states	38
and	cool	38
of	calcium	38
times	by	38
other	kids	38
shut	up	38
have	loved	38
this	example	38
smart	and	38
live	without	38
congregational	church	38
great	recession	38
the	sisters	38
medical	or	38
of	accountability	38
was	rather	38
just	come	38
its	contents	38
essays	and	38
the	unexpected	38
since	our	38
general	fund	38
bearing	the	38
me	now	38
announces	the	38
your	list	38
register	of	38
revival	of	38
you	say	38
since	june	38
is	inherently	38
has	experience	38
the	doctoral	38
new	field	38
course	materials	38
making	decisions	38
images	for	38
element	to	38
to	schedule	38
adopting	the	38
phd	student	38
tried	it	38
agricultural	and	38
the	irs	38
is	thinking	38
departments	to	38
these	actions	38
be	nominated	38
lgbt	community	38
davis	and	38
how	have	38
to	christianity	38
the	premium	38
also	considered	38
and	yes	38
bad	guys	38
academy	is	38
the	profit	38
registered	as	38
the	governor	38
of	observations	38
may	elect	38
the	hungry	38
be	truly	38
the	coordination	38
india	in	38
at	georgia	38
what	sort	38
and	conservation	38
break	into	38
really	nice	38
penalty	for	38
of	fruit	38
as	special	38
being	carried	38
your	overall	38
understood	in	38
first	night	38
language	and	38
problems	associated	38
from	amazon	38
is	guaranteed	38
of	faith	38
technology	as	38
main	campus	38
all	want	38
the	russian	38
withdrawal	from	38
from	traditional	38
the	unusual	38
the	body	38
makes	her	38
an	article	38
his	neck	38
deployed	in	38
will	break	38
upon	me	38
how	easy	38
first	started	38
at	last	38
statements	that	38
distinguished	by	38
doubt	about	38
the	souls	38
no	information	38
the	hague	38
the	focal	38
have	accepted	38
low-income	students	38
this	effort	38
granted	for	38
court	that	38
miles	north	38
become	very	38
punishment	in	38
cruel	and	38
that	explains	38
hold	their	38
of	engaging	38
two	points	38
in	ontario	38
announced	it	38
their	quality	38
not	everyone	38
basic	science	38
somebody	else	38
to	dinner	38
he	wasn't	38
higher	prices	38
additional	funding	38
to	fuel	38
took	no	38
have	really	38
about	different	38
social	support	38
are	blind	38
of	mormon	38
box	is	38
faculty	members	38
explain	it	38
signed	on	38
of	drawing	38
lakes	and	38
different	perspectives	38
the	german	38
fascination	with	38
resonance	imaging	38
the	movement	38
programs	provide	38
of	atlanta	38
the	texas	38
the	wiki	38
contaminated	with	38
these	experiences	38
seeds	and	38
resource	management	38
be	waived	38
america	was	38
black	stated	38
reward	for	38
presentations	at	38
be	thankful	38
department	chair	38
the	winning	38
international	symposium	38
stopped	and	38
of	silence	38
two	miles	38
save	them	38
equality	of	38
about	science	38
just	before	38
percent	by	38
algorithm	for	38
additional	information	38
do	research	38
not	share	38
their	classrooms	38
paper	we	38
assumptions	about	38
and	intelligent	38
health	status	38
surveys	and	38
collaborative	research	38
enhance	our	38
regarding	your	38
my	site	38
twice	in	38
labeled	as	38
an	immense	38
an	exact	38
bacteria	and	38
education	policy	38
centuries	of	38
this	saturday	38
transforming	the	38
current	work	38
parking	area	38
form	and	38
special	topics	38
third	quarter	38
only	half	38
housing	in	38
patterns	that	38
allowed	them	38
and	certification	38
among	students	38
staying	at	38
raw	material	38
bless	you	38
foreign	aid	38
digital	age	38
the	palace	38
rise	from	38
the	previous	38
offers	you	38
growth	factor	38
was	hoping	38
offers	free	38
implying	that	38
fighting	in	38
she	loves	38
the	administration	38
on	my	38
include	some	38
they	believed	38
there	being	38
from	current	38
warm	up	38
posts	and	38
once	they	38
these	places	38
specifically	on	38
higher	rates	38
grateful	that	38
take	what	38
division	ii	38
infrastructure	that	38
absolutely	nothing	38
the	hotel	38
looking	up	37
past	ten	37
inspiration	from	37
my	love	37
destroying	the	37
engaging	with	37
twenty-first	century	37
or	credit	37
the	gardens	37
former	president	37
curator	of	37
are	giving	37
concert	with	37
full	name	37
the	cause	37
fair	trade	37
yourself	as	37
consists	in	37
after	getting	37
what	went	37
as	key	37
effective	than	37
to	excel	37
they	care	37
medical	center	37
you	open	37
read	them	37
be	guided	37
can	enhance	37
in	marriage	37
long	overdue	37
new	standards	37
calculating	the	37
new	concept	37
in	ethiopia	37
the	saint	37
commensurate	with	37
obsessed	with	37
yet	there	37
it	starts	37
or	county	37
for	decades	37
and	attending	37
while	making	37
organizations	who	37
he	passed	37
could	afford	37
studied	and	37
every	sunday	37
classes	will	37
the	anniversary	37
you	intend	37
were	mostly	37
money	they	37
sure	all	37
drives	the	37
drought	and	37
the	kidneys	37
royal	society	37
visit	my	37
the	easiest	37
distribution	is	37
the	borrower	37
illustrate	how	37
the	bush	37
find	someone	37
marked	as	37
create	one	37
for	europe	37
standard	deviation	37
urge	to	37
needs	more	37
nations	and	37
establishes	the	37
the	scottish	37
stroke	and	37
foreign	languages	37
autism	spectrum	37
fields	such	37
infection	in	37
expand	its	37
thinks	of	37
ignorance	and	37
expected	from	37
against	her	37
input	is	37
lose	your	37
of	secondary	37
recent	past	37
of	cardiovascular	37
don't	remember	37
quality	and	37
his	money	37
formal	education	37
are	reduced	37
men	and	37
or	feel	37
base	is	37
premise	that	37
rates	were	37
study	area	37
appearance	in	37
revenue	for	37
exercise	their	37
also	says	37
parts	are	37
manager	and	37
the	silver	37
of	tomorrow	37
new	guinea	37
happened	at	37
program	manager	37
rapidly	changing	37
the	anticipated	37
and	decision-making	37
be	grown	37
kennedy	school	37
believe	he	37
many	families	37
spread	over	37
diseases	in	37
office	as	37
the	piano	37
the	financing	37
among	themselves	37
emailed	to	37
was	agreed	37
is	operated	37
four	of	37
operational	and	37
take	courses	37
few	exceptions	37
students	attending	37
national	parks	37
secretary	for	37
the	ecology	37
extends	to	37
representative	for	37
submitting	your	37
courses	may	37
founder	and	37
the	austrian	37
inquiry	into	37
under	international	37
conventional	wisdom	37
counseling	and	37
the	branches	37
to	addressing	37
an	alternative	37
people	take	37
target	audience	37
to	promote	37
cancer	screening	37
executed	by	37
and	solid	37
your	proposal	37
everyone	on	37
vote	against	37
is	constructed	37
appeal	is	37
his	men	37
card	or	37
are	attending	37
browser	does	37
richness	of	37
and	produces	37
carbon	footprint	37
of	voting	37
and	frequency	37
academic	research	37
exercises	and	37
the	silver	37
forced	into	37
the	clause	37
recommendations	that	37
cared	about	37
all	employees	37
the	failure	37
the	desktop	37
of	instructional	37
without	knowing	37
had	developed	37
and	narrow	37
brought	it	37
there	seems	37
communities	by	37
government	programs	37
mailing	lists	37
presentations	by	37
topics	covered	37
they	bring	37
following	an	37
sporting	events	37
for	normal	37
gun	violence	37
finish	in	37
done	using	37
and	landscape	37
we	run	37
depletion	of	37
research	efforts	37
the	cafeteria	37
this	web	37
been	chosen	37
three	parts	37
will	direct	37
the	planets	37
link	will	37
wary	of	37
also	told	37
requirement	in	37
rocks	and	37
made	great	37
revolves	around	37
some	extra	37
that	produced	37
an	infant	37
complying	with	37
vital	part	37
prayed	for	37
your	tax	37
god	made	37
figures	are	37
real	difference	37
makes	sure	37
had	written	37
every	bit	37
of	title	37
the	abolition	37
of	radical	37
entirely	in	37
power	or	37
can	deliver	37
kaiser	permanente	37
individuals	with	37
within	six	37
science	or	37
encompasses	the	37
excellence	award	37
many	options	37
investigation	is	37
can	spend	37
it	begins	37
and	actively	37
as	leaders	37
if	people	37
and	discrimination	37
help	patients	37
his	brothers	37
canada	is	37
use	those	37
medical	problems	37
the	api	37
the	scientific	37
birth	defects	37
certificate	and	37
special	guest	37
organization	was	37
your	clients	37
is	grateful	37
and	threatened	37
major	part	37
posted	at	37
that	climate	37
through	thursday	37
computer	labs	37
or	injury	37
sugar	and	37
and	adoption	37
as	time	37
while	all	37
its	residents	37
supplement	to	37
the	sec	37
may	enter	37
school	administrators	37
putting	together	37
one	occasion	37
goes	down	37
after	having	37
soft	and	37
comes	as	37
rooms	in	37
van	buren	37
readiness	to	37
martial	arts	37
economic	policy	37
conference	room	37
to	reward	37
beginning	on	37
health	departments	37
effective	communication	37
be	reflected	37
cooking	and	37
all	activities	37
in	smaller	37
and	painting	37
better	ways	37
passed	out	37
trials	are	37
about	specific	37
require	some	37
to	pump	37
times	it	37
studies	program	37
usually	be	37
remove	all	37
might	ask	37
displays	of	37
girl	with	37
his	arrival	37
performance	was	37
lead	them	37
breadth	and	37
for	existing	37
acres	and	37
book	award	37
you	tried	37
are	measured	37
yet	this	37
sin	is	37
they	worked	37
protest	against	37
we	strive	37
course	requirements	37
limits	and	37
assisted	living	37
to	substitute	37
opened	for	37
audience	members	37
together	they	37
his	arm	37
region	that	37
find	him	37
sell	or	37
atmospheric	administration	37
get	things	37
clinging	to	37
she	can	37
the	detroit	37
one	mile	37
weakness	of	37
if	god	37
state	legislators	37
them	until	37
new	homes	37
convenient	for	37
your	major	37
read	or	37
his	master	37
spending	in	37
the	tomb	37
this	data	37
for	completion	37
party	at	37
trust	fund	37
its	main	37
the	producer	37
someone	will	37
christmas	tree	37
they	enter	37
this	url	37
we	leave	37
roots	and	37
are	passed	37
attacks	against	37
everyone	that	37
so	too	37
the	ladder	37
not	end	37
business	school	37
other	small	37
the	mistake	37
the	philippine	37
guy	in	37
defense	against	37
majored	in	37
embarking	on	37
the	award-winning	37
for	herself	37
the	argument	37
and	millions	37
questions	at	37
their	situation	37
them	understand	37
intake	of	37
worship	and	37
our	new	37
it	simply	37
way	she	37
but	here	37
welcome	your	37
grown	into	37
is	typical	37
he	might	37
the	paintings	37
care	program	37
the	reserve	37
criticized	the	37
times	article	37
now	under	37
when	they're	37
included	are	37
and	saving	37
technique	that	37
its	nature	37
cells	were	37
latest	research	37
well	received	37
supporters	and	37
tenure	at	37
and	those	37
only	difference	37
the	cave	37
pass	this	37
morning	at	37
marriage	in	37
acknowledges	the	37
exhibits	and	37
fun	way	37
and	scott	37
we	grow	37
diverse	backgrounds	37
will	suffer	37
resume	to	37
discussion	that	37
their	mothers	37
concern	with	37
so	others	37
the	provincial	37
emissions	of	37
victim	to	37
medical	group	37
have	accomplished	37
not	depend	37
and	democrats	37
energy	resources	37
summer	school	37
copyright	and	37
sometimes	you	37
supervision	and	37
work	being	37
better	when	37
was	finished	37
research	laboratory	37
sales	are	37
loved	by	37
road	in	37
great	idea	37
and	conclusions	37
and	compete	37
blocking	the	37
and	chair	37
not	applicable	37
press	in	37
can't	imagine	37
agricultural	and	37
and	remote	37
received	their	37
at	large	37
the	navajo	37
this	operation	37
gold	medal	37
the	defensive	37
have	undergone	37
file	format	37
and	steve	37
been	honored	37
not	lead	37
of	handling	37
specialists	in	37
similarities	between	37
the	games	37
ignorance	of	37
formation	in	37
guilty	to	37
post	about	37
begins	on	37
her	community	37
utilized	to	37
we	passed	37
jump	in	37
anyone	is	37
assignments	and	37
still	going	37
the	period	37
yet	have	37
answer	these	37
handed	down	37
wind	up	37
blueprint	for	37
to	instill	37
the	prostate	37
very	great	37
simply	be	37
then	why	37
the	anterior	37
residence	life	37
the	materials	37
energy	source	37
want	their	37
of	addressing	37
recovery	in	37
can	complete	37
the	penn	37
or	put	37
technical	skills	37
harvard	law	37
the	tea	37
kicks	off	37
really	matter	37
mutually	beneficial	37
value	from	37
laid	off	37
central	park	37
grade	levels	37
have	full	37
american	library	37
english	or	37
hydraulic	fracturing	37
of	paris	37
tests	in	37
for	fiscal	37
who	taught	37
the	candidate	37
is	somehow	37
bowl	of	37
finds	himself	37
parents	can	37
judgment	is	37
once	he	37
by	passing	37
or	possibly	37
scholar	and	37
video	camera	37
his	plan	37
of	regulatory	37
the	supervisor	37
and	magazines	37
distribute	the	37
select	your	37
this	represents	37
for	leadership	37
visible	from	37
had	planned	37
off	our	37
federal	laws	37
were	divided	37
statue	of	37
bill	has	37
editor	at	37
seems	likely	37
national	assembly	37
chapters	in	37
course	covers	37
interpreting	the	37
an	interesting	37
no	legal	37
several	books	37
gift	cards	37
sentence	is	37
contact	between	37
was	calculated	37
this	latest	37
can	carry	37
in	fy	37
religious	belief	37
blame	the	37
their	vision	37
represent	an	37
individuals	will	37
goals	that	37
step	down	37
their	duties	37
you	save	37
prediction	of	37
he	described	37
by	staff	37
by	daniel	37
spatial	and	37
more	about	37
change	in	37
and	satisfaction	37
their	father	37
and	injuries	37
awards	are	37
disorders	and	37
we	began	37
in	childhood	37
same	number	37
senior	vice	37
your	employees	37
birds	of	37
researcher	in	37
by	chris	37
is	huge	37
get	those	37
them	well	37
treat	it	37
admission	of	37
call	to	37
on	education	37
material	was	37
as	someone	37
was	therefore	37
fight	with	37
tracking	and	37
of	ignorance	37
public	debate	37
and	peace	37
and	unable	37
beliefs	about	37
or	join	37
see	section	37
so	fast	37
several	key	37
eu	and	37
full	access	37
public	administration	37
local	organizations	37
the	reign	37
wednesday	night	37
acknowledged	the	37
are	beyond	37
sweet	and	37
disappearance	of	37
many	other	37
special	offers	37
upon	her	37
intended	as	37
more	broadly	37
ministry	in	37
of	transparency	37
please	make	37
for	generating	37
their	staff	37
providing	information	37
denied	that	37
within	walking	37
and	verbal	37
for	several	37
he	further	37
to	jerusalem	37
would	send	37
has	met	37
american	legion	37
costs	by	37
struck	me	37
honors	the	37
and	clinical	37
and	regional	37
department	was	37
relations	and	37
of	logic	37
korea	and	37
two	cases	37
in	exploring	37
educated	in	37
the	receiver	37
body	as	37
at	each	37
shop	in	37
them	without	37
the	path	37
nothing	short	37
and	cook	37
been	difficult	37
of	reconciliation	37
association	has	37
the	auto	37
that	surround	37
records	from	37
the	wind	37
inspired	me	37
close	relationship	37
their	desire	37
laboratory	of	37
launched	an	37
provide	financial	37
he	developed	37
with	joy	37
toured	the	37
remain	with	37
younger	brother	37
ensure	compliance	37
new	perspective	37
cancer	diagnosis	37
scientific	method	37
statistics	on	37
virus	is	37
should	find	37
in	saudi	37
turns	out	37
federal	spending	37
under	our	37
dollars	are	37
this	committee	37
human	genome	37
justified	in	37
american	express	37
health	research	37
west	coast	37
be	speaking	37
apple	is	37
not	move	37
looks	for	37
else	you	37
severe	weather	37
there	anything	37
his	writings	37
are	confident	37
software	package	37
new	drugs	37
illusion	of	37
would	keep	37
effective	ways	37
cost	per	37
reaction	of	37
of	cars	37
suit	against	37
hate	crimes	37
countries	like	37
he	chose	37
should	allow	37
their	traditional	37
gross	income	37
best	when	37
be	earned	37
filing	of	37
that	sounds	37
for	agriculture	37
his	view	37
their	private	37
down	here	37
as	anyone	37
high	pressure	37
structural	and	37
research	skills	37
of	gaza	37
has	inspired	37
johnson	said	37
their	cars	37
trajectory	of	37
too	old	37
the	fy	37
your	degree	37
computers	to	37
magnetic	fields	37
some	patients	37
button	and	37
two	states	37
that	directly	37
things	he	37
at	numerous	37
are	dealing	37
competition	with	37
the	short-term	37
report	said	37
with	approximately	37
announcing	the	37
about	ways	37
king	and	37
medical	degree	37
we	tried	37
meets	with	37
security	numbers	37
on	society	37
her	into	37
not	result	37
the	arrangement	37
long	distances	37
individually	and	37
students	seeking	37
reader	is	37
homes	are	37
be	verified	37
reasonable	and	37
this	analysis	37
of	common	37
on	air	37
appreciate	that	37
poet	and	37
and	adapt	37
cities	across	37
documentation	to	37
superintendent	of	37
commitment	is	37
pool	and	37
reading	your	37
her	phd	37
state	where	37
business	people	37
with	type	37
each	type	37
national	park	37
of	engagement	37
the	bishop	37
come	when	37
the	dorsal	37
tuition	for	37
for	extended	37
greater	risk	37
for	veterans	37
windows	media	37
procedure	that	37
and	land	37
the	salvation	37
medical	devices	37
bid	for	37
like	she	37
electronic	devices	37
the	role	37
address	them	37
with	evidence	37
because	he	37
about	human	37
thinks	the	37
validation	of	37
this	power	37
and	drop	37
the	crown	37
so	while	37
determine	that	37
ran	away	37
button	below	37
follow-up	to	37
can	focus	37
in	grand	37
could	actually	37
calendar	of	37
who	will	37
aging	and	37
opt	for	37
course	has	37
bad	idea	37
election	is	37
moved	back	37
hour	before	37
creative	ways	37
water	levels	37
find	my	37
being	sold	37
just	looking	37
prices	in	37
observing	the	37
his	appointment	37
are	specifically	37
so	now	37
people	still	37
the	ussr	37
we've	been	37
to	pretend	37
for	answers	37
care	programs	37
broken	into	37
policy	at	37
investigates	the	37
woodrow	wilson	37
medical	supplies	37
two	kinds	37
and	sounds	37
and	cheese	37
further	their	37
rio	grande	37
to	regard	37
not	reach	37
to	give	37
asylum	seekers	37
in	hollywood	37
system	design	37
and	dancing	37
wonderful	opportunity	37
following	areas	37
our	products	37
without	some	37
in	serving	37
before	leaving	37
in	nepal	37
and	dynamics	37
hometown	of	37
artificial	intelligence	37
reason	was	37
and	references	37
received	more	37
extremely	high	37
intent	is	37
providing	services	37
sub-saharan	africa	37
finding	is	37
issues	relating	37
that	ultimately	37
the	slide	37
its	business	37
super	bowl	37
implement	this	37
per	student	37
ambassador	to	37
your	content	37
facilities	that	37
communion	with	37
applicants	for	37
ecological	and	37
spirit	that	37
acquired	in	37
is	otherwise	37
could	well	37
the	residential	37
through	september	37
every	part	37
fire	is	37
of	colors	37
the	veterans	37
on	amazon	37
influenced	the	37
against	women	37
asked	by	37
of	democratic	37
who	teaches	37
the	ideals	37
which	enables	37
the	loss	37
the	science	37
the	protests	37
action	or	37
skill	of	37
the	story	37
the	forthcoming	37
waste	in	37
his	commitment	37
likely	will	37
this	measure	37
sample	size	37
forcing	the	37
to	answer	37
sciences	in	37
begins	by	37
information	services	37
this	experiment	37
your	physician	37
dark	matter	37
be	equipped	37
library	system	37
and	privacy	37
him	so	37
significantly	different	37
of	fraud	37
for	comments	37
conservation	and	37
makes	your	37
play	it	37
would	normally	37
have	dropped	37
handle	it	37
publish	the	37
snapshot	of	37
she	needed	37
the	liberty	37
also	announced	37
in	norway	37
go	wrong	37
first	child	37
victims	in	37
underway	to	37
of	rare	37
office	with	37
and	concrete	37
of	institutional	37
calendar	for	37
throughout	his	37
so	it's	37
yet	in	37
of	delivering	37
local	police	37
program	was	37
veteran	of	37
your	neighbors	37
boundary	of	37
of	psychological	37
of	palestinian	37
they	hope	37
count	toward	37
many	levels	37
many	events	37
foods	in	37
in	keeping	37
we	worked	37
time	management	37
originally	from	37
these	works	37
student	success	37
hand	out	37
service	area	37
losses	in	37
our	education	37
videos	on	37
and	finance	37
the	continental	37
occupational	therapy	37
state	employees	37
wild	animals	36
their	wives	36
court	on	36
drive	for	36
personal	data	36
coincides	with	36
by	checking	36
ran	for	36
scholarship	in	36
sell	them	36
turned	down	36
widely	in	36
how	much	36
during	those	36
of	emotions	36
the	solar	36
stay	healthy	36
the	episcopal	36
also	won	36
hard	as	36
land	use	36
excited	for	36
between	now	36
most	highly	36
as	separate	36
arguably	the	36
winner	will	36
follow	us	36
they	contain	36
both	these	36
come	over	36
to	impress	36
operating	room	36
twelve	months	36
research	grants	36
help	raise	36
mother	had	36
filling	in	36
after	treatment	36
best	use	36
motion	was	36
level	or	36
skill	in	36
of	knowledge	36
being	created	36
for	selecting	36
manipulate	the	36
conversations	and	36
adapting	to	36
also	able	36
these	techniques	36
social	media	36
work	directly	36
smith	said	36
scholarships	are	36
been	committed	36
concluded	with	36
was	similar	36
exit	the	36
now	there	36
making	him	36
music	in	36
and	destroyed	36
application	or	36
case	we	36
grow	our	36
previous	experience	36
that	determine	36
perception	that	36
terrorism	and	36
completed	with	36
case	may	36
effective	as	36
two	examples	36
visitors	from	36
to	end	36
then	when	36
makes	its	36
the	organism	36
or	village	36
development	has	36
matched	with	36
more	flexibility	36
to	certify	36
blue	cross	36
are	run	36
is	structured	36
past	summer	36
gather	in	36
are	approximately	36
individual	needs	36
impacts	and	36
all	directions	36
sharing	this	36
plants	were	36
agency	and	36
its	customers	36
or	federal	36
delight	in	36
you	reach	36
and	manuscript	36
sinn	fein	36
southeast	asian	36
the	resolution	36
for	raising	36
adams	state	36
our	program	36
relief	for	36
been	funded	36
other	federal	36
be	reserved	36
improve	student	36
or	international	36
turn	over	36
she	feels	36
one	being	36
wound	up	36
critical	analysis	36
new	feature	36
that	wants	36
the	functioning	36
this	vital	36
the	neighboring	36
improving	the	36
technique	of	36
no	greater	36
pride	of	36
english	translation	36
fact	sheets	36
met	her	36
cultural	differences	36
people's	lives	36
officers	are	36
areas	will	36
camps	and	36
highly	respected	36
to	paris	36
has	revealed	36
may	now	36
the	viability	36
that	thou	36
to	recommend	36
find	our	36
hotel	and	36
by	encouraging	36
the	device	36
the	womb	36
and	marine	36
cried	out	36
an	elite	36
was	moving	36
find	no	36
neighborhoods	and	36
attend	school	36
are	followed	36
itself	on	36
translations	of	36
of	votes	36
online	resource	36
lives	as	36
night	sky	36
the	pit	36
we	thank	36
recent	studies	36
summarized	in	36
working	within	36
to	join	36
reduce	costs	36
get	down	36
the	gateway	36
class	discussion	36
counter	the	36
the	chaos	36
be	worse	36
of	military	36
given	him	36
studies	on	36
found	themselves	36
was	playing	36
teams	that	36
on	north	36
still	think	36
in	article	36
action	network	36
won	by	36
this	pattern	36
work	is	36
seeing	this	36
someone	else's	36
encouragement	to	36
or	check	36
their	former	36
focuses	on	36
important	tool	36
and	entertaining	36
consideration	by	36
abuse	in	36
most	students	36
been	following	36
had	tried	36
suppress	the	36
lay	in	36
these	times	36
who	goes	36
years	when	36
see	anything	36
barriers	that	36
of	neurons	36
sorry	you	36
assertion	that	36
who	earned	36
by	natural	36
and	referral	36
waste	disposal	36
what	exactly	36
hotel	room	36
tax	bill	36
the	implementation	36
measured	and	36
bill	passed	36
spent	much	36
donation	will	36
ideal	of	36
your	social	36
of	struggle	36
health	professions	36
grant	applications	36
college	board	36
dissolution	of	36
and	governmental	36
choices	to	36
ever	get	36
and	closing	36
was	apparently	36
most	fundamental	36
had	decided	36
adobe	reader	36
volunteers	will	36
drivers	and	36
car	with	36
the	sensor	36
three	people	36
the	newspapers	36
its	third	36
which	require	36
collaboration	in	36
right	wing	36
my	role	36
may	offer	36
attribute	of	36
understand	the	36
that	tells	36
before	coming	36
use	standard	36
have	formed	36
and	simulation	36
of	dynamic	36
detailed	analysis	36
medical	director	36
registered	nurse	36
bible	is	36
us	get	36
phenomenon	of	36
students	could	36
opposite	direction	36
and	oversight	36
then	moved	36
widely	available	36
url	into	36
the	ceremony	36
his	wife	36
they	went	36
this	series	36
helping	our	36
also	does	36
their	normal	36
that	deal	36
surprised	if	36
by	running	36
gates	foundation	36
him	what	36
delays	in	36
in	view	36
two	times	36
relatively	high	36
collections	in	36
online	catalog	36
as	examples	36
one	would	36
the	departmental	36
best	results	36
we	spend	36
results	can	36
in	debt	36
is	proposing	36
their	influence	36
graduate	education	36
new	initiative	36
same	size	36
also	looking	36
and	addressing	36
consortium	for	36
debt	to	36
student	groups	36
the	commissioner	36
the	discovery	36
study	published	36
children	born	36
were	installed	36
an	arab	36
half	way	36
racism	and	36
should	seek	36
we	currently	36
do	your	36
the	ridge	36
flaws	in	36
as	chief	36
public	information	36
children	living	36
national	education	36
are	conducting	36
was	implemented	36
moment	for	36
not	answer	36
the	exit	36
portrayal	of	36
which	point	36
salmon	and	36
spirit	in	36
format	that	36
consumption	in	36
the	passengers	36
be	desired	36
physicians	in	36
third	place	36
animal	is	36
consumers	in	36
grief	and	36
agent	for	36
they	produce	36
drop	out	36
must	be	36
remove	any	36
the	gift	36
for	allowing	36
select	group	36
the	effort	36
financed	by	36
of	bone	36
unsure	of	36
longer	available	36
as	executive	36
for	verification	36
possessed	by	36
stop	there	36
the	rationale	36
jump	to	36
love	your	36
other	possible	36
landed	in	36
and	finish	36
taken	together	36
your	payment	36
in	essence	36
advisable	to	36
who	comes	36
front	lines	36
premiere	of	36
comfort	in	36
traced	to	36
giving	birth	36
senate	bill	36
option	that	36
problem	by	36
covered	include	36
ask	your	36
their	share	36
you	ready	36
your	commitment	36
first	term	36
suspicious	of	36
the	delegates	36
place	over	36
the	act	36
of	destruction	36
large	areas	36
sad	to	36
operations	for	36
who	didn't	36
such	issues	36
called	her	36
out	whether	36
sounds	like	36
or	college	36
my	brain	36
its	meaning	36
and	chemistry	36
no	known	36
remind	me	36
males	and	36
it's	too	36
just	make	36
goldman	sachs	36
was	represented	36
american	children	36
revolutionary	war	36
was	joined	36
committed	suicide	36
your	chances	36
and	singing	36
his	blog	36
and	managers	36
viewed	in	36
strengths	of	36
policy	decisions	36
lifestyle	changes	36
mortality	rates	36
dear	to	36
is	processed	36
the	needy	36
continue	until	36
this	plan	36
much	later	36
the	trap	36
that	ensures	36
more	sense	36
or	graduate	36
saw	them	36
that	identifies	36
did	their	36
every	corner	36
still	use	36
careful	not	36
met	his	36
stand	at	36
certificate	program	36
the	act	36
been	reached	36
distributed	by	36
text	on	36
in	anticipation	36
the	rhythm	36
assessment	is	36
desirable	to	36
fit	with	36
to	steer	36
once	was	36
loads	of	36
claims	for	36
but	certainly	36
go	outside	36
provides	services	36
pain	that	36
the	organization	36
first-year	students	36
not	run	36
visitors	are	36
requirements	as	36
david	is	36
tech	university	36
their	roles	36
questions	were	36
from	asia	36
perfect	time	36
creativity	in	36
the	town	36
the	contract	36
filed	an	36
the	cattle	36
socially	and	36
utah	state	36
the	cursor	36
under	review	36
faculty	research	36
organizations	as	36
could	probably	36
chapters	of	36
the	ipad	36
betterment	of	36
answering	the	36
now	able	36
best	care	36
makers	and	36
help	individuals	36
of	tasks	36
declared	the	36
grapple	with	36
will	enter	36
his	music	36
our	son	36
invitation	of	36
of	industrial	36
where	some	36
mouth	and	36
the	sixth	36
not	appropriate	36
the	liberty	36
nurses	to	36
the	sovereign	36
for	maintenance	36
and	consent	36
to	taste	36
of	absolute	36
this	thesis	36
lived	for	36
federal	agencies	36
and	reconciliation	36
political	life	36
three	areas	36
sale	at	36
our	old	36
the	continental	36
point	of	36
feeding	and	36
bind	to	36
concerns	over	36
are	vulnerable	36
he	thought	36
ceremony	at	36
discharge	of	36
the	steering	36
his	character	36
also	create	36
seeking	an	36
countries	were	36
why	these	36
christian	school	36
each	session	36
exactly	is	36
and	joe	36
he	serves	36
made	use	36
opinion	in	36
direct	access	36
tea	and	36
they	both	36
this	publication	36
of	baltimore	36
your	husband	36
shot	by	36
titles	of	36
thou	shalt	36
meet	them	36
donors	to	36
only	provide	36
instructor	in	36
and	excitement	36
could	feel	36
applied	by	36
proposal	was	36
new	techniques	36
share	her	36
road	from	36
these	options	36
with	down	36
the	homeless	36
proof	of	36
offer	our	36
of	silver	36
and	doctoral	36
for	truth	36
is	pursuing	36
tanks	and	36
tragedy	of	36
not	related	36
very	careful	36
them	here	36
and	rock	36
this	nature	36
the	hollywood	36
passion	to	36
acts	and	36
taking	the	36
sessions	with	36
concepts	are	36
be	initiated	36
only	make	36
and	dinner	36
the	dead	36
simulation	of	36
website	was	36
above	average	36
roads	in	36
themes	in	36
the	terrain	36
searching	for	36
chemical	society	36
knew	she	36
being	tested	36
buy	them	36
of	appreciation	36
can	range	36
each	team	36
clinical	care	36
is	chosen	36
of	meditation	36
by	entering	36
political	campaigns	36
other	kind	36
the	labor	36
that	capacity	36
these	lines	36
much	bigger	36
struggles	to	36
motor	vehicles	36
are	exploring	36
an	acute	36
the	nature	36
of	twenty	36
and	dozens	36
teams	will	36
the	lecture	36
eastern	and	36
i'm	also	36
an	appearance	36
our	spiritual	36
meet	other	36
the	reliability	36
in	denmark	36
this	file	36
appropriations	committee	36
just	four	36
resurrection	of	36
down	my	36
his	administration	36
link	that	36
these	values	36
university	center	36
certification	program	36
received	funding	36
would	improve	36
policy	making	36
particular	case	36
responsibilities	in	36
substance	abuse	36
scientists	have	36
while	his	36
educational	goals	36
an	anonymous	36
student	government	36
plot	of	36
main	point	36
at	oxford	36
our	field	36
other	locations	36
too	good	36
humans	to	36
ground	up	36
the	wording	36
attest	to	36
design	was	36
came	along	36
the	mistakes	36
possibility	is	36
control	or	36
and	enforce	36
their	writing	36
employment	and	36
committee	was	36
promoted	the	36
the	wounded	36
stories	for	36
it	failed	36
sequences	of	36
the	restrictions	36
studying	for	36
features	an	36
she	teaches	36
wednesday	at	36
with	ease	36
consultation	and	36
me	personally	36
kill	him	36
also	applies	36
the	modern	36
was	mostly	36
the	fetus	36
late	at	36
must	address	36
exchanges	and	36
the	figure	36
accomplishments	and	36
we	apply	36
professionals	are	36
contributions	are	36
property	values	36
provide	adequate	36
navy	and	36
in	homes	36
sent	an	36
rett	syndrome	36
european	parliament	36
results	obtained	36
on	schedule	36
downloaded	from	36
recreation	and	36
stand	by	36
our	upcoming	36
certain	number	36
is	compared	36
decision	support	36
offer	their	36
the	doctor	36
possible	because	36
call	your	36
reason	you	36
now	living	36
an	arrangement	36
stories	on	36
also	choose	36
me	tell	36
continuous	improvement	36
your	rating	36
their	regular	36
info	about	36
final	version	36
paul	was	36
their	numbers	36
our	parents	36
categories	are	36
or	elsewhere	36
freedom	is	36
of	independence	36
consortium	of	36
we	lived	36
the	black	36
the	scientific	36
listed	under	36
and	broken	36
different	cultures	36
they	too	36
recent	report	36
the	cal	36
assigned	by	36
the	boys	36
place	the	36
committee	member	36
companies	can	36
new	areas	36
his	third	36
pieces	are	36
users	have	36
chances	to	36
in	marketing	36
citizens	united	36
when	those	36
that	hold	36
she	really	36
be	moving	36
up	any	36
use	when	36
particularly	useful	36
and	cast	36
the	corruption	36
to	test	36
defend	their	36
were	expected	36
holy	father	36
firm	that	36
water	level	36
of	medications	36
cultural	diversity	36
coach	and	36
every	major	36
paste	this	36
white	man	36
is	readily	36
through	several	36
previous	studies	36
also	must	36
at	western	36
now	there	36
tell	what	36
safely	and	36
un	and	36
else	will	36
own	experiences	36
and	vegetable	36
can	submit	36
would	feel	36
from	africa	36
was	merely	36
the	jungle	36
have	shared	36
her	love	36
are	below	36
file	an	36
the	ms	36
we	looked	36
corporate	tax	36
only	possible	36
had	another	36
is	detected	36
achieve	these	36
expands	the	36
accounts	are	36
topics	as	36
an	intelligent	36
lifestyle	and	36
of	murder	36
with	such	36
the	metropolitan	36
age	at	36
south	boston	36
have	run	36
its	initial	36
civil	disobedience	36
putting	up	36
of	biomedical	36
beings	and	36
apart	and	36
by	moving	36
he	looked	36
civilians	and	36
avoid	this	36
they	develop	36
damage	in	36
is	founded	36
happy	hour	36
of	columbus	36
however	it	36
concern	over	36
gates	of	36
health	plan	36
learning	outcomes	36
discuss	some	36
unusual	for	36
less	important	36
medical	centers	36
provides	links	36
loyola	university	36
received	your	36
your	input	36
students	understand	36
find	his	36
close	to	36
and	discipline	36
struck	the	36
made	between	36
disciples	of	36
authorities	in	36
black	people	36
devices	for	36
consistent	with	36
the	charter	36
tremendous	amount	36
are	raised	36
visit	this	36
been	demonstrated	36
the	ccp	36
encounters	with	36
defense	and	36
expelled	from	36
ended	june	36
and	climate	36
tufts	university	36
one	foot	36
republicans	have	36
statements	about	36
their	sexual	36
meeting	held	36
minute	of	36
seminar	is	36
other	conditions	36
the	empirical	36
have	additional	36
assumptions	and	36
she	learned	36
the	rewards	36
crime	is	36
message	subject	36
mayo	clinic	36
to	enlarge	36
structures	are	36
touch	on	36
your	pet	36
be	gained	36
the	consequence	36
relatives	of	36
the	legitimate	36
bacteria	that	36
resorted	to	36
the	cultivation	36
police	and	36
they	arrived	36
resolving	the	36
reason	or	36
your	contribution	36
been	denied	36
an	elderly	36
the	earth's	36
is	exciting	36
make	progress	36
takes	care	36
an	endorsement	36
which	produces	36
semesters	of	36
or	third	36
allow	people	36
experimental	data	36
the	festival	36
digital	camera	36
all	sizes	36
and	heritage	36
not	bring	36
more	children	36
in	advancing	36
asian	pacific	36
standard	is	36
meaning	is	36
owners	in	36
the	guise	36
traffic	control	36
blue	ridge	36
email	list	36
stem	cell	36
are	standing	36
adequate	to	36
without	even	36
dialogue	about	36
that	night	36
after	world	36
can	kill	36
house	has	36
el	niño	36
diagnosis	is	36
detailing	the	36
other	diseases	36
gmt	accept-ranges	36
the	hotel	36
cameras	and	36
your	trip	36
the	bread	36
second	semester	36
of	zero	36
nose	and	36
desired	to	36
enforcement	officers	36
enough	information	36
with	developmental	36
can	teach	36
these	plants	36
music	director	36
the	balkans	36
their	organizations	36
their	development	36
deer	and	36
people	without	36
this	grant	36
must	demonstrate	36
strong	as	36
face	it	36
we	enter	36
this	difficult	36
million	dollar	36
soldiers	who	36
and	carefully	36
publisher	of	36
an	agenda	36
existence	is	36
and	convenient	36
remained	at	36
and	transgender	36
national	public	36
hall	and	36
of	beer	36
be	deployed	36
limits	to	36
have	published	36
by	dan	36
and	thoughtful	36
most	impressive	36
the	charitable	36
an	attitude	36
also	called	36
stopped	at	36
your	card	36
making	some	36
the	printer	36
those	questions	36
blessing	to	36
verified	by	36
cite	the	36
viewers	to	36
care	plans	36
it	starts	36
can	decide	36
we	turn	36
the	worlds	36
this	review	36
assure	the	36
the	object	36
local	laws	36
their	beliefs	36
vice	chair	36
the	similarities	36
energy	needs	36
dimension	to	36
will	succeed	36
of	complaints	36
notify	you	36
that	influence	36
consumed	by	36
rests	on	36
as	general	36
rose	from	36
by	may	36
sing	the	36
interface	and	36
up	before	36
more	in-depth	36
the	debate	36
methodology	for	36
and	corruption	36
after	working	36
client	to	36
arms	of	36
phd	from	36
who	give	36
on	charges	36
remembered	that	36
editors	of	36
this	specific	36
you	desire	36
on	demand	36
us	do	36
lessen	the	36
enjoys	the	36
american	dream	36
permitted	in	36
has	actually	36
of	fire	35
bond	with	35
will	kill	35
after	three	35
correspond	with	35
this	partnership	35
nothing	at	35
and	newspapers	35
programs	may	35
innovative	approaches	35
far	from	35
as	essential	35
relatively	simple	35
teachers	will	35
continue	its	35
and	supervision	35
successful	career	35
fiscal	policy	35
this	definition	35
which	serves	35
special	focus	35
coordinator	at	35
exam	is	35
stabilize	the	35
the	petitioner	35
training	was	35
obama	said	35
they	expect	35
obtaining	the	35
orders	to	35
now	use	35
donations	of	35
by	national	35
next	year's	35
website	has	35
responses	from	35
also	performed	35
our	residents	35
be	talking	35
streets	in	35
drinks	and	35
and	torture	35
on	vimeo	35
major	source	35
anyone	can	35
up	now	35
china	sea	35
blog	about	35
do	both	35
republicans	in	35
clinical	experience	35
counsel	and	35
let	our	35
from	happening	35
inquiry	and	35
hardly	be	35
positive	or	35
supply	is	35
the	variation	35
significance	to	35
not	one	35
chronic	illness	35
step	into	35
christians	who	35
answering	questions	35
peak	of	35
no	easy	35
considering	that	35
notice	is	35
job	skills	35
stories	with	35
color	is	35
of	tumor	35
and	tear	35
with	former	35
in	press	35
correct	answer	35
authorities	have	35
associate	dean	35
for	preventing	35
are	attempting	35
while	taking	35
to	hell	35
theatre	in	35
email	updates	35
fit	your	35
great	resource	35
might	like	35
honesty	and	35
issues	which	35
student	work	35
productivity	of	35
now	if	35
has	indicated	35
published	online	35
were	having	35
the	diplomatic	35
certain	extent	35
the	selection	35
to	abolish	35
visualize	the	35
consecutive	years	35
equality	in	35
four	years	35
open	our	35
all	matters	35
and	geographic	35
emerging	from	35
has	stated	35
survival	rates	35
will	investigate	35
in	deep	35
friendship	with	35
for	chinese	35
have	observed	35
majors	in	35
pass	it	35
residents	with	35
computing	and	35
the	johns	35
employment	with	35
their	classes	35
the	mud	35
an	endowment	35
to	disagree	35
estimating	the	35
attitudes	of	35
main	page	35
all	members	35
in	captivity	35
coordinated	with	35
our	model	35
liaison	to	35
communities	with	35
oak	ridge	35
the	uterus	35
partners	in	35
the	higher	35
class	action	35
counts	as	35
and	honored	35
each	event	35
extensively	on	35
national	government	35
and	writing	35
first	page	35
scope	for	35
research	guides	35
train	station	35
cities	have	35
of	relief	35
offer	more	35
administers	the	35
recent	weeks	35
our	alumni	35
molecular	biology	35
should	bring	35
other	great	35
liked	it	35
thinking	on	35
opening	ceremony	35
of	operations	35
somewhere	between	35
investment	is	35
be	asking	35
never	felt	35
photo	credit	35
rehabilitation	of	35
national	committee	35
emergency	management	35
following	two	35
around	campus	35
and	tells	35
to	ship	35
crops	in	35
fashion	and	35
the	word	35
satisfies	the	35
demand	is	35
the	row	35
countries	such	35
this	seminar	35
the	distribution	35
employee	who	35
artists	from	35
with	poor	35
shots	of	35
this	search	35
interplay	between	35
shipped	to	35
and	returning	35
risk	assessments	35
greatly	from	35
history	has	35
and	inclusive	35
are	managed	35
got	there	35
hearing	aids	35
big	business	35
bars	and	35
session	was	35
an	orientation	35
of	applicants	35
contains	more	35
also	needs	35
editing	and	35
mention	in	35
constraints	of	35
mobility	and	35
more	carefully	35
and	carrying	35
not	willing	35
course	offerings	35
technical	issues	35
targeted	by	35
unless	he	35
she	taught	35
take	another	35
unfamiliar	with	35
the	foreseeable	35
may	very	35
the	uae	35
and	accounting	35
languages	and	35
tools	for	35
view	our	35
tumor	cells	35
god	did	35
qualified	applicants	35
working	knowledge	35
it's	also	35
punishment	for	35
clinical	research	35
the	guitar	35
concerts	and	35
lost	all	35
army	in	35
many	national	35
population	was	35
new	equipment	35
talk	show	35
got	this	35
comma	separates	35
more	relevant	35
expand	on	35
school	programs	35
none	other	35
is	expanding	35
he	led	35
was	reduced	35
anticipated	to	35
time	without	35
process	may	35
to	transmit	35
the	richness	35
not	readily	35
trucks	and	35
sessions	for	35
the	folder	35
his	farm	35
of	securing	35
introduce	you	35
you	think	35
geographic	information	35
she	works	35
we	discovered	35
be	acknowledged	35
and	reward	35
attack	is	35
per	game	35
to	bother	35
the	interplay	35
take	charge	35
are	honored	35
primary	responsibility	35
mining	and	35
dictated	by	35
of	steel	35
the	designation	35
is	felt	35
overwhelming	majority	35
office	has	35
networks	that	35
be	offering	35
of	sorts	35
in	breast	35
really	cool	35
resolved	by	35
white	blood	35
their	works	35
will	pick	35
meet	those	35
the	entries	35
statement	by	35
close	enough	35
be	terminated	35
stores	in	35
he	completed	35
finding	it	35
workshops	will	35
slower	than	35
you	seen	35
states	should	35
figure	it	35
realizing	that	35
turned	his	35
hatred	and	35
who	loves	35
of	quantum	35
marine	life	35
his	writing	35
an	account	35
became	interested	35
what	do	35
last	couple	35
and	unemployment	35
and	reputation	35
content	skip	35
the	peoples	35
the	coastal	35
left	them	35
functions	for	35
or	improve	35
to	reconnect	35
she	gets	35
regularly	and	35
use	its	35
who	recently	35
of	change	35
opted	to	35
your	garden	35
the	courses	35
that's	all	35
the	exemption	35
well-being	and	35
for	citizens	35
and	treatment	35
science	degree	35
the	workings	35
widely	accepted	35
insurance	plan	35
this	model	35
software	engineering	35
first	issue	35
their	side	35
protect	themselves	35
spend	most	35
that	statement	35
each	chapter	35
the	artwork	35
ethics	of	35
into	smaller	35
move	it	35
of	nitrogen	35
science	research	35
police	force	35
inch	of	35
even	before	35
the	open	35
dictionary	of	35
to	emulate	35
bring	him	35
was	hosted	35
is	concluded	35
their	ancestors	35
assessed	the	35
the	lid	35
the	virtues	35
fortunate	enough	35
the	exploration	35
offer	them	35
said	michael	35
the	rules	35
authors	are	35
of	inspiration	35
new	class	35
has	the	35
his	professional	35
the	polar	35
consul	general	35
the	confederacy	35
accepts	the	35
leaders	were	35
protect	it	35
the	teacher	35
pictures	on	35
fordham	university	35
open	it	35
the	outstanding	35
by	october	35
day	at	35
digital	media	35
or	search	35
who	believes	35
when	i'm	35
she	took	35
are	viewed	35
carries	out	35
many	local	35
asian	countries	35
the	pavement	35
really	about	35
the	bachelor	35
post-traumatic	stress	35
about	food	35
council	meeting	35
at	conferences	35
the	discourse	35
and	enjoyable	35
became	aware	35
noted	by	35
blown	away	35
exhibitions	and	35
had	sent	35
lot	easier	35
environmental	sustainability	35
provides	us	35
an	audio	35
to	sin	35
person	from	35
north	atlantic	35
the	head	35
for	primary	35
even	so	35
talent	for	35
indications	of	35
opened	its	35
for	customers	35
ohio	university	35
and	enjoyment	35
what	comes	35
interest	from	35
adhering	to	35
to	murder	35
so	long	35
after	taking	35
next	week	35
children	would	35
imagine	how	35
different	places	35
over	twenty	35
report	card	35
take	note	35
and	seasonal	35
than	eight	35
new	media	35
with	almost	35
data	is	35
own	unique	35
engineering	department	35
the	ears	35
governance	of	35
following	form	35
very	significant	35
comprise	the	35
fail	in	35
that	effort	35
define	and	35
the	debates	35
cap	and	35
and	prospective	35
the	trick	35
concrete	and	35
ago	with	35
get	too	35
administration	from	35
the	prescribed	35
economic	policy	35
can	avoid	35
flora	and	35
facility	at	35
by	his	35
discounts	and	35
are	ways	35
index	is	35
who	receives	35
too	difficult	35
his	duties	35
talents	of	35
contained	within	35
disregard	for	35
villages	in	35
emergency	preparedness	35
miles	west	35
and	activist	35
from	france	35
or	nothing	35
with	english	35
attach	to	35
we	explore	35
of	alumni	35
their	goal	35
in	assessing	35
qualities	that	35
whether	it's	35
their	nature	35
wanted	me	35
jointly	by	35
in	counseling	35
the	sacred	35
modern	art	35
their	sense	35
be	appreciated	35
and	physiological	35
it	features	35
patients	can	35
don't	mind	35
have	attempted	35
module	is	35
being	placed	35
are	driven	35
of	consciousness	35
of	conventional	35
drug	companies	35
and	intervention	35
comments	off	35
talented	and	35
for	sending	35
they	pay	35
full	force	35
legal	services	35
calendar	days	35
others	about	35
ingredients	in	35
human	consumption	35
relief	efforts	35
will	extend	35
live	under	35
drawings	and	35
same	question	35
percent	over	35
her	voice	35
you	did	35
spent	some	35
the	pan	35
medical	equipment	35
teachers	can	35
quality	of	35
the	primitive	35
she	died	35
of	judges	35
the	foreground	35
dealing	with	35
rights	activists	35
would	choose	35
they	create	35
the	innocent	35
four	year	35
assumption	of	35
finally	got	35
been	fighting	35
lacked	the	35
student	needs	35
through	such	35
is	incorporated	35
reflect	upon	35
busy	and	35
but	simply	35
pay	an	35
certificates	and	35
files	from	35
insurance	company	35
and	respectful	35
its	financial	35
fleet	of	35
or	event	35
the	notice	35
meal	plan	35
participation	is	35
those	with	35
short	film	35
of	light	35
and	frequent	35
voting	rights	35
are	further	35
not	suitable	35
from	five	35
library	at	35
objections	to	35
determine	who	35
and	unexpected	35
will	walk	35
in	internal	35
cited	the	35
candidates	must	35
stranger	to	35
members	shall	35
encouragement	and	35
issues	were	35
advanced	placement	35
to	repent	35
decreasing	the	35
been	cut	35
make	clear	35
she	died	35
judiciary	committee	35
roll	out	35
think	critically	35
customers	who	35
attend	an	35
also	identified	35
and	turning	35
on	finding	35
foreseeable	future	35
be	reversed	35
within	minutes	35
ministry	to	35
the	fleet	35
groups	from	35
different	story	35
test	will	35
was	injured	35
the	berlin	35
this	brief	35
new	developments	35
so	difficult	35
sell	it	35
of	addiction	35
next	one	35
and	insects	35
open	your	35
is	featured	35
speaks	with	35
each	course	35
educational	system	35
several	more	35
detected	by	35
immigrants	to	35
interesting	things	35
living	with	35
some	issues	35
scroll	down	35
that	link	35
and	careers	35
was	the	35
note	is	35
binding	sites	35
whole	body	35
render	the	35
at	room	35
why	was	35
fine	for	35
the	indian	35
the	grand	35
sought	after	35
mother	earth	35
scrutiny	of	35
member	countries	35
higher	learning	35
both	were	35
very	very	35
department	head	35
big	step	35
ownership	in	35
screen	in	35
masters	of	35
originate	from	35
it	follows	35
leadership	team	35
strain	of	35
judges	and	35
implication	of	35
of	little	35
other	party	35
planning	board	35
blog	so	35
service	organizations	35
without	giving	35
while	keeping	35
seminar	in	35
nature	conservancy	35
where	everyone	35
human	right	35
our	good	35
two	minutes	35
east	coast	35
users	can	35
for	carrying	35
anything	at	35
run	it	35
should	still	35
all	disciplines	35
itself	from	35
characteristics	that	35
great	care	35
concept	in	35
or	text	35
landed	on	35
have	arrived	35
are	happening	35
is	experiencing	35
damage	is	35
borrowed	from	35
over	how	35
instruments	of	35
room	or	35
support	research	35
my	health	35
who	won	35
threshold	for	35
the	uniform	35
also	participate	35
drive	from	35
public	works	35
black	man	35
the	ideal	35
image	processing	35
who	contributed	35
your	age	35
video	clip	35
ignored	the	35
be	cited	35
was	glad	35
heritage	foundation	35
certain	conditions	35
laws	of	35
any	idea	35
in	solving	35
in	soil	35
west	and	35
were	coming	35
army	and	35
to	depart	35
does	seem	35
delivering	the	35
clear	about	35
committee	members	35
in	accord	35
capital	markets	35
player	and	35
light	rail	35
god	wants	35
default	is	35
the	automatic	35
tired	and	35
lessons	to	35
we	are	35
chairs	and	35
in	british	35
russia	is	35
enjoyed	this	35
innovative	ways	35
natural	gas	35
awful	lot	35
got	her	35
its	course	35
withdrawn	from	35
was	applied	35
the	msu	35
are	served	35
system	should	35
or	individuals	35
if	they're	35
producers	of	35
can	promote	35
vanderbilt	university	35
women	should	35
accountability	for	35
difficulty	with	35
their	course	35
employment	for	35
relatives	and	35
located	on	35
ship	and	35
transport	and	35
can	speak	35
ever	so	35
not	possess	35
call	number	35
married	couples	35
undergraduate	program	35
graphics	and	35
of	henry	35
the	narrator	35
just	enough	35
of	cellular	35
was	conceived	35
was	near	35
strengthen	our	35
the	quest	35
the	larger	35
biological	diversity	35
boy	is	35
position	was	35
or	add	35
requires	more	35
showed	us	35
and	specialty	35
this	side	35
the	peer	35
its	operations	35
provides	support	35
they	often	35
the	individual's	35
doctors	to	35
professional	training	35
if	my	35
and	customer	35
affect	our	35
material	will	35
communities	around	35
by	statute	35
the	costs	35
toll	on	35
occupation	and	35
which	ones	35
the	shower	35
that	stuff	35
for	justice	35
town	was	35
expecting	to	35
the	genre	35
could	hardly	35
competence	in	35
must	keep	35
if	there's	35
driver's	license	35
to	haiti	35
specially	designed	35
the	federation	35
military	has	35
demanded	that	35
data	processing	35
excel	in	35
as	my	35
among	some	35
rapidly	and	35
law	does	35
riding	the	35
temperature	in	35
much	too	35
two	weeks	35
location	at	35
books	have	35
forest	management	35
as	shown	35
got	all	35
the	unit	35
their	thinking	35
tissue	is	35
extensive	research	35
separates	multiple	35
in	accounting	35
understand	them	35
broadcast	on	35
applicants	should	35
lively	and	35
northern	part	35
come	before	35
interactive	and	35
the	cabinet	35
induction	of	35
fraught	with	35
everybody	else	35
the	fellowship	35
the	wheat	35
same	effect	35
membership	in	35
was	revealed	35
their	partners	35
can	pass	35
of	portland	35
cold	weather	35
their	marriage	35
recreational	activities	35
international	space	35
so	then	35
modeling	of	35
of	folks	35
people	were	35
gas	tax	35
they	eat	35
and	phd	35
framework	for	35
are	unknown	35
his	room	35
of	chemotherapy	35
hotel	is	35
your	staff	35
medical	education	35
looked	around	35
minimally	invasive	35
appears	as	35
mapping	and	35
basic	knowledge	35
coincided	with	35
complex	issues	35
was	suggested	35
this	facility	35
trial	for	35
of	tobacco	35
their	age	35
the	ut	35
scene	is	35
bulletin	board	35
publications	are	35
up	every	35
games	that	35
help	these	35
competing	for	35
draw	from	35
contamination	of	35
neither	the	35
talk	about	35
reform	is	35
since	january	35
be	proved	35
of	martin	35
the	eligibility	35
resemblance	to	35
kitchen	and	35
currently	at	35
dead	in	35
agricultural	production	35
of	preparing	35
prayer	is	35
look	through	35
do	not	35
by	jim	35
resources	can	35
machine	is	35
yet	not	35
just	started	35
today	we	35
and	physical	35
of	noise	35
authenticity	of	35
courts	to	35
from	inside	35
were	appointed	35
with	dignity	35
the	sky	35
the	dual	35
labor	statistics	35
series	will	35
courses	or	35
of	yours	35
which	provided	35
cattle	and	35
as	adults	35
the	mechanics	35
be	significantly	35
advantage	over	35
villages	and	35
in	organizing	35
and	aggressive	35
from	virginia	35
arose	from	35
inside	your	35
of	collecting	35
primary	purpose	35
follow	us	35
is	introduced	35
nothing	can	35
was	tested	35
has	returned	35
engage	students	35
basic	rights	35
will	issue	35
army	in	35
sooner	than	35
and	interior	35
not	involved	35
under	threat	35
leader	who	35
religious	liberty	35
the	navigation	35
and	joseph	35
suggestion	of	35
then	asked	35
to	guard	35
doctor	about	35
in	god's	35
be	assumed	35
the	town's	35
is	valuable	35
admissions	process	35
their	mind	35
university	law	35
and	expert	35
locations	throughout	35
perhaps	not	35
the	golden	35
specialists	and	35
social	welfare	35
faculty	have	35
action	for	35
will	reveal	35
family	home	35
students	use	35
growth	has	35
follow	their	35
stationed	in	35
education	program	35
an	editorial	35
occurred	during	35
failed	in	35
with	environmental	35
reception	of	35
will	discover	35
specification	of	35
financing	and	35
voice	is	35
during	these	35
is	moved	35
in	chile	35
any	work	35
to	external	35
financial	times	35
services	administration	35
might	actually	35
groups	such	35
went	away	35
the	diagram	35
beer	and	35
the	seats	35
the	appalachian	35
of	muslims	35
policy	research	35
we	approach	35
originated	from	35
removed	in	35
our	brains	35
independence	from	35
spent	at	35
courts	in	35
be	labeled	35
meetings	will	35
our	international	35
he	answered	35
doing	some	35
none	average	35
broken	and	35
the	heart	35
admissions	office	35
american	revolution	35
the	views	35
not	serve	35
public	use	35
product	was	35
this	notice	35
also	met	35
of	adam	35
the	accumulation	35
on	helping	35
meeting	on	35
of	love	35
he	teaches	35
five	year	35
also	led	35
catching	up	35
and	ordered	35
tested	by	35
until	december	35
justified	by	35
will	honor	35
philadelphia	and	35
bases	in	35
not	adequately	35
van	der	35
votes	to	35
the	old	35
get	home	35
do	without	35
each	one	35
complaints	about	35
understood	to	35
their	site	35
measure	is	35
tree	of	35
departments	in	35
the	business	35
and	mixed	35
they	spend	35
proposed	rules	35
for	jewish	35
of	appeal	35
immune	cells	35
investments	and	35
real	or	35
certificate	to	35
be	finished	35
why	can't	35
and	instructional	35
cessation	of	35
my	eye	34
choose	their	34
art	gallery	34
minute	to	34
winds	and	34
and	junior	34
have	liked	34
is	supplied	34
the	journal	34
they've	been	34
the	nsf	34
the	verb	34
many	species	34
sisters	and	34
tamil	nadu	34
receive	any	34
generally	accepted	34
writing	process	34
simplify	the	34
our	ancestors	34
efficient	way	34
owners	who	34
medical	schools	34
electrical	and	34
especially	among	34
two	courses	34
some	were	34
supplies	for	34
more	conservative	34
the	code	34
and	observations	34
status	for	34
the	shoulders	34
for	solving	34
and	progressive	34
wondering	how	34
are	acceptable	34
operations	that	34
by	joseph	34
states	will	34
addressing	this	34
distinguished	service	34
for	serious	34
world	view	34
the	flat	34
stress	that	34
and	power	34
him	over	34
with	images	34
of	enrollment	34
on	our	34
should	submit	34
new	buildings	34
been	hard	34
when	his	34
an	endless	34
learned	at	34
definitely	be	34
kept	his	34
you	ought	34
of	lincoln	34
by	paying	34
without	taking	34
and	shipping	34
me	realize	34
sale	in	34
you	wouldn't	34
twenty	years	34
their	spouses	34
kill	them	34
survival	rate	34
natural	sciences	34
term	used	34
way	toward	34
my	doctor	34
young	lady	34
slightly	higher	34
of	regulation	34
program	requires	34
attorney	and	34
don't	forget	34
be	diagnosed	34
to	bid	34
viewed	from	34
who	found	34
same	age	34
the	architectural	34
also	ask	34
like	how	34
to	cite	34
campaign	was	34
american	literature	34
we're	going	34
found	him	34
political	agenda	34
his	letter	34
appeared	as	34
for	clinical	34
peace	is	34
lump	sum	34
of	transmission	34
engages	in	34
translational	research	34
interface	with	34
the	cap	34
program	evaluation	34
is	familiar	34
of	danger	34
of	operation	34
polytechnic	institute	34
bring	the	34
probably	will	34
with	global	34
are	explored	34
to	eradicate	34
process	called	34
so	that's	34
for	residential	34
or	groups	34
seen	an	34
the	textbook	34
the	ease	34
who	find	34
literacy	skills	34
and	donors	34
first	introduced	34
that	farmers	34
insists	that	34
not	play	34
indigenous	people	34
be	anything	34
the	perimeter	34
which	brought	34
the	religious	34
view	cart	34
other	people's	34
for	qualified	34
pay	them	34
our	allies	34
the	classroom	34
two	days	34
another	thing	34
boxes	of	34
this	truth	34
for	people	34
written	permission	34
take	notes	34
everywhere	and	34
not	eat	34
ships	and	34
second	week	34
critical	component	34
in	pairs	34
the	firm	34
savings	to	34
accessibility	of	34
an	exploration	34
raising	money	34
payments	and	34
the	pipe	34
be	demonstrated	34
in	pediatric	34
be	translated	34
leadership	that	34
browser	and	34
language	as	34
all	stakeholders	34
it's	one	34
off	her	34
introduces	students	34
his	shoulder	34
is	tested	34
for	reform	34
my	point	34
then	became	34
with	legal	34
other	elements	34
korean	war	34
voices	of	34
several	major	34
at	johns	34
shall	come	34
boko	haram	34
encouraged	me	34
there	exists	34
for	black	34
must	begin	34
we	remain	34
letter	from	34
of	digital	34
considering	the	34
really	an	34
been	supported	34
also	leads	34
search	by	34
finished	his	34
infrastructure	is	34
at	city	34
cloud	of	34
is	continually	34
infectious	disease	34
portraits	of	34
breeding	season	34
and	yellow	34
than	another	34
family	law	34
these	workers	34
meet	him	34
perhaps	they	34
previous	work	34
an	aircraft	34
our	elected	34
lifetime	achievement	34
relegated	to	34
phd	program	34
to	overthrow	34
message	on	34
in	responding	34
to	navigate	34
guise	of	34
we	always	34
al	gore	34
be	accessible	34
home	runs	34
of	references	34
by	political	34
posted	online	34
the	danish	34
fuel	cells	34
from	these	34
never	give	34
doing	an	34
grow	their	34
this	last	34
would	involve	34
application	was	34
was	convicted	34
juniors	and	34
races	and	34
managing	editor	34
getting	this	34
veterans	who	34
be	delayed	34
so	low	34
neglect	of	34
master's	degree	34
the	yankees	34
new	materials	34
is	worthy	34
criminal	activity	34
the	emperor	34
cannot	guarantee	34
to	discern	34
your	identity	34
news	service	34
big	screen	34
those	seeking	34
give	out	34
is	stated	34
faculty	or	34
further	information	34
committee	has	34
an	album	34
across	america	34
for	signs	34
that	drive	34
my	room	34
child	marriage	34
the	ny	34
an	earthquake	34
community	colleges	34
how	difficult	34
invitations	to	34
will	fund	34
wiped	out	34
being	able	34
humanity	and	34
years	back	34
the	honor	34
their	control	34
into	groups	34
knew	him	34
after	july	34
codes	of	34
america	as	34
also	come	34
discussed	by	34
was	evident	34
reason	they	34
recent	book	34
and	visiting	34
that	appeared	34
go	further	34
increases	with	34
the	paths	34
expect	you	34
given	rise	34
released	its	34
from	anywhere	34
erosion	of	34
and	retirement	34
will	represent	34
philosophy	and	34
become	known	34
firms	that	34
were	associated	34
it's	still	34
his	ideas	34
provision	is	34
certification	is	34
the	torah	34
nor	are	34
how	well	34
seeing	it	34
this	practice	34
asking	you	34
start	using	34
given	year	34
guides	to	34
executive	board	34
i'm	doing	34
capacity	is	34
the	el	34
information	here	34
other	environmental	34
online	access	34
with	our	34
delegates	to	34
policy	institute	34
remarked	that	34
of	television	34
can	seem	34
distribution	system	34
my	dad	34
asian	americans	34
receive	notifications	34
and	peaceful	34
getting	an	34
were	you	34
of	greek	34
show	will	34
are	obviously	34
winners	and	34
be	ashamed	34
are	significantly	34
adoption	and	34
border	with	34
algorithm	is	34
england	in	34
chicago	tribune	34
targeted	to	34
our	event	34
the	designer	34
can	attend	34
can	prove	34
button	in	34
ground	that	34
be	supplied	34
views	are	34
three	minutes	34
we	recognize	34
to	alert	34
clear	up	34
legal	profession	34
office	on	34
also	started	34
the	client	34
so	successful	34
totally	different	34
follow	your	34
these	differences	34
been	playing	34
held	responsible	34
air	force	34
temple	university	34
one	class	34
is	mentioned	34
questions	concerning	34
my	experiences	34
been	actively	34
who	supported	34
their	daughters	34
of	divine	34
been	largely	34
the	tab	34
civilians	in	34
safer	and	34
leadership	on	34
name	change	34
sports	medicine	34
discussion	at	34
sports	medicine	34
and	doctors	34
museum	in	34
and	nutritional	34
call	home	34
los	alamos	34
outskirts	of	34
his	private	34
be	reimbursed	34
disability	services	34
fifth	of	34
keeping	it	34
local	media	34
often	found	34
your	readers	34
recovery	and	34
children	should	34
all	while	34
utilities	commission	34
shopping	and	34
viagra	online	34
within	these	34
for	paying	34
successfully	added	34
negotiate	with	34
glory	and	34
is	quickly	34
are	threatened	34
officer	and	34
made	only	34
travel	is	34
clinical	and	34
discussed	above	34
emerged	in	34
think	your	34
adaptation	to	34
hear	you	34
sit	at	34
the	history	34
the	cage	34
he	realized	34
the	sf	34
mechanisms	in	34
highly	effective	34
connect	with	34
teachers	from	34
to	reclaim	34
and	dialogue	34
take	pictures	34
trauma	and	34
by	everyone	34
by	governor	34
our	users	34
organization	will	34
also	attended	34
student	leaders	34
and	cellular	34
the	parents	34
under	investigation	34
then	do	34
patients	from	34
all	different	34
teaches	that	34
were	employed	34
receive	credit	34
two	thirds	34
members	only	34
the	voter	34
they	fall	34
particular	area	34
college	credit	34
results	by	34
is	recorded	34
manufacture	of	34
this	action	34
differences	among	34
united	church	34
stained	glass	34
perhaps	we	34
gospel	of	34
site	offers	34
was	highly	34
have	mentioned	34
action	at	34
on	trial	34
regulating	the	34
then	back	34
dollar	amount	34
settle	the	34
class	has	34
them	during	34
the	dimensions	34
powerful	than	34
skin	is	34
courses	taken	34
who	has	34
it	certainly	34
and	politically	34
natural	language	34
as	prescribed	34
he	actually	34
not	acceptable	34
also	offered	34
provide	feedback	34
his	journey	34
per	gallon	34
this	module	34
be	felt	34
of	representation	34
another	important	34
path	is	34
please	include	34
field	experience	34
really	had	34
and	sought	34
agreement	was	34
falls	to	34
hours	each	34
in	educational	34
can	compare	34
can	allow	34
family	farm	34
support	us	34
israel	as	34
songs	from	34
unemployment	rates	34
in	nicaragua	34
times	since	34
has	shifted	34
at	purdue	34
outline	the	34
and	reviewed	34
questions	please	34
better	world	34
damage	that	34
tobacco	use	34
plan	your	34
but	still	34
ask	how	34
to	qualify	34
certain	areas	34
lead	you	34
and	somewhat	34
to	ponder	34
head	out	34
identify	as	34
center	that	34
one	should	34
in	columbia	34
vote	by	34
accessed	by	34
or	additional	34
cause	serious	34
the	official	34
excellent	job	34
the	sat	34
himself	was	34
the	friends	34
the	howard	34
because	you	34
infection	is	34
proposes	that	34
the	reward	34
this	week	34
after	birth	34
matters	that	34
act	for	34
data	base	34
was	subsequently	34
and	ethnicity	34
the	stars	34
this	same	34
were	either	34
purchasing	power	34
below	you	34
my	part	34
is	denied	34
air	jordan	34
beyond	that	34
the	endangered	34
changes	can	34
responses	in	34
jazz	and	34
to	dress	34
the	fundamental	34
save	it	34
the	setup	34
while	not	34
the	ribbon	34
these	tips	34
start	up	34
from	yale	34
the	art	34
shares	his	34
economic	times	34
attacked	the	34
has	significant	34
score	on	34
to	confer	34
easy	it	34
new	teachers	34
the	japanese	34
they	run	34
appointment	at	34
federal	agency	34
norms	and	34
for	christian	34
of	communicating	34
administering	the	34
to	bless	34
please	fill	34
monroe	county	34
an	individual	34
at	la	34
organizations	can	34
problem	has	34
today	than	34
add	it	34
the	wealthiest	34
predicted	that	34
preceded	in	34
ten	percent	34
were	right	34
rewards	of	34
responses	of	34
me	off	34
within	ten	34
relationships	are	34
would	follow	34
in	consequence	34
research	centers	34
the	sound	34
they	offer	34
of	outdoor	34
and	ocean	34
see	things	34
contrast	with	34
being	allowed	34
executive	order	34
the	president's	34
be	guaranteed	34
voices	and	34
is	engaged	34
phase	in	34
unaware	that	34
their	access	34
carefully	and	34
and	eternal	34
perform	an	34
our	current	34
only	when	34
language	was	34
biodiversity	and	34
or	equal	34
with	eight	34
home	after	34
thrown	out	34
shots	of	34
another	part	34
the	ethnic	34
your	preferred	34
he	explains	34
tune	of	34
foreign	relations	34
with	professional	34
energy	storage	34
ground	with	34
check	your	34
lives	through	34
ten	years	34
could	reduce	34
algorithms	for	34
selection	committee	34
tuned	to	34
the	spill	34
recommend	you	34
these	activities	34
this	transition	34
why	so	34
the	uk	34
million	more	34
took	office	34
of	household	34
in	austria	34
the	crossing	34
and	turns	34
any	question	34
officer	was	34
those	already	34
while	another	34
are	broken	34
so	easily	34
would	save	34
has	sought	34
supposed	that	34
an	accessible	34
dialogue	on	34
share	these	34
work	focuses	34
environmental	concerns	34
the	authenticity	34
connecting	to	34
the	suspension	34
stakeholders	and	34
legal	status	34
disclose	the	34
fun	at	34
an	american	34
special	projects	34
appeal	for	34
best	wishes	34
sent	home	34
their	mother	34
concentrates	on	34
myocardial	infarction	34
am	concerned	34
can	agree	34
recent	times	34
is	immediately	34
mostly	on	34
vehicles	are	34
the	hip	34
our	analysis	34
support	center	34
trees	on	34
friday	from	34
the	real	34
confidential	information	34
of	attorney	34
included	are	34
an	elected	34
securing	the	34
feedback	is	34
the	lender	34
younger	generation	34
are	holding	34
louis	and	34
vehicle	in	34
work	on	34
institution	is	34
to	herself	34
research	fellow	34
charitable	giving	34
always	use	34
these	words	34
conclude	with	34
tolerance	for	34
and	grandchildren	34
stop	the	34
your	current	34
challenges	we	34
health	at	34
significant	contribution	34
are	diagnosed	34
applicants	and	34
billion	over	34
issues	concerning	34
the	physical	34
the	galaxy	34
does	not	34
ngos	and	34
inspire	the	34
principles	for	34
are	searching	34
accomplished	through	34
of	minority	34
doubts	about	34
comments	were	34
being	put	34
thesis	is	34
mfa	in	34
and	costly	34
and	hiv	34
course	introduces	34
still	work	34
advise	you	34
our	student	34
the	neural	34
got	so	34
can	safely	34
entities	and	34
through	life	34
of	plant	34
jersey	and	34
market	will	34
these	classes	34
findings	were	34
cases	involving	34
rights	in	34
in	selecting	34
lunch	with	34
preach	the	34
also	agreed	34
emergency	department	34
theatre	company	34
help	other	34
and	athletic	34
care	provided	34
opportunities	with	34
head	with	34
treated	like	34
please	submit	34
the	colonies	34
succumb	to	34
in	chapter	34
the	verification	34
the	occupy	34
our	guests	34
be	discovered	34
and	qualified	34
soldiers	were	34
far	this	34
scholarships	are	34
never	will	34
small	area	34
charges	are	34
be	exempt	34
create	this	34
allow	users	34
iran	is	34
towns	of	34
week	of	34
mission	of	34
used	throughout	34
by	contrast	34
increasing	demand	34
shipping	and	34
and	treatments	34
florida	department	34
sub-saharan	africa	34
far	has	34
crimes	and	34
spoke	in	34
recent	developments	34
the	range	34
rating	of	34
good	news	34
they	enjoy	34
but	eventually	34
now	available	34
risks	for	34
your	presentation	34
is	independent	34
and	achievement	34
the	equations	34
of	arab	34
governments	are	34
final	approval	34
stress	in	34
the	nyc	34
about	climate	34
exclude	the	34
their	team	34
it	never	34
by	considering	34
businesses	with	34
the	registration	34
are	these	34
collected	at	34
turns	into	34
in	plain	34
postal	service	34
social	activities	34
an	expanded	34
being	seen	34
condemnation	of	34
are	guided	34
also	support	34
another	time	34
images	were	34
it	now	34
evident	from	34
offer	this	34
after	her	34
make	something	34
work	without	34
be	valuable	34
senior	management	34
in	sum	34
went	by	34
policy	at	34
finding	ways	34
in	arabic	34
chemistry	and	34
politics	and	34
no	attempt	34
what	each	34
personal	development	34
second	term	34
be	rendered	34
final	year	34
abu	dhabi	34
on	screen	34
new	books	34
any	comments	34
the	fraction	34
for	tuition	34
they	show	34
the	fish	34
san	mateo	34
racial	profiling	34
other	works	34
outside	their	34
mistake	of	34
for	her	34
is	registered	34
highlights	from	34
she	sees	34
breaking	down	34
school	has	34
year	period	34
ups	and	34
be	providing	34
lawsuit	against	34
mistakes	and	34
and	temporal	34
an	excerpt	34
who	knows	34
the	rhetoric	34
have	witnessed	34
constitutional	amendment	34
district	attorney	34
me	just	34
the	outskirts	34
bird	studies	34
complicated	by	34
is	buried	34
menu	and	34
hypothesis	is	34
in	appendix	34
all	materials	34
and	also	34
wind	turbines	34
his	grandfather	34
people	see	34
snacks	and	34
have	reduced	34
control	panel	34
many	months	34
this	applies	34
default	value	34
falling	in	34
fled	to	34
highway	safety	34
it	cost	34
in	idaho	34
we	tried	34
in	support	34
by	now	34
this	photo	34
on	federal	34
nonprofit	sector	34
ticket	sales	34
nature	and	34
soil	is	34
run	as	34
complete	all	34
to	prosecute	34
will	recognize	34
were	separated	34
the	skull	34
also	read	34
he	retired	34
acknowledging	the	34
already	started	34
final	product	34
and	brown	34
and	clark	34
works	out	34
pretend	that	34
and	coordinates	34
are	hundreds	34
be	essential	34
and	replacing	34
had	something	34
promoted	by	34
and	emotions	34
conducting	an	34
your	particular	34
been	formed	34
this	involves	34
it	came	34
seriously	and	34
look	more	34
agrees	that	34
begin	this	34
and	japanese	34
trained	as	34
consider	whether	34
local	farmers	34
other	uses	34
it	wrong	34
stood	by	34
around	town	34
might	see	34
hiv	prevention	34
some	sense	34
excerpt	from	34
foundations	of	34
convergence	of	34
winners	are	34
for	middle	34
the	game	34
fine	art	34
carbon	monoxide	34
the	legislature	34
of	obesity	34
time	required	34
leader	for	34
took	this	34
really	interesting	34
public	school	34
traffic	on	34
votes	in	34
good	intentions	34
gallery	in	34
the	department's	34
fellow	citizens	34
within	us	34
touring	the	34
will	count	34
our	activities	34
never	too	34
run	at	34
week	by	34
it	started	34
and	friendship	34
goods	to	34
data	may	34
in	nature	34
sin	of	34
proceeds	to	34
making	her	34
these	included	34
this	meant	34
major	cities	34
defend	themselves	34
student	services	34
restaurant	and	34
epithelial	cells	34
usually	do	34
line	or	34
schools	or	34
the	montana	34
difficult	task	34
act	was	34
constructed	by	34
because	what	34
using	technology	34
food	stamp	34
naturally	occurring	34
estimate	for	34
who	complete	34
two	lines	34
not	impossible	34
occurs	at	34
that's	how	34
scientific	data	34
senior	center	34
frustration	and	34
and	fellowship	34
nations	in	34
kept	at	34
to	reply	34
primary	school	34
your	retirement	34
wherever	you	34
to	spur	34
they	told	34
apply	for	34
the	fire	34
is	accurate	34
emergency	medicine	34
were	met	34
her	undergraduate	34
two	sections	34
and	finds	34
have	arisen	34
emergency	response	34
be	enforced	34
email	your	34
consider	all	34
that	situation	34
of	medicaid	34
using	my	34
name	it	34
these	symptoms	34
issues	involved	34
civil	liberties	34
always	get	34
most	frequent	34
entire	process	34
for	corporate	34
just	put	34
faculty	senate	34
and	efficacy	34
traveling	in	34
with	so	34
and	highlights	34
despite	its	34
thursday	morning	34
support	her	34
to	search	34
fees	will	34
the	athletic	34
many	days	34
the	happiness	34
air	act	34
already	seen	34
expect	it	34
and	collaborate	34
fellow	in	34
income	or	34
intelligent	and	34
the	taxpayers	34
have	fought	34
past	or	34
credit	report	34
also	play	34
machines	that	34
outlet	for	34
one	small	34
results	may	34
were	named	34
lesson	plan	34
all	citizens	34
fits	the	34
victims	are	34
looking	out	34
smith	is	34
protect	you	34
may	play	34
in	colombia	34
text	message	34
can	open	34
lower	right	34
and	legs	34
all	manner	34
is	hoped	34
be	launched	34
every	country	34
the	arts	34
discussion	of	34
view	all	34
disorder	in	34
tied	up	34
opened	my	34
current	trends	34
guess	it	34
central	pacific	34
she	spent	34
emergency	department	34
thoughts	are	34
me	over	34
cast	and	34
altered	the	34
be	significant	34
directed	against	34
explaining	that	34
your	words	34
company	is	34
online	form	34
workshop	for	34
more	days	34
in	liberia	34
get	older	34
other	material	34
this	letter	34
prohibited	by	34
limitation	of	34
and	installed	34
we	suggest	34
criminal	law	34
regular	meeting	34
can't	help	34
fear	for	34
content	management	34
had	built	34
the	feeding	34
global	level	34
were	spent	34
be	committed	34
cambridge	university	34
therapies	for	34
channels	of	34
are	urged	34
candidates	must	34
transparency	in	34
cancellation	of	34
from	federal	34
also	hope	34
how	far	34
find	another	34
your	bank	34
the	modern	34
vibrant	and	34
some	aspects	34
virgin	mary	34
first	saw	34
everyone	should	34
encourage	people	34
become	better	34
the	market	34
still	remember	34
share	them	34
for	energy	34
for	hosting	34
for	maximum	34
to	manufacture	34
health	care	34
side	of	34
american	federation	34
first	name	34
he	serves	34
of	homeless	33
i'm	pretty	33
methodology	to	33
woman	from	33
feet	high	33
lincoln	and	33
was	detected	33
not	miss	33
our	results	33
shelters	and	33
in	orange	33
defense	department	33
india	for	33
bought	it	33
my	project	33
operated	in	33
honored	and	33
acts	in	33
open	space	33
were	happy	33
the	cornerstone	33
it	focuses	33
mentor	and	33
transcription	factor	33
and	stayed	33
information	science	33
its	public	33
alameda	county	33
sometimes	with	33
appreciative	of	33
the	photograph	33
would	now	33
what	does	33
both	ways	33
cleaning	and	33
and	girls	33
to	santa	33
set	their	33
announced	plans	33
get	stuck	33
another	thing	33
and	advocacy	33
was	caught	33
knew	this	33
public	employees	33
referenced	in	33
the	halls	33
which	begins	33
consulted	with	33
oversaw	the	33
closely	associated	33
database	that	33
of	specialized	33
scholars	program	33
the	breath	33
persons	are	33
for	texas	33
require	additional	33
perhaps	because	33
and	reviews	33
medical	services	33
diseases	are	33
an	arbitrary	33
optimize	the	33
lights	on	33
stress	management	33
this	word	33
northwest	of	33
who	actually	33
there's	nothing	33
an	economist	33
he	set	33
deficiencies	in	33
last	days	33
their	project	33
religion	or	33
not	stay	33
different	points	33
is	amended	33
or	activities	33
mayor	and	33
the	elder	33
nuts	and	33
he	continues	33
guarantee	of	33
the	owner	33
scientific	literature	33
new	online	33
birth	certificate	33
are	estimated	33
rent	and	33
undergraduate	education	33
the	airline	33
product	for	33
read	full	33
grades	are	33
articles	of	33
their	proper	33
tours	are	33
guide	them	33
reporter	for	33
speech	in	33
think	most	33
direct	impact	33
and	hardware	33
one	major	33
problems	by	33
mercy	and	33
games	with	33
performance	measures	33
provide	complete	33
for	direct	33
to	affirm	33
they	continued	33
be	matched	33
debt	is	33
seek	help	33
extraction	of	33
acknowledge	and	33
the	coalition	33
on	mars	33
personal	stories	33
alleviate	the	33
and	exit	33
of	personality	33
deduction	for	33
barriers	and	33
replace	them	33
workforce	and	33
cares	for	33
drama	and	33
translation	and	33
the	apache	33
one	study	33
the	file	33
religious	life	33
much	stronger	33
target	genes	33
chiefs	of	33
endeavour	to	33
an	evil	33
her	age	33
is	affiliated	33
wireless	network	33
close	accept-ranges	33
may	share	33
bills	to	33
athletic	training	33
will	establish	33
of	random	33
chair	in	33
gift	that	33
jones	and	33
contain	information	33
develop	your	33
your	feelings	33
working	relationship	33
cancer	care	33
decreased	by	33
the	gentiles	33
calculated	to	33
and	professionally	33
might	come	33
my	position	33
back	door	33
whom	have	33
war	effort	33
is	suspected	33
with	customers	33
their	capacity	33
on	hiv	33
parkinson's	disease	33
the	end	33
parcel	of	33
the	newly	33
will	submit	33
and	responding	33
and	precious	33
kept	up	33
and	rising	33
also	welcome	33
not	succeed	33
beginnings	of	33
can	accept	33
take	much	33
sales	and	33
built	in	33
encourage	more	33
student	performance	33
labs	and	33
to	medicare	33
us	take	33
assignment	of	33
to	evacuate	33
bills	are	33
ahead	for	33
love	my	33
decisions	made	33
the	sponsor	33
from	michigan	33
about	themselves	33
reaction	is	33
redwood	city	33
currently	not	33
suitable	to	33
in	nearby	33
the	record	33
poughkeepsie	regatta	33
the	growing	33
greater	detail	33
and	ears	33
tests	were	33
prohibits	the	33
are	laid	33
sunday	at	33
their	study	33
coward	writes	33
read	my	33
music	industry	33
condemned	to	33
at	play	33
its	last	33
of	peer	33
the	championship	33
sierra	nevada	33
thorough	and	33
view	details	33
the	tent	33
hear	more	33
traumatic	brain	33
courts	have	33
dependent	variable	33
sleep	apnea	33
indonesia	and	33
network	is	33
avoid	any	33
my	phone	33
sessions	on	33
church	has	33
were	previously	33
much	appreciated	33
arrives	at	33
all	versions	33
and	coordinating	33
are	outlined	33
on	patient	33
space	science	33
flight	of	33
it's	easy	33
the	bounds	33
transition	into	33
the	soul	33
has	repeatedly	33
shall	give	33
right	down	33
occur	with	33
state	department	33
you	require	33
all	courses	33
as	medical	33
more	personal	33
these	individuals	33
carry	it	33
the	disclosure	33
ensures	the	33
resident	in	33
be	transmitted	33
property	or	33
deeper	and	33
were	distributed	33
suit	and	33
already	received	33
quit	smoking	33
were	injured	33
the	cultural	33
the	coordinator	33
are	telling	33
candidate	is	33
every	one	33
an	electrical	33
rare	and	33
recognize	their	33
education	students	33
the	nodes	33
root	cause	33
holder	of	33
within	them	33
participants	can	33
today	was	33
neck	and	33
internship	program	33
of	antibiotics	33
they	asked	33
aid	programs	33
light	as	33
you	gave	33
act	for	33
sign	language	33
the	introductory	33
make	certain	33
him	how	33
demands	that	33
blind	or	33
mainly	for	33
survival	in	33
could	turn	33
educated	and	33
mentioned	by	33
written	consent	33
it	involves	33
commissioner	for	33
economic	issues	33
man	is	33
music	was	33
tickets	for	33
let	this	33
spring	break	33
co2	emissions	33
own	interests	33
specifically	in	33
city	government	33
land	and	33
body	of	33
prison	and	33
with	positive	33
the	regiment	33
site	also	33
desires	of	33
must	look	33
major	factor	33
team	is	33
the	globe	33
the	wounds	33
got	their	33
own	story	33
advocates	of	33
key	element	33
got	together	33
for	alternative	33
didn't	work	33
common	goal	33
forward	by	33
sites	were	33
after	we	33
mean	they	33
of	insects	33
the	courtroom	33
from	major	33
fitness	center	33
news	articles	33
the	secrets	33
doing	so	33
founding	in	33
and	connecting	33
additional	time	33
long	tradition	33
occupied	the	33
facet	of	33
see	figure	33
test	case	33
same	area	33
putting	on	33
show	some	33
two	students	33
selection	for	33
his	involvement	33
of	sovereignty	33
transparent	and	33
qualifications	and	33
data	mining	33
more	susceptible	33
central	valley	33
and	killing	33
and	sports	33
of	mars	33
of	praise	33
your	teeth	33
not	free	33
be	prompted	33
professional	life	33
effective	on	33
artists	are	33
cannot	use	33
bus	to	33
fresh	produce	33
he	writes	33
film	that	33
legislation	will	33
select	an	33
information	exchange	33
theater	and	33
he	discovered	33
global	scale	33
must	get	33
demonstrating	that	33
affiliate	of	33
weapons	in	33
replies	to	33
an	armed	33
oral	history	33
how	big	33
the	bedroom	33
referral	to	33
significant	portion	33
other	good	33
of	mercy	33
its	purpose	33
am	sorry	33
was	attacked	33
uncertainty	and	33
japan	in	33
are	writing	33
from	below	33
aspirations	of	33
the	contents	33
offers	two	33
and	sugar	33
his	lifetime	33
more	control	33
prohibit	the	33
stainless	steel	33
mild	to	33
the	length	33
conclusions	of	33
the	density	33
know	about	33
attention	was	33
salvation	of	33
and	minerals	33
voting	on	33
experience	in	33
he	showed	33
led	her	33
result	will	33
are	satisfied	33
related	services	33
are	designated	33
on	natural	33
men	do	33
many	decades	33
my	dream	33
and	silver	33
ask	students	33
with	previous	33
designed	specifically	33
an	aid	33
previously	published	33
my	local	33
in	reaching	33
be	participating	33
one	country	33
eleven	years	33
bags	and	33
two	key	33
into	many	33
of	puerto	33
up	during	33
for	insurance	33
i'd	love	33
be	lower	33
be	suitable	33
start	with	33
very	many	33
this	view	33
the	mba	33
my	final	33
for	purposes	33
the	crowd	33
the	simple	33
the	lighting	33
patterns	are	33
health	risk	33
and	identification	33
see	below	33
different	fields	33
attitude	towards	33
he	seems	33
of	solidarity	33
the	deadly	33
background	is	33
is	transmitted	33
clubs	in	33
city	has	33
are	led	33
smith	college	33
outweigh	the	33
other	parents	33
groups	like	33
and	ecology	33
is	sponsoring	33
this	training	33
in	creative	33
the	extent	33
he	meets	33
first-served	basis	33
award	winners	33
allowed	on	33
must	therefore	33
no	shortage	33
and	again	33
pray	to	33
continued	for	33
who	left	33
from	uc	33
century	ago	33
for	choosing	33
took	away	33
visit	your	33
it	quite	33
be	authorized	33
it	belongs	33
of	drought	33
in	music	33
safe	from	33
of	italy	33
the	heading	33
has	told	33
of	clay	33
feel	confident	33
designed	by	33
counsel	for	33
trade	association	33
classes	with	33
scientists	at	33
will	finally	33
chemicals	are	33
that	measures	33
out	after	33
of	customer	33
medical	research	33
and	fauna	33
and	saved	33
applicability	of	33
request	form	33
and	roll	33
the	behavioral	33
convention	of	33
has	entered	33
the	architect	33
awards	ceremony	33
the	egyptians	33
something	so	33
all	future	33
stories	of	33
research	institution	33
its	goal	33
of	kings	33
and	measured	33
they	hold	33
web	application	33
despite	his	33
strong	foundation	33
with	normal	33
thought	she	33
if	you've	33
effort	between	33
trail	of	33
am	thanks	33
you're	doing	33
the	semantic	33
lee	and	33
am	writing	33
these	new	33
without	getting	33
your	food	33
the	appellant	33
reduced	in	33
research	associate	33
at	california	33
posts	in	33
give	people	33
party	has	33
in	blue	33
play	by	33
mainly	because	33
vary	widely	33
on	religious	33
that	lies	33
bird	species	33
fellowship	with	33
of	computing	33
new	social	33
the	director	33
servants	of	33
be	gone	33
this	tool	33
can	sit	33
students	make	33
was	acquired	33
capturing	the	33
guidelines	that	33
the	definition	33
or	drink	33
the	enemies	33
approaches	are	33
tested	on	33
victim	was	33
and	aspirations	33
file	from	33
administrative	costs	33
eye	care	33
and	qualitative	33
constitutionality	of	33
gives	students	33
google	maps	33
but	once	33
without	borders	33
the	aesthetic	33
natural	sciences	33
harder	and	33
were	extremely	33
it	became	33
whole	story	33
and	chris	33
each	participant	33
ranging	in	33
the	telescope	33
of	teaching	33
ten	or	33
summer	institute	33
the	prohibition	33
by	himself	33
with	gold	33
from	west	33
each	section	33
another	area	33
the	superintendent	33
plan	or	33
titles	in	33
the	kidney	33
in	italian	33
named	one	33
of	high-quality	33
cadre	of	33
traffic	is	33
couple	weeks	33
constitution	of	33
still	remain	33
was	fully	33
on	sexual	33
the	lookout	33
activist	and	33
anything	they	33
formed	from	33
the	temporal	33
to	some	33
fitted	with	33
human	resource	33
global	warming	33
my	journey	33
and	most	33
that	users	33
programs	available	33
assault	and	33
medical	student	33
from	start	33
is	apparently	33
of	employers	33
the	fund	33
chemical	composition	33
are	investigating	33
at	lake	33
and	thus	33
foreign	investment	33
diabetes	association	33
ongoing	research	33
the	well-known	33
just	around	33
approaches	to	33
don't	be	33
the	dprk	33
who	began	33
and	demonstrates	33
might	consider	33
and	beyond	33
out	because	33
for	grades	33
their	words	33
in	coordination	33
if	i'm	33
berkeley	college	33
the	rice	33
knowledgeable	about	33
to	say	33
not	lost	33
level	rise	33
meetings	are	33
that	existed	33
gone	out	33
several	areas	33
still	remains	33
can't	make	33
she	added	33
can	accommodate	33
warm	water	33
month	we	33
are	handled	33
responsibilities	include	33
would	show	33
been	obtained	33
critical	care	33
software	can	33
his	government	33
geographic	area	33
add	new	33
and	analytical	33
ensure	their	33
treat	patients	33
festivals	and	33
also	pointed	33
sixth	grade	33
problems	facing	33
for	climate	33
brown	and	33
think	people	33
most	diverse	33
carried	away	33
convention	in	33
learning	by	33
life	threatening	33
the	humanitarian	33
also	introduced	33
than	previously	33
kids	will	33
hours	will	33
detect	and	33
making	his	33
pdf	version	33
into	custody	33
slavery	in	33
the	emotions	33
he	taught	33
the	pot	33
annually	by	33
the	shoreline	33
and	relatives	33
focusing	on	33
watch	this	33
court	may	33
shaped	the	33
helps	people	33
as	chairman	33
already	established	33
yourself	or	33
has	drawn	33
instances	where	33
during	regular	33
the	home	33
those	interested	33
humble	and	33
all	participants	33
church	leaders	33
it	anyway	33
the	hubble	33
often	use	33
tactics	and	33
practice	has	33
were	discovered	33
forces	with	33
collecting	and	33
insurance	or	33
into	service	33
cling	to	33
have	saved	33
pope	benedict	33
the	consortium	33
often	seen	33
be	subjected	33
of	emotion	33
regulatory	requirements	33
to	fort	33
school	building	33
that	claim	33
pursuing	the	33
job	description	33
web	applications	33
may	create	33
and	customs	33
honors	in	33
first	case	33
an	infected	33
and	suddenly	33
surgery	for	33
the	ftc	33
this	newsletter	33
of	cards	33
daughter	was	33
then	had	33
the	right-hand	33
ends	and	33
or	economic	33
california	institute	33
absorbed	by	33
criminal	court	33
political	or	33
on	critical	33
making	any	33
cook	county	33
lowest	in	33
full	swing	33
monthly	basis	33
is	replaced	33
are	passionate	33
programming	languages	33
the	fires	33
from	colorado	33
precedence	over	33
love	him	33
now	he	33
he	later	33
harassment	and	33
contracting	officer	33
christian	community	33
support	his	33
the	sacrifices	33
pulitzer	prize	33
our	money	33
should	appear	33
reflected	the	33
making	process	33
the	king	33
nurse	practitioner	33
and	allied	33
clients	who	33
targeted	for	33
the	latino	33
of	designing	33
promote	their	33
was	further	33
develop	this	33
was	perfect	33
is	credited	33
loss	is	33
which	every	33
oak	park	33
buy	viagra	33
very	glad	33
teens	to	33
expenses	of	33
although	you	33
sent	directly	33
was	sure	33
negative	impacts	33
wants	you	33
journalist	and	33
the	law	33
funny	and	33
media	center	33
hope	will	33
link	at	33
and	discussing	33
but	like	33
through	high	33
web	design	33
takes	advantage	33
and	foundations	33
systems	engineering	33
gathered	for	33
things	are	33
nursing	students	33
meet	you	33
we	perceive	33
lost	on	33
of	blue	33
freed	from	33
among	men	33
branches	and	33
lower	your	33
their	passion	33
providers	are	33
from	florida	33
upgrade	to	33
universities	are	33
american	west	33
more	stringent	33
and	faster	33
counsel	to	33
coming	on	33
really	been	33
settled	on	33
we	prepare	33
have	fewer	33
blood	clots	33
that	challenge	33
sometimes	it	33
these	relationships	33
the	protesters	33
the	disease	33
he	retired	33
behind	bars	33
enough	about	33
information	presented	33
head	coach	33
justice	is	33
included	an	33
spiritual	growth	33
old	or	33
role	was	33
explore	this	33
is	awesome	33
life	forms	33
and	beneficial	33
cumulative	gpa	33
the	band	33
have	proved	33
residents	have	33
my	professional	33
haunted	house	33
smooth	and	33
received	my	33
as	citizens	33
as	vice	33
he	lost	33
more	readily	33
those	programs	33
consider	when	33
the	department's	33
in	desperate	33
the	weapon	33
their	teachers	33
to	invoke	33
crime	in	33
better	part	33
this	light	33
any	level	33
biology	at	33
further	action	33
the	particle	33
at	random	33
about	upcoming	33
got	married	33
any	student	33
methodology	and	33
he	lived	33
have	supported	33
border	and	33
seminar	in	33
almost	half	33
development	team	33
then	take	33
no	room	33
international	students	33
through	many	33
recently	had	33
federal	government	33
continue	through	33
one	additional	33
programs	such	33
disrupt	the	33
to	login	33
noting	the	33
medicine	is	33
was	ordained	33
or	sell	33
cars	to	33
appeared	first	33
unto	god	33
interrupted	by	33
computer	and	33
the	lesson	33
letters	are	33
input	into	33
worked	very	33
who	owns	33
the	stories	33
academic	career	33
any	day	33
christians	to	33
the	netherlands	33
property	damage	33
and	intensity	33
localization	of	33
violent	crime	33
struggles	with	33
into	public	33
educational	resources	33
has	died	33
in	rio	33
and	starts	33
she	joined	33
the	corridor	33
taking	their	33
provide	valuable	33
cannot	provide	33
and	committees	33
our	financial	33
its	resources	33
chair	for	33
be	immediately	33
illegal	and	33
passed	down	33
coal	and	33
upon	all	33
around	here	33
newly	elected	33
the	usefulness	33
too	great	33
industry	was	33
cut	into	33
conditions	under	33
were	measured	33
and	sciences	33
average	annual	33
has	accepted	33
gives	rise	33
scene	from	33
particles	in	33
does	make	33
what	i've	33
special	needs	33
many	men	33
recent	survey	33
your	browser	33
an	analysis	33
examined	in	33
smart	phone	33
continued	with	33
also	set	33
been	addressed	33
thick	and	33
by	tom	33
her	efforts	33
we	pay	33
for	failure	33
an	mfa	33
not	previously	33
the	forests	33
to	australia	33
would	spend	33
the	bride	33
the	gross	33
own	body	33
for	educational	33
of	entries	33
units	that	33
to	hiv	33
another	man	33
sexual	intercourse	33
most	notable	33
institutions	will	33
became	very	33
sound	is	33
requests	are	33
who	holds	33
james	madison	33
provide	funding	33
financial	sector	33
and	homeless	33
the	mac	33
young	professionals	33
that	cover	33
great	pride	33
underway	in	33
that	christians	33
border	of	33
insert	the	33
also	raises	33
all	applicants	33
same	problem	33
their	initial	33
any	remaining	33
strong	commitment	33
health	programs	33
harvard	business	33
the	hispanic	33
special	session	33
and	capabilities	33
while	living	33
the	prisoner	33
homeless	people	33
applicants	who	33
tax	increase	33
physiology	and	33
public	affairs	33
an	entity	33
confident	in	33
significantly	reduce	33
questions	such	33
status	or	33
and	websites	33
held	during	33
actually	been	33
and	specialized	33
about	current	33
our	duty	33
volunteers	at	33
this	online	33
concluding	that	33
great	news	33
and	cooperative	33
the	festivities	33
the	oven	33
climb	the	33
and	stronger	33
should	reflect	33
and	refine	33
days	were	33
retrieve	the	33
clear	on	33
shopping	cart	33
but	neither	33
keep	these	33
other	persons	33
early	warning	33
revise	the	33
writing	at	33
national	health	33
arts	at	33
of	stakeholders	33
all	come	33
he	enjoys	33
neither	is	33
run	this	33
delivery	systems	33
and	compassionate	33
schools	across	33
student	association	33
about	helping	33
take	no	33
salaries	and	33
the	umbrella	33
the	diocese	33
never	done	33
and	seeks	33
the	drop-down	33
live	performance	33
shorter	than	33
peer	pressure	33
the	mother	33
your	energy	33
course	includes	33
build	our	33
friend	is	33
cash	in	33
and	wear	33
when	you're	33
whatever	reason	33
very	carefully	33
bridge	to	33
species	from	33
our	collection	33
roles	for	33
density	and	33
confidentiality	of	33
may	benefit	33
it	anymore	33
humanitarian	aid	33
care	physician	33
but	maybe	33
in	verse	33
will	it	33
party	was	33
being	taught	33
because	god	33
are	encouraging	33
made	sense	33
around	my	33
turned	it	33
to	prioritize	33
may	indicate	33
been	completely	33
effectiveness	in	33
believing	in	33
career	options	33
the	color	33
happen	again	33
is	okay	33
in	emerging	33
skills	you	33
here	if	33
as	proof	33
be	readily	33
scroll	down	33
more	widely	33
report	their	33
of	measurement	33
the	willingness	33
thanked	the	33
computers	in	33
from	becoming	33
ethnic	group	33
data	structure	33
of	oberlin	33
cumulative	grade	33
of	men	33
evidence	suggests	33
wise	man	33
section	will	33
vision	that	33
district	is	33
our	list	33
man	named	33
just	made	33
latest	book	33
artery	disease	33
the	fore	33
the	typical	33
these	things	33
ideas	into	33
the	pennsylvania	33
else	would	33
less	effective	33
farm	bill	33
the	horses	33
targets	in	33
neighborhood	in	33
state	house	33
have	registered	33
is	yours	33
handling	and	33
to	spare	33
maps	are	33
has	anyone	33
will	reflect	33
through	may	33
only	see	33
hard	working	33
is	zero	33
an	archive	33
toward	an	33
loan	from	33
spread	across	33
energy	technologies	33
in	middle	33
in	medicine	33
national	board	33
the	jet	33
our	members	33
was	dispatcher	33
state	capitol	33
their	claims	33
engagement	of	33
to	revive	33
just	being	33
and	tourism	33
miami	university	33
cars	are	33
credit	or	33
navigation	keys	33
for	detailed	33
were	even	33
you	learned	33
of	artistic	33
judicial	review	33
very	impressed	33
comes	through	33
your	files	33
upper	and	33
only	six	33
our	veterans	33
season	as	33
managing	director	33
discuss	these	33
authorize	the	33
ahead	in	33
will	strengthen	33
efforts	were	33
gone	for	33
for	rural	33
too	short	33
her	studies	33
studying	at	33
grades	of	33
characterized	as	33
such	great	33
received	many	33
technology	into	33
and	controls	33
and	commentary	33
cancel	the	33
consumer	protection	33
post	was	33
slavery	and	32
who	demonstrate	32
surface	is	32
portrayed	as	32
ripe	for	32
little	doubt	32
the	secular	32
national	identity	32
disciplines	of	32
stars	of	32
paid	sick	32
something	other	32
the	publication	32
moves	in	32
and	electrical	32
no	access	32
the	endangered	32
be	almost	32
follow	this	32
then	some	32
special	case	32
conditions	or	32
outer	space	32
or	multiple	32
an	affiliate	32
in	hartford	32
couple	years	32
their	arms	32
this	software	32
the	contracting	32
to	violate	32
several	states	32
mouse	model	32
venture	to	32
opinions	about	32
activities	from	32
waves	are	32
improve	quality	32
hidden	from	32
especially	after	32
for	exploring	32
personnel	are	32
courts	of	32
his	ministry	32
this	species	32
website	provides	32
evolved	from	32
the	state's	32
makes	him	32
wage	and	32
wife	is	32
all	courses	32
repeal	the	32
maybe	not	32
funding	opportunities	32
my	email	32
had	turned	32
of	universal	32
johnson	county	32
the	outcome	32
contract	between	32
on	anything	32
vulnerable	populations	32
from	england	32
awarded	an	32
more	food	32
its	proper	32
labor	unions	32
modeled	after	32
online	store	32
be	enhanced	32
your	peers	32
and	dan	32
speakers	to	32
been	saved	32
can	eat	32
our	special	32
college	experience	32
by	friday	32
and	fans	32
declare	that	32
the	fascinating	32
this	problem	32
the	earliest	32
lookout	for	32
families	were	32
chair	and	32
while	having	32
the	claimant	32
scientific	american	32
primary	care	32
we	discuss	32
hour	for	32
for	communication	32
of	consumption	32
your	name	32
other	duties	32
maximize	their	32
that	promise	32
rolled	out	32
typically	have	32
various	areas	32
our	little	32
the	short	32
two	brothers	32
votes	on	32
teach	for	32
had	both	32
the	right	32
you	qualify	32
contracted	with	32
isolation	and	32
add	them	32
made	many	32
the	workers	32
was	encouraged	32
know	much	32
persons	or	32
is	slowly	32
drawings	of	32
fitness	and	32
stock	and	32
cells	have	32
systems	were	32
for	handling	32
in	attending	32
the	principle	32
by	submitting	32
of	forgiveness	32
special	events	32
shares	of	32
their	economic	32
thou	art	32
been	extended	32
are	motivated	32
these	efforts	32
master	plan	32
in	communication	32
transfer	from	32
great	thing	32
and	implements	32
the	surgeon	32
the	adventure	32
of	specialization	32
comes	on	32
rule	for	32
destruction	and	32
of	atoms	32
more	familiar	32
our	daughter	32
any	attempt	32
exhibition	in	32
have	noted	32
create	opportunities	32
disease	prevention	32
our	needs	32
actors	in	32
today	will	32
over	six	32
can	address	32
computer	program	32
everyone	was	32
at	south	32
and	dissemination	32
suppliers	and	32
by	august	32
no	record	32
walked	out	32
the	shores	32
the	renewal	32
compensation	and	32
begun	in	32
the	evenings	32
physical	world	32
an	incomplete	32
rainy	season	32
that	paul	32
the	pen	32
resources	they	32
the	rainy	32
near	eastern	32
we've	seen	32
was	printed	32
in	mechanical	32
challenges	faced	32
forums	and	32
lines	for	32
me	say	32
see	people	32
visit	us	32
numbers	that	32
an	outpatient	32
times	square	32
reasonable	doubt	32
implements	the	32
doubled	in	32
temple	of	32
that	moves	32
aims	of	32
of	grief	32
be	near	32
ethical	standards	32
own	community	32
remain	anonymous	32
above	or	32
scores	in	32
luck	and	32
whether	any	32
this	webinar	32
social	order	32
electricity	to	32
requirements	on	32
care	unit	32
but	unfortunately	32
includes	two	32
the	median	32
pay	back	32
because	these	32
completed	all	32
are	comfortable	32
this	album	32
known	as	32
look	upon	32
search	on	32
our	modern	32
in	arlington	32
skill	level	32
you	stand	32
civil	service	32
his	army	32
made	such	32
the	visa	32
been	scheduled	32
and	explores	32
chamber	music	32
share	on	32
and	greatly	32
thrown	in	32
ask	us	32
and	repeated	32
be	inserted	32
your	original	32
work	effectively	32
never	again	32
seven	months	32
brain	that	32
there	really	32
collaborative	project	32
system	does	32
shut	off	32
the	courtyard	32
guests	to	32
are	excluded	32
for	fy	32
responsibility	as	32
revenue	code	32
can	truly	32
should	just	32
ways	they	32
an	interpreter	32
shall	meet	32
of	gasoline	32
brief	summary	32
test	this	32
course	explores	32
industries	in	32
species	were	32
the	dharma	32
other	communities	32
for	tracking	32
many	have	32
obligations	to	32
the	deep	32
exchange	program	32
the	case	32
curated	by	32
granted	in	32
fly	in	32
early	summer	32
we	rely	32
is	unfortunate	32
could	it	32
the	alamo	32
magic	of	32
these	decisions	32
tests	that	32
locations	are	32
other	professional	32
passed	over	32
these	benefits	32
the	oxygen	32
developed	through	32
local	newspaper	32
imagination	of	32
getting	to	32
although	most	32
colleges	to	32
document	for	32
grab	the	32
your	role	32
is	perceived	32
and	developers	32
therefore	it	32
religious	or	32
for	meetings	32
with	red	32
president	has	32
and	follow-up	32
having	some	32
who	thinks	32
point	here	32
more	diverse	32
lives	at	32
wichita	state	32
medical	practice	32
our	study	32
in	carrying	32
accommodations	for	32
written	report	32
shot	dead	32
this	version	32
one	eye	32
little	evidence	32
students	participate	32
after	death	32
shown	above	32
and	phrases	32
drawing	of	32
the	mek	32
they	heard	32
of	cleveland	32
advocated	for	32
in	long-term	32
daily	routine	32
each	morning	32
field	research	32
are	spending	32
address	it	32
and	endangered	32
space	where	32
king	james	32
turn	their	32
regret	that	32
the	photographer	32
pm	thank	32
per	annum	32
and	diagnostic	32
offered	an	32
account	or	32
please	leave	32
expenses	are	32
ten	times	32
operating	budget	32
which	contain	32
holy	trinity	32
under	my	32
he	believed	32
call	number	32
comparison	between	32
would	return	32
be	donated	32
investors	to	32
the	madison	32
those	needs	32
the	facts	32
are	aligned	32
support	systems	32
report	for	32
and	windows	32
the	museum's	32
sometimes	even	32
every	school	32
individual	has	32
skill	levels	32
absolutely	necessary	32
confirmed	in	32
just	when	32
who	spent	32
of	practice	32
sharing	information	32
policies	and	32
facts	that	32
received	no	32
mortality	in	32
with	foreign	32
democrats	in	32
before	congress	32
that	incorporates	32
society	organizations	32
were	cut	32
beings	are	32
is	reserved	32
after	leaving	32
eat	it	32
don't	work	32
are	sufficient	32
think	more	32
remember	it	32
fourth	of	32
to	perpetuate	32
of	flight	32
the	church's	32
fears	that	32
have	collected	32
in	higher	32
of	instruments	32
for	law	32
this	organization	32
leverage	the	32
paper	series	32
i'm	talking	32
are	showing	32
help	fund	32
how	bad	32
ride	on	32
humans	have	32
been	cited	32
abandoned	the	32
every	page	32
holds	that	32
is	undoubtedly	32
now	works	32
individual	basis	32
and	skilled	32
could	think	32
of	java	32
lighting	and	32
made	aware	32
helped	make	32
problems	or	32
in	wyoming	32
effects	from	32
he	sat	32
works	of	32
messages	that	32
research	shows	32
and	deeper	32
stopped	to	32
and	mentor	32
the	developmental	32
on	legal	32
consistency	of	32
the	hartford	32
you	pick	32
say	things	32
so	simple	32
the	observer	32
she	teaches	32
qualities	and	32
drawing	and	32
page	content	32
the	trailer	32
tenets	of	32
this	proposal	32
stresses	the	32
happened	on	32
the	tale	32
quotes	from	32
struck	out	32
initiate	the	32
state	senator	32
the	forecast	32
saying	is	32
ultimately	be	32
women	who	32
the	wings	32
of	corporal	32
during	our	32
districts	are	32
cell	biology	32
in	salt	32
far	right	32
their	mouths	32
the	pressures	32
access	control	32
change	without	32
school	where	32
other	interested	32
concerns	regarding	32
kids	have	32
these	genes	32
to	elaborate	32
counseling	center	32
career	was	32
upon	graduation	32
the	oecd	32
the	audience	32
be	tried	32
the	uninsured	32
this	situation	32
bring	people	32
food	bank	32
instructor	for	32
was	interviewed	32
always	do	32
team	leader	32
please	download	32
nation	has	32
center	offers	32
explosion	of	32
classroom	instruction	32
who	believed	32
directed	by	32
exists	between	32
described	here	32
student	activities	32
the	interview	32
house	bill	32
alive	in	32
your	problem	32
through	their	32
exist	or	32
million	over	32
commonly	called	32
her	education	32
the	dissemination	32
the	shortest	32
with	digital	32
save	for	32
awareness	for	32
soap	and	32
very	few	32
school	library	32
the	official	32
outlining	the	32
books	with	32
board	with	32
then	returned	32
can	answer	32
lord	god	32
second	chance	32
red	light	32
this	industry	32
careful	consideration	32
to	pinpoint	32
interventions	in	32
and	launch	32
trade	unions	32
communicated	to	32
the	conception	32
their	latest	32
is	inevitable	32
your	classes	32
living	standards	32
scientist	and	32
in	heaven	32
diagnose	and	32
was	committed	32
child	abuse	32
salary	of	32
linking	to	32
lives	have	32
bishop	of	32
the	urgent	32
can	listen	32
most	active	32
meetings	at	32
academic	progress	32
of	mercury	32
one	could	32
is	packed	32
and	barbara	32
seeing	how	32
standing	at	32
talk	was	32
these	facilities	32
while	working	32
giving	him	32
blogs	and	32
eighth	grade	32
colleagues	from	32
audience	is	32
can't	have	32
read	these	32
of	intensive	32
could	increase	32
legislation	was	32
signal	that	32
politicians	who	32
excited	that	32
alteration	of	32
sales	taxes	32
you	seek	32
husband	was	32
the	knee	32
cases	were	32
question	has	32
taken	advantage	32
the	legend	32
of	liquid	32
state	fair	32
kansas	state	32
school	student	32
risks	are	32
that's	where	32
browser	navigation	32
alphabetical	order	32
new	brunswick	32
transformation	in	32
from	george	32
the	rational	32
even	bigger	32
would	lose	32
affiliation	with	32
too	much	32
leave	with	32
temperatures	in	32
ways	and	32
can	ever	32
plot	to	32
express	my	32
to	realise	32
its	military	32
another	important	32
he	got	32
abstain	from	32
underscores	the	32
our	power	32
is	demonstrated	32
hearing	was	32
exhibition	is	32
are	potentially	32
they	tried	32
has	expired	32
like	manner	32
arrangements	with	32
national	standards	32
funds	that	32
performed	using	32
says	his	32
following	link	32
of	globalization	32
items	such	32
job	seekers	32
artist	who	32
spending	more	32
throughout	new	32
perfect	place	32
attendees	will	32
if	both	32
using	its	32
seminar	on	32
piles	of	32
and	diabetes	32
much	closer	32
officer	at	32
the	respondents	32
and	inclusion	32
tourism	and	32
higher	order	32
us	better	32
could	serve	32
applicant	is	32
for	biological	32
need	someone	32
the	coin	32
the	sustainable	32
investigations	and	32
doctors	are	32
walked	in	32
are	governed	32
three	ways	32
places	with	32
refine	the	32
skills	or	32
be	thinking	32
it	wants	32
another	language	32
altering	the	32
credited	to	32
web	services	32
alterations	in	32
she	thinks	32
public	universities	32
past	president	32
and	false	32
and	globally	32
to	congratulate	32
full	size	32
show	an	32
remote	areas	32
host	an	32
at	cal	32
are	glad	32
to	overturn	32
everything	on	32
single	one	32
its	member	32
trust	is	32
information	sources	32
have	selected	32
for	breakfast	32
new	account	32
observations	on	32
water	rights	32
of	death	32
showed	no	32
would	affect	32
of	masonic	32
clergy	and	32
will	listen	32
an	audit	32
the	compound	32
place	within	32
campaign	has	32
epa	is	32
were	issued	32
second	one	32
fulfill	their	32
prevent	future	32
for	applying	32
metro	area	32
their	decisions	32
first	annual	32
of	religious	32
had	read	32
she	made	32
she	studied	32
in	biomedical	32
strongly	believe	32
saw	their	32
data	suggest	32
diligently	to	32
unique	perspective	32
message	with	32
on	your	32
undergraduate	studies	32
i'm	so	32
tradition	in	32
timely	fashion	32
discussed	below	32
employees	that	32
solar	cells	32
been	arrested	32
study	were	32
eating	habits	32
and	frank	32
of	vitamin	32
their	early	32
or	treatment	32
with	ideas	32
to	refrain	32
region	with	32
secondary	navigation	32
and	nurturing	32
running	around	32
land	trust	32
permission	for	32
turn	back	32
decisions	based	32
areas	were	32
exception	is	32
could	even	32
and	practiced	32
years	past	32
these	institutions	32
the	advantage	32
poster	session	32
the	silent	32
request	form	32
like	any	32
the	toughest	32
physician	who	32
the	wichita	32
children	are	32
giving	away	32
done	an	32
book	review	32
meeting	or	32
graduating	in	32
markets	are	32
we	teach	32
required	courses	32
of	cultures	32
three	separate	32
design	team	32
be	buried	32
exchange	ideas	32
the	racial	32
the	ama	32
an	occasion	32
distinction	in	32
vladimir	putin	32
of	adoption	32
emerging	technologies	32
more	commonly	32
educational	activities	32
its	publication	32
have	bought	32
performed	as	32
who	thought	32
more	competitive	32
historic	preservation	32
innovative	programs	32
they	weren't	32
speech	at	32
be	laid	32
photos	are	32
greek	word	32
his	partner	32
or	lower	32
research	conducted	32
american	art	32
the	target	32
the	betterment	32
skills	will	32
follow	it	32
his	hometown	32
to	swallow	32
can	cut	32
eastern	european	32
areas	including	32
you	listen	32
and	talented	32
new	faculty	32
came	upon	32
and	controlled	32
to	develop	32
since	you	32
she	hopes	32
reviewed	in	32
to	prohibit	32
vietnam	and	32
imposition	of	32
cooperation	on	32
also	plays	32
in	transition	32
having	had	32
remains	one	32
and	streams	32
the	toilet	32
reflections	on	32
you	couldn't	32
impressions	of	32
and	vulnerable	32
just	think	32
if	appropriate	32
national	university	32
milestone	in	32
have	graduated	32
cannot	help	32
of	publishing	32
may	show	32
maybe	we	32
days	per	32
was	watching	32
you	attend	32
play	as	32
our	programs	32
great	potential	32
must	become	32
not	associated	32
translated	by	32
and	motor	32
christmas	day	32
to	constitute	32
or	complete	32
objective	was	32
include	but	32
were	successful	32
apply	online	32
their	contribution	32
mount	sinai	32
third	world	32
communities	throughout	32
greater	number	32
must	receive	32
player	of	32
the	payroll	32
contain	any	32
just	let	32
will	achieve	32
in	honor	32
than	having	32
representation	in	32
be	sharing	32
other	individuals	32
for	outstanding	32
often	they	32
under	his	32
even	just	32
own	family	32
heavily	involved	32
over	ten	32
walk	from	32
increase	awareness	32
your	advisor	32
out	during	32
actions	taken	32
medicine	in	32
not	add	32
mary	ann	32
the	cure	32
learned	more	32
campaign	contributions	32
international	criminal	32
myself	for	32
of	fruits	32
varied	and	32
tell	stories	32
banks	in	32
comes	after	32
your	participation	32
workshop	at	32
yet	another	32
five	years	32
the	referendum	32
benefits	package	32
also	enjoy	32
subject	was	32
has	implemented	32
statistical	methods	32
home	depot	32
sits	in	32
by	credit	32
all	schools	32
are	calculated	32
system	is	32
the	communist	32
asserting	that	32
of	psychiatry	32
valley	is	32
the	net	32
responsibilities	to	32
currently	lives	32
rate	on	32
might	become	32
and	means	32
cross	section	32
which	stands	32
military	force	32
keystone	xl	32
from	countries	32
gender	and	32
farm	is	32
their	voice	32
of	corporations	32
gift	will	32
is	entering	32
dna	damage	32
ensure	our	32
be	giving	32
immediately	after	32
must	file	32
and	italy	32
course	may	32
we	care	32
be	respected	32
considerable	amount	32
specific	area	32
high	number	32
camps	in	32
no	cure	32
technology	is	32
can	return	32
high	standard	32
view	your	32
and	interactions	32
already	mentioned	32
first	choice	32
offers	more	32
is	conducting	32
of	trauma	32
the	young	32
life	together	32
very	near	32
blue	eyes	32
attitude	is	32
corporations	to	32
be	acceptable	32
mapping	of	32
were	honored	32
point	we	32
comic	book	32
this	behavior	32
also	affect	32
revelation	of	32
we	haven't	32
we	anticipate	32
and	policymakers	32
are	mentioned	32
system	based	32
world's	leading	32
talks	on	32
output	from	32
which	brings	32
and	brightest	32
full	report	32
it	passed	32
extend	their	32
child	needs	32
on	leadership	32
layout	of	32
still	exists	32
internet	connection	32
in	appearance	32
damage	from	32
several	occasions	32
past	weekend	32
monitor	their	32
talking	points	32
might	cause	32
finishing	the	32
against	our	32
in	criminology	32
unless	otherwise	32
the	poughkeepsie	32
the	saviour	32
they	reached	32
life	he	32
should	ever	32
labor	relations	32
into	the	32
notes	for	32
help	solve	32
and	metal	32
our	human	32
presented	his	32
but	why	32
for	disabled	32
san	bernardino	32
of	municipal	32
healthcare	provider	32
based	in	32
still	waiting	32
an	internet	32
to	constantly	32
foundation	is	32
and	educating	32
still	trying	32
your	passion	32
drugs	or	32
fair	amount	32
have	responded	32
limited	access	32
wrong	way	32
of	detroit	32
so	even	32
brought	down	32
summit	of	32
miller	and	32
with	applicable	32
of	trash	32
process	which	32
significant	change	32
and	stephen	32
luck	with	32
having	problems	32
throughout	europe	32
maps	to	32
ground	level	32
tested	with	32
internet	for	32
to	blend	32
last	modified	32
airport	and	32
from	top	32
image	that	32
museum	and	32
new	legislation	32
the	predicted	32
implications	of	32
true	story	32
form	must	32
ever	known	32
changes	over	32
standard	browser	32
the	virus	32
the	arena	32
with	instructions	32
change	its	32
medication	and	32
be	married	32
unless	the	32
host	family	32
material	you	32
attention	has	32
open	mind	32
was	wearing	32
no	control	32
dissertation	research	32
post	your	32
you	purchase	32
as	anything	32
that	regard	32
for	graduate	32
and	strengthening	32
lecture	series	32
plants	from	32
of	statistical	32
local	leaders	32
who	speak	32
be	content	32
and	rescue	32
pressing	the	32
descended	from	32
questioning	the	32
in	style	32
with	companies	32
meet	some	32
were	reviewed	32
dissatisfied	with	32
primary	research	32
from	afghanistan	32
terrorist	attack	32
are	contained	32
of	mexican	32
shift	of	32
ignored	by	32
else	could	32
and	reduces	32
democracy	is	32
the	rejection	32
be	fired	32
it	deserves	32
or	ten	32
it	meets	32
nuclear	weapon	32
the	super	32
me	very	32
the	quantum	32
each	piece	32
this	capacity	32
move	up	32
make	life	32
algorithms	and	32
speech	on	32
for	fish	32
we	fail	32
build	relationships	32
banking	and	32
go	here	32
teaches	in	32
by	five	32
individual	students	32
and	events	32
sponsors	and	32
above	mentioned	32
can	stand	32
almost	immediately	32
apparent	in	32
and	salt	32
and	compelling	32
moderate	to	32
of	st	32
of	early	32
to	raising	32
in	organic	32
show	what	32
that	changed	32
on	broadway	32
direct	you	32
oversight	and	32
veterans	in	32
research	articles	32
proponent	of	32
and	universal	32
inclusive	and	32
emissions	by	32
situation	has	32
must	still	32
would	play	32
the	icu	32
more	exciting	32
not	mentioned	32
tar	sands	32
and	telephone	32
and	churches	32
moving	away	32
this	act	32
give	way	32
election	day	32
or	having	32
have	consistently	32
the	prayers	32
useful	when	32
as	crew	32
the	volunteer	32
here	he	32
military	forces	32
this	connection	32
face	on	32
perhaps	most	32
this	name	32
god	alone	32
be	creative	32
balanced	and	32
europe	is	32
but	please	32
judgment	in	32
contracts	for	32
small	children	32
absorption	of	32
tax	reform	32
discussed	how	32
the	tribes	32
learn	from	32
will	compete	32
stepped	in	32
be	seeing	32
future	work	32
and	guest	32
internally	displaced	32
the	memorial	32
washington	county	32
an	angel	32
check	or	32
and	export	32
prospects	of	32
it	fails	32
of	humanities	32
are	leading	32
the	morning	32
be	somewhat	32
most	striking	32
of	thumb	32
can	draw	32
other	group	32
just	starting	32
audubon	society	32
that	demonstrates	32
catholic	church	32
where	women	32
to	praise	32
happened	with	32
again	we	32
the	saints	32
please	complete	32
prepared	with	32
was	voted	32
the	specimen	32
are	busy	32
the	blessings	32
all	applicants	32
my	question	32
from	early	32
the	constitution	32
criticisms	of	32
president	bill	32
simplicity	and	32
by	attending	32
foods	are	32
last	modified	32
give	my	32
in	south	32
only	real	32
before	beginning	32
to	secondary	32
my	lord	32
car	for	32
loan	is	32
sins	and	32
are	lower	32
program	areas	32
your	behalf	32
counties	of	32
had	good	32
of	educators	32
your	file	32
lot	better	32
many	organizations	32
the	buffalo	32
pop	up	32
texas	state	32
is	fundamental	32
across	north	32
is	evil	32
the	mathematical	32
help	teachers	32
every	new	32
states	army	32
present	your	32
advisors	and	32
not	belong	32
in	seeking	32
can	effectively	32
gather	information	32
mechanisms	and	32
suffering	in	32
is	celebrated	32
having	it	32
and	improvements	32
of	criticism	32
from	central	32
the	naked	32
show	this	32
can	implement	32
healthy	life	32
to	dream	32
of	article	32
topics	including	32
please	give	32
international	standards	32
assistance	for	32
on	terrorism	32
as	discussed	32
perhaps	you	32
everyone	who	32
for	progress	32
just	off	32
focus	their	32
presumed	to	32
key	factor	32
descriptions	and	32
be	disappointed	32
station	on	32
asian	studies	32
the	tool	32
this	piece	32
continues	with	32
core	curriculum	32
thanks	so	32
minister	to	32
was	turned	32
walking	around	32
youth	leadership	32
third	day	32
love	being	32
principles	and	32
past	eight	32
library	catalog	32
security	measures	32
be	bought	32
the	announcement	32
add	this	32
the	almighty	32
assembly	and	32
methods	were	32
graduates	from	32
were	shot	32
the	explosion	32
them	feel	32
always	an	32
did	she	32
distinction	is	32
solely	by	32
two	options	32
real	value	32
just	use	32
no	direct	32
costs	will	32
state	parks	32
red	river	32
to	tailor	32
with	intellectual	32
inequality	in	32
secret	to	32
for	extra	32
meet	her	32
we	treat	32
the	applicant's	32
although	many	32
national	policy	31
binding	of	31
and	mexican	31
save	us	31
you	are	31
with	relevant	31
emerges	from	31
fixed	by	31
and	transform	31
express	your	31
should	plan	31
programs	are	31
who	played	31
your	views	31
apply	these	31
for	cash	31
fish	species	31
tract	of	31
another	opportunity	31
also	share	31
structure	was	31
but	instead	31
similarities	and	31
happen	with	31
murdered	in	31
she	recently	31
prosperity	of	31
were	simply	31
illnesses	and	31
please	tell	31
then	it's	31
consulting	services	31
internet	is	31
small	fraction	31
stay	informed	31
follow	any	31
honor	society	31
be	suspended	31
by	night	31
mandated	by	31
are	speaking	31
and	beat	31
tv	series	31
sexual	activity	31
his	days	31
sizes	of	31
different	sources	31
this	movie	31
close	look	31
later	on	31
tirelessly	to	31
vessels	and	31
separately	from	31
our	profession	31
for	professionals	31
stands	as	31
this	town	31
attacks	by	31
their	treatment	31
and	deserve	31
will	therefore	31
often	times	31
be	leaving	31
began	its	31
attractive	and	31
should	contain	31
and	taste	31
involved	as	31
treat	them	31
because	they're	31
they	probably	31
steps	you	31
reservations	are	31
the	tropical	31
to	temporarily	31
from	abroad	31
regularly	for	31
representatives	of	31
at	midnight	31
students	only	31
but	otherwise	31
were	elected	31
them	get	31
the	uk's	31
the	ministry	31
education	act	31
any	personal	31
of	grain	31
should	serve	31
energy	sector	31
undertaken	to	31
energy	conservation	31
please	follow	31
we	received	31
techniques	such	31
the	closing	31
brings	up	31
the	difficulty	31
hold	up	31
work	independently	31
put	us	31
poverty	reduction	31
and	humanities	31
global	market	31
their	doors	31
told	my	31
books	or	31
done	nothing	31
and	consistently	31
great	day	31
we	realized	31
the	embryo	31
sacred	scripture	31
being	replaced	31
my	application	31
customers	with	31
water	source	31
lowering	the	31
been	drawn	31
don't	you	31
the	vision	31
be	strengthened	31
serve	their	31
depicting	the	31
which	seeks	31
conference	was	31
god's	love	31
most	complex	31
or	do	31
to	elevate	31
these	effects	31
demands	and	31
predictors	of	31
we	walk	31
the	inauguration	31
in	darfur	31
the	expedition	31
accessible	from	31
produced	an	31
credits	are	31
retirement	benefits	31
utah	and	31
threaten	to	31
missing	out	31
it's	easy	31
liberty	to	31
for	judicial	31
fly	to	31
through	three	31
source	software	31
reason	he	31
evaluates	the	31
could	begin	31
buyers	and	31
the	math	31
child	development	31
institutions	have	31
that	extends	31
in	early	31
mexico	in	31
congratulations	to	31
plane	of	31
lie	to	31
in	taiwan	31
her	school	31
notes	from	31
you	probably	31
good	number	31
of	sending	31
and	lighting	31
mile	from	31
an	architect	31
the	sample	31
who	founded	31
negative	effect	31
you	knew	31
regarding	how	31
they	used	31
his	holiness	31
based	solely	31
using	both	31
kept	by	31
had	put	31
plans	were	31
and	puts	31
magazine	and	31
it's	so	31
the	dark	31
measured	at	31
conflicts	with	31
dared	to	31
of	satan	31
our	heart	31
look	over	31
three	miles	31
of	essays	31
the	flames	31
perception	and	31
of	courage	31
damage	caused	31
these	discussions	31
summer	school	31
dna	is	31
of	anthropology	31
was	devoted	31
by	keyword	31
reforms	to	31
board	members	31
until	september	31
of	cardiac	31
timeline	of	31
now	ready	31
very	unique	31
are	tied	31
recorded	as	31
compare	with	31
write	up	31
protect	us	31
by	identifying	31
password	is	31
these	plans	31
consumer	products	31
must	hold	31
to	pitch	31
seen	him	31
survey	and	31
camp	was	31
fellowship	program	31
houses	are	31
full-time	and	31
the	promised	31
economy	will	31
have	specific	31
increase	or	31
tools	they	31
our	sense	31
the	declaration	31
experience	with	31
semblance	of	31
new	look	31
our	findings	31
arrest	of	31
hatred	of	31
exploring	the	31
this	gift	31
entries	are	31
on	oct	31
their	existing	31
am	here	31
the	characteristic	31
directors	for	31
have	offered	31
goodness	of	31
education	through	31
isn't	it	31
since	september	31
steps	toward	31
who	can't	31
also	bring	31
with	dementia	31
and	implications	31
called	his	31
the	bush	31
robust	and	31
and	contracts	31
the	episode	31
night	was	31
of	infectious	31
be	fed	31
studies	have	31
emphasize	that	31
of	syria	31
opt	to	31
an	operating	31
he	studied	31
first	president	31
legal	aid	31
american	jewish	31
spots	in	31
data	indicate	31
child	health	31
the	human	31
the	qur'an	31
opinion	about	31
consulting	and	31
santa	ana	31
deepwater	horizon	31
contains	many	31
can	solve	31
getting	their	31
to	hone	31
help	prepare	31
and	assisted	31
parameters	and	31
neighbors	in	31
the	bees	31
urging	the	31
with	proper	31
constrained	by	31
of	attorney	31
toward	your	31
rules	and	31
sunday	afternoon	31
seen	how	31
to	smoke	31
american	life	31
beyond	this	31
in	speaking	31
the	creation	31
active	learning	31
companion	to	31
and	mining	31
area	residents	31
kill	you	31
is	not	31
an	ever	31
sent	them	31
undertake	the	31
journey	that	31
of	shame	31
collaborations	with	31
of	hands-on	31
lessons	from	31
through	saturday	31
the	norwegian	31
much	interest	31
all	questions	31
american	workers	31
representation	and	31
emergency	services	31
are	operating	31
numbers	were	31
two	teams	31
mount	holyoke	31
assisted	with	31
rooms	with	31
effort	into	31
acceptance	and	31
one	person	31
not	perform	31
they	ought	31
my	web	31
tie	the	31
next	big	31
cap	on	31
configured	to	31
his	article	31
statement	was	31
both	were	31
learning	environments	31
fine	with	31
be	discussing	31
just	returned	31
long	term	31
despite	all	31
his	life	31
precision	of	31
and	dean	31
boost	to	31
donors	who	31
itself	has	31
group	discussions	31
started	this	31
the	waiver	31
the	scriptures	31
were	tested	31
were	constructed	31
uses	this	31
it	used	31
may	exist	31
officer	who	31
and	gardens	31
was	met	31
had	broken	31
research	center	31
paintings	of	31
say	goodbye	31
is	improving	31
film	about	31
the	wet	31
us	over	31
move	around	31
road	that	31
artistic	director	31
universality	of	31
he	stood	31
who	wishes	31
greek	and	31
budget	office	31
in	electrical	31
image	shows	31
the	vulnerability	31
of	ours	31
through	two	31
folks	are	31
and	flowers	31
surround	the	31
another	question	31
situation	was	31
better	idea	31
by	certain	31
but	i'm	31
throw	away	31
second	language	31
the	apple	31
for	digital	31
reversal	of	31
by	raising	31
river	basin	31
been	moved	31
his	report	31
forum	in	31
ireland	and	31
particularly	with	31
god	of	31
is	justified	31
more	intense	31
congressional	district	31
care	facility	31
management	strategies	31
checked	the	31
an	informative	31
new	regulations	31
operates	in	31
change	his	31
their	tax	31
and	shrubs	31
jobs	or	31
in	istanbul	31
is	housed	31
was	excited	31
throughout	all	31
blessed	one	31
more	consistent	31
management	services	31
everyday	lives	31
free	download	31
cost	more	31
environmental	policy	31
and	modeling	31
indian	people	31
from	anyone	31
the	segment	31
of	pope	31
co-founder	and	31
to	setup	31
said	something	31
company	can	31
section	shall	31
the	intermediate	31
as	clear	31
vote	is	31
words	like	31
really	love	31
tour	guide	31
black	sea	31
land	management	31
and	industries	31
defeated	by	31
são	paulo	31
it	covers	31
the	dental	31
drug	is	31
is	plenty	31
related	to	31
pivotal	role	31
global	issues	31
itself	into	31
committee	on	31
by	fire	31
chair	for	31
were	purchased	31
that	act	31
held	every	31
being	studied	31
are	directed	31
north	end	31
more	focused	31
white	men	31
not	continue	31
allies	in	31
donor	sponsored	31
road	map	31
the	details	31
professional	skills	31
justice	in	31
the	ambassador	31
we	accept	31
materials	or	31
good	understanding	31
and	accurately	31
exposure	to	31
conservation	district	31
box	for	31
lesson	is	31
food	prices	31
your	claim	31
the	buttons	31
bundle	of	31
request	by	31
visiting	professor	31
has	posted	31
recently	launched	31
new	group	31
share	this	31
more	informed	31
the	lab	31
discovered	by	31
more	rigorous	31
coordinated	the	31
not	improve	31
qualitative	research	31
worth	more	31
direct	result	31
are	readily	31
skills	training	31
democrats	are	31
also	observed	31
trips	are	31
abuse	is	31
intentions	of	31
social	research	31
walking	with	31
describe	what	31
muslim	world	31
years	without	31
murder	and	31
state	tax	31
samples	are	31
dynamics	in	31
hold	your	31
practitioners	in	31
mentioned	before	31
the	northern	31
the	technological	31
in	malaysia	31
and	databases	31
having	them	31
all	living	31
the	colour	31
own	money	31
iraqi	government	31
of	disaster	31
will	operate	31
the	precious	31
mistaken	for	31
grants	are	31
dear	friend	31
or	organizations	31
food	safety	31
the	bureau	31
every	word	31
temperatures	are	31
for	increasing	31
accident	in	31
this	content	31
has	generated	31
as	critical	31
to	tear	31
were	transferred	31
fears	and	31
refugees	from	31
the	kyoto	31
of	large-scale	31
that	determines	31
these	may	31
the	investigation	31
emanating	from	31
your	return	31
on	saturdays	31
designing	the	31
available	within	31
children	who	31
available	in	31
is	investigating	31
on	terror	31
be	highlighted	31
their	sons	31
have	control	31
announced	by	31
taxes	in	31
other	wildlife	31
cities	like	31
delegation	to	31
very	challenging	31
for	pregnant	31
knew	we	31
of	smoking	31
and	alaska	31
made	several	31
about	politics	31
author	unknown	31
method	can	31
uncertainty	about	31
the	milky	31
for	networking	31
consciousness	is	31
tracks	and	31
check	our	31
and	parks	31
combine	to	31
out	without	31
blog	for	31
has	traveled	31
who	earn	31
and	hunting	31
written	statement	31
international	center	31
this	era	31
the	endowment	31
of	humility	31
most	countries	31
bring	new	31
unemployment	benefits	31
start	by	31
it	later	31
elections	to	31
offer	free	31
it	runs	31
and	sees	31
can	discuss	31
knows	where	31
stock	exchange	31
stays	in	31
your	travel	31
extreme	poverty	31
huge	impact	31
have	expanded	31
great	joy	31
rules	on	31
although	many	31
electron	microscopy	31
although	these	31
from	prison	31
and	staying	31
the	boy	31
even	within	31
on	jan	31
and	academics	31
their	lands	31
major	step	31
not	act	31
the	asia-pacific	31
he	created	31
they	speak	31
associate	degree	31
draw	upon	31
and	threats	31
exactly	like	31
determinants	of	31
new	series	31
save	on	31
overall	goal	31
organs	and	31
message	body	31
equal	in	31
deal	on	31
health	problem	31
indians	and	31
groups	at	31
deadlines	for	31
die	for	31
online	community	31
new	light	31
entirely	by	31
proper	use	31
the	white	31
between	january	31
sets	forth	31
the	union	31
are	legally	31
occur	within	31
to	lobby	31
special	emphasis	31
the	winners	31
translate	the	31
like	no	31
was	planned	31
be	voted	31
uploaded	to	31
disposed	to	31
section	below	31
about	myself	31
large	groups	31
he	built	31
for	collaboration	31
supporting	our	31
be	arrested	31
researchers	will	31
who	try	31
of	treatments	31
the	console	31
action	as	31
army	air	31
to	flourish	31
into	full	31
that	applies	31
the	campaign	31
the	beloved	31
the	miracle	31
attendees	to	31
convert	to	31
high	rates	31
goodbye	to	31
future	years	31
be	argued	31
with	dark	31
right	back	31
shot	of	31
geared	towards	31
farmers	market	31
raised	on	31
clinic	is	31
the	headline	31
calls	are	31
and	careful	31
pot	of	31
opens	with	31
of	elementary	31
of	variables	31
club	members	31
death	rate	31
the	library's	31
sociology	and	31
to	alcohol	31
in	applied	31
in	chronic	31
and	passionate	31
to	charity	31
who	qualify	31
every	hour	31
the	immense	31
budget	proposal	31
take	its	31
of	execution	31
it	gave	31
later	when	31
from	six	31
federal	courts	31
this	law	31
by	check	31
me	there	31
for	adult	31
back	yard	31
of	righteousness	31
of	urgency	31
financing	of	31
shall	become	31
start	this	31
physical	sciences	31
and	exchange	31
community	organizing	31
obtain	information	31
putting	in	31
his	latest	31
of	freedom	31
louisiana	state	31
design	for	31
thou	hast	31
drug	that	31
accomplished	in	31
rocky	mountains	31
of	cutting	31
burden	to	31
extend	our	31
the	commissioners	31
you	show	31
their	water	31
the	concert	31
we	intend	31
to	compose	31
were	moved	31
the	os	31
ago	as	31
have	conducted	31
not	written	31
but	later	31
account	on	31
the	governor	31
is	classified	31
and	resurrection	31
had	created	31
as	assistant	31
cover	crops	31
instruction	for	31
became	apparent	31
he	now	31
problems	we	31
sum	up	31
faces	and	31
targeting	the	31
official	said	31
emotional	support	31
by	combining	31
for	recycling	31
documentary	about	31
using	different	31
not	difficult	31
degree	program	31
money	laundering	31
first	group	31
policies	on	31
syndrome	is	31
she	still	31
jesus	has	31
people	must	31
practice	their	31
new	health	31
came	over	31
or	select	31
along	side	31
being	killed	31
and	quality	31
suffolk	county	31
teachers	of	31
the	antarctic	31
checking	account	31
we	let	31
on	basic	31
protection	of	31
fans	and	31
last	thursday	31
little	guy	31
these	sources	31
can	form	31
exhibition	at	31
people	learn	31
center	provides	31
mind	was	31
and	chairman	31
and	confusion	31
will	transform	31
month	later	31
two	sisters	31
touching	the	31
junior	high	31
openness	and	31
improve	it	31
corporation	and	31
and	praise	31
of	unemployment	31
their	content	31
the	civil	31
same	information	31
axis	of	31
sector	has	31
it	says	31
watch	this	31
miracle	of	31
centerpiece	of	31
be	correct	31
this	film	31
by	steve	31
host	country	31
and	allies	31
allow	this	31
be	alone	31
confirms	the	31
should	review	31
normally	be	31
players	who	31
month	on	31
is	complicated	31
sovereignty	of	31
been	turned	31
are	themselves	31
as	assigned	31
or	lost	31
advised	the	31
galleries	and	31
little	better	31
instruction	on	31
reports	were	31
of	labour	31
with	sufficient	31
am	convinced	31
the	car	31
grip	on	31
photo	id	31
sentient	beings	31
might	mean	31
his	previous	31
the	war	31
immigration	and	31
receive	it	31
began	by	31
delve	into	31
guess	what	31
nelson	mandela	31
fort	collins	31
in	shanghai	31
because	everyone	31
an	empirical	31
strain	on	31
best	solution	31
and	tissue	31
meals	for	31
and	controlling	31
insisting	that	31
underage	drinking	31
be	playing	31
following	up	31
by	teaching	31
teaches	courses	31
the	idf	31
for	nearly	31
library	resources	31
strides	in	31
would	stop	31
various	stages	31
this	framework	31
features	on	31
will	not	31
regularly	with	31
alignment	of	31
our	monthly	31
medicare	part	31
when	both	31
authority	is	31
win	this	31
were	destroyed	31
doubt	on	31
will	inspire	31
scholars	of	31
my	left	31
is	saved	31
the	production	31
southern	california	31
seminar	will	31
vaccine	is	31
fish	are	31
troubled	by	31
protocols	and	31
of	organisms	31
open	water	31
this	exercise	31
for	coverage	31
application	has	31
its	community	31
experimental	and	31
been	busy	31
young	child	31
paved	the	31
forgiveness	and	31
join	together	31
stay	connected	31
you	wait	31
take	two	31
teaching	award	31
back	over	31
and	evolutionary	31
major	cause	31
staff	were	31
and	executed	31
community	services	31
in	dna	31
drawing	from	31
and	constantly	31
has	multiple	31
your	diet	31
available	now	31
applications	will	31
created	on	31
making	money	31
body	parts	31
early	april	31
delegation	of	31
other	systems	31
or	why	31
american	airlines	31
half	as	31
are	dead	31
at	george	31
of	integrity	31
past	century	31
young	adult	31
nursing	and	31
than	later	31
pleasures	of	31
much	different	31
society	has	31
were	shown	31
enforcing	the	31
by	multiple	31
local	artists	31
difficult	it	31
his	dream	31
could	read	31
majority	leader	31
are	sick	31
are	perfectly	31
of	visual	31
and	stroke	31
something	special	31
even	think	31
enrollment	and	31
demonstrated	in	31
management	plan	31
bestowed	upon	31
and	holy	31
was	delighted	31
presidential	campaign	31
medical	malpractice	31
the	actor	31
congressional	budget	31
readers	will	31
and	selecting	31
won	an	31
been	converted	31
have	talked	31
be	careful	31
programs	designed	31
us	feel	31
highest	priority	31
did	he	31
doesn't	want	31
an	addition	31
we	gave	31
make	much	31
is	spread	31
strong	sense	31
other	family	31
and	molecular	31
the	sun	31
may	participate	31
your	seat	31
explore	their	31
good	business	31
brought	them	31
practice	at	31
they	wanted	31
students	each	31
liver	and	31
clicking	on	31
and	conflict	31
of	baseball	31
an	authority	31
and	carries	31
feet	long	31
or	herself	31
council	of	31
soil	moisture	31
provide	evidence	31
painting	of	31
closed	doors	31
our	progress	31
themselves	by	31
managers	to	31
from	developing	31
mainly	to	31
clinical	studies	31
had	run	31
from	medical	31
school	years	31
the	inception	31
hills	and	31
scale	is	31
treatment	programs	31
mission	and	31
myself	that	31
which	opened	31
from	an	31
their	basic	31
the	pc	31
are	tested	31
it's	worth	31
would	expand	31
may	we	31
be	flexible	31
for	drinking	31
hire	an	31
infant	mortality	31
and	lesbians	31
to	mix	31
and	methodology	31
lay	people	31
yes	to	31
action	plans	31
are	obtained	31
civil	society	31
research	society	31
and	every	31
for	designing	31
register	online	31
by	doing	31
life	into	31
the	goodness	31
be	inspired	31
await	the	31
direct	from	31
raised	from	31
weaken	the	31
bed	with	31
slowed	down	31
program	staff	31
held	out	31
treatment	or	31
but	until	31
last	friday	31
be	interviewed	31
products	will	31
the	electronic	31
political	prisoners	31
will	match	31
the	analytical	31
also	conducted	31
another	year	31
the	upgrade	31
their	spiritual	31
includes	more	31
participants	were	31
the	intel	31
academic	standards	31
and	tolerance	31
don't	go	31
final	step	31
demonstrations	and	31
that	forms	31
the	sri	31
are	continually	31
beds	and	31
digital	library	31
and	overseas	31
ever	done	31
activities	including	31
my	brothers	31
earned	by	31
use	among	31
history	month	31
interpersonal	skills	31
really	make	31
those	working	31
compares	to	31
complex	than	31
foods	to	31
noted	on	31
any	business	31
thickness	of	31
approach	will	31
under	conditions	31
were	full	31
many	examples	31
plate	and	31
an	algorithm	31
risen	to	31
probably	won't	31
always	thought	31
our	individual	31
hospitals	to	31
repository	for	31
the	doe	31
contingent	on	31
performed	for	31
parts	per	31
great	man	31
activities	related	31
course	there	31
infectious	diseases	31
newly	formed	31
this	free	31
firms	to	31
of	prisoners	31
management	at	31
were	drawn	31
or	eliminate	31
facilitating	the	31
sign	in	31
letters	in	31
by	parents	31
specifying	the	31
of	theology	31
mentors	and	31
here's	how	31
the	blue	31
the	shade	31
immigration	status	31
papers	will	31
institution	of	31
the	praise	31
left	it	31
to	stir	31
at	arizona	31
religious	freedom	31
freedom	and	31
food	assistance	31
be	believed	31
left	onto	31
an	illustration	31
revealed	by	31
they	consider	31
your	acceptance	31
what	those	31
medical	device	31
by	drawing	31
very	slow	31
to	conventional	31
learning	community	31
growth	as	31
thousands	more	31
officials	from	31
technical	report	31
page	provides	31
must	stop	31
prey	to	31
national	monument	31
to	contend	31
king	county	31
along	this	31
of	cambridge	31
fruit	trees	31
am	to	31
hub	of	31
contains	over	31
post	subject	31
retail	and	31
we	begin	31
computer	technology	31
never	found	31
being	released	31
dismissed	the	31
geared	to	31
is	honored	31
was	either	31
new	hope	31
major	research	31
his	successor	31
the	strict	31
figure	is	31
of	richmond	31
games	in	31
straight	from	31
starting	out	31
the	sponsoring	31
this	comprehensive	31
set	them	31
is	tough	31
valuable	experience	31
read	their	31
might	work	31
the	margin	31
book	also	31
vested	interest	31
candidates	with	31
includes	some	31
campus	as	31
also	cause	31
in	memphis	31
organic	food	31
be	sought	31
cover	for	31
particular	emphasis	31
our	regular	31
one	school	31
autism	and	31
avenues	for	31
some	problems	31
of	insurance	31
of	mining	31
one	generation	31
may	purchase	31
reputation	and	31
necessity	to	31
supportive	environment	31
and	define	31
written	request	31
and	usage	31
head	was	31
this	person	31
capital	punishment	31
wise	and	31
and	thrive	31
in	port	31
calculated	for	31
facility	will	31
gathering	and	31
and	downs	31
insights	from	31
spaces	for	31
we	both	31
about	eight	31
health	professions	31
audit	report	31
gateway	to	31
how	effective	31
announced	on	31
of	fiscal	31
also	reduce	31
actions	on	31
pregnant	woman	31
pest	management	31
and	integrating	31
the	elders	31
by	brian	31
may	live	31
moment	is	31
internships	and	31
will	fill	31
provider	for	31
in	genesis	31
will	earn	31
the	terms	31
appreciation	to	31
not	addressed	31
reached	its	31
sonoma	county	31
estate	planning	31
start	over	31
no	secret	31
which	appear	31
unclear	whether	31
services	through	31
we	add	31
an	underlying	31
something	out	31
growing	demand	31
in	grants	31
honor	society	31
of	sport	31
is	compatible	31
see	so	31
reading	skills	31
honors	college	31
box	with	31
the	crew	31
money	back	31
without	compromising	31
then	let	31
water	can	31
who	was	31
singing	and	31
from	indiana	31
on	reducing	31
three	levels	31
which	allow	31
spots	on	31
and	reuse	31
repeated	in	31
passage	in	31
how	should	31
oath	of	31
manuscript	collections	31
has	designed	31
ceremony	of	31
again	next	31
custom	of	31
presence	on	31
expanding	their	31
printed	and	31
we	finally	31
driving	in	31
an	apparent	31
interim	rule	31
honor	for	31
and	performance	31
that	generate	31
by	telling	31
or	ask	31
water	bottle	31
residents	of	31
me	get	31
online	version	31
colorado	at	31
students	during	31
learning	through	31
either	at	31
the	pulse	31
the	evaluation	31
in	farming	31
is	slated	31
additional	questions	31
been	documented	31
childhood	education	31
speaking	on	31
brand	name	31
human	society	31
also	benefit	31
mothers	in	31
has	maintained	31
one	block	31
innovative	research	31
provides	more	31
more	hours	31
very	personal	31
this	tutorial	31
weeks	from	31
in	sociology	31
to	outline	31
economic	opportunity	31
to	graduation	31
board	shall	31
more	transparent	31
turn	away	31
not	endorse	31
the	beginning	31
first	order	31
rely	upon	31
the	odd	31
goods	or	31
identity	is	31
select	from	31
seen	through	31
the	pancreas	31
that	kids	31
was	exactly	31
personal	income	31
farm	workers	31
and	harassment	31
shelter	in	31
critic	of	31
between	science	31
economics	at	31
open	spaces	31
her	marriage	30
workers	on	30
travelled	to	30
what	kinds	30
have	everything	30
was	administered	30
worship	service	30
be	repaid	30
please	register	30
written	down	30
percent	were	30
alcohol	use	30
fortunate	that	30
this	article	30
called	up	30
the	allegations	30
environmental	education	30
license	is	30
platforms	and	30
go	towards	30
to	rapidly	30
area	around	30
this	assumption	30
positions	with	30
enriched	by	30
single	family	30
grows	in	30
army	was	30
counted	in	30
bilateral	relations	30
was	young	30
and	republicans	30
bodies	in	30
download	it	30
your	donation	30
work	zone	30
to	pack	30
employee	may	30
is	poised	30
conditions	such	30
stripped	of	30
an	international	30
the	distinctive	30
or	agency	30
parties	involved	30
still	under	30
inspire	and	30
species	as	30
have	prepared	30
communities	where	30
reforms	in	30
just	completed	30
far	east	30
in	preparation	30
and	resume	30
very	old	30
vote	was	30
to	comfort	30
violence	that	30
to	hate	30
who	fought	30
ends	in	30
the	officers	30
assists	with	30
from	japan	30
savings	in	30
were	making	30
be	documented	30
they	pass	30
worse	for	30
development	at	30
freedom	for	30
ship	to	30
specific	issues	30
transport	to	30
parallel	with	30
the	spinal	30
credits	in	30
is	revealed	30
trade	agreement	30
vitamins	and	30
officials	were	30
fire	at	30
book	club	30
and	demanded	30
expanded	its	30
the	mess	30
international	university	30
identified	for	30
his	signature	30
car	was	30
mandate	to	30
curious	to	30
reimbursement	for	30
or	post	30
conducted	an	30
labeled	with	30
last	word	30
press	for	30
year	because	30
advocacy	efforts	30
teeth	and	30
consideration	is	30
are	influenced	30
and	pedestrian	30
insufficient	to	30
way	things	30
trinidad	and	30
is	interpreted	30
to	improve	30
done	well	30
common	thread	30
he	considered	30
implemented	as	30
be	captured	30
game	theory	30
the	demographic	30
mistake	to	30
show	any	30
fullness	of	30
souls	of	30
my	classes	30
and	countless	30
related	information	30
bones	and	30
on	mobile	30
any	issues	30
lies	with	30
times	they	30
has	stopped	30
is	slow	30
representatives	in	30
the	citation	30
violations	and	30
outdoor	recreation	30
healthy	foods	30
the	symposium	30
he	recalls	30
the	little	30
market	has	30
rights	commission	30
outlined	the	30
the	death	30
all	working	30
sent	from	30
add	another	30
his	word	30
column	in	30
the	osu	30
submitting	the	30
in	bulgaria	30
the	bomb	30
devices	in	30
like	everyone	30
deeply	about	30
life	support	30
are	naturally	30
to	sink	30
credits	include	30
for	enhancing	30
i've	found	30
velocity	of	30
good	choice	30
of	livestock	30
union	is	30
financial	stability	30
passed	since	30
considered	when	30
very	basic	30
they	cannot	30
our	side	30
designation	of	30
register	by	30
no	comments	30
over	any	30
pull	up	30
school	counselor	30
been	passed	30
general	motors	30
ask	why	30
of	continuing	30
and	tribal	30
his	presentation	30
old	son	30
who	completed	30
different	reasons	30
palestinian	authority	30
the	historical	30
we	hear	30
values	from	30
balancing	the	30
who	responded	30
impetus	for	30
of	intelligent	30
to	employers	30
of	journalists	30
assisting	in	30
high	end	30
into	town	30
mobile	app	30
big	money	30
surrounding	communities	30
the	seventh	30
complain	that	30
bottom	line	30
underscore	the	30
cable	television	30
providing	you	30
he	held	30
damaged	or	30
superiority	of	30
about	jesus	30
she	heard	30
credit	history	30
of	expanding	30
programme	in	30
scenes	from	30
is	fighting	30
your	symptoms	30
totality	of	30
become	even	30
looking	to	30
writing	from	30
owner	or	30
recognise	the	30
surfaces	of	30
coming	here	30
force	reserve	30
revised	and	30
survey	will	30
the	rail	30
he	tells	30
one	party	30
the	calculations	30
thrown	away	30
be	trusted	30
attract	and	30
receptive	to	30
mine	and	30
to	adjourn	30
administered	to	30
got	off	30
the	good	30
analyzed	by	30
by	performing	30
gear	and	30
gonna	be	30
went	over	30
its	parts	30
text	editor	30
keeping	their	30
its	former	30
church	on	30
new	strategies	30
end	users	30
to	compel	30
credit	score	30
daughters	of	30
these	features	30
menu	bar	30
and	graphic	30
staring	at	30
materials	science	30
the	curtain	30
relations	are	30
erosion	and	30
through	august	30
this	finding	30
also	mentioned	30
this	teachersfirst	30
sky	and	30
everything	possible	30
ground	on	30
or	failure	30
collaboration	is	30
least	twice	30
foundation	will	30
of	massive	30
may	decide	30
on	par	30
analysis	will	30
this	release	30
be	deducted	30
available	resources	30
not	selected	30
until	late	30
bags	of	30
information	officer	30
his	young	30
it	supports	30
dogs	are	30
travel	expenses	30
the	cats	30
community	would	30
person	would	30
problems	can	30
deeds	of	30
just	above	30
as	independent	30
was	celebrated	30
the	cart	30
drawn	into	30
unique	position	30
the	beginnings	30
scheme	for	30
radiation	and	30
unanimously	approved	30
because	i'm	30
to	instruct	30
federal	grants	30
powers	that	30
face	when	30
user	account	30
an	open	30
kingdom	and	30
have	proposed	30
for	labor	30
namely	the	30
supported	by	30
doctor	can	30
guy	is	30
next	time	30
big	thing	30
your	calendar	30
long	standing	30
they	even	30
any	use	30
been	spent	30
of	farming	30
forces	have	30
not	every	30
an	easier	30
be	totally	30
gmt	server	30
her	right	30
marine	science	30
the	cosmos	30
spend	your	30
the	physiological	30
much	does	30
the	teachers	30
own	health	30
research	fellow	30
they	helped	30
association	in	30
running	from	30
was	largely	30
since	most	30
websites	that	30
in	infancy	30
your	daughter	30
estimates	are	30
and	senator	30
in	cairo	30
and	approve	30
and	mobility	30
key	components	30
examines	how	30
monterey	bay	30
and	measurement	30
common	sense	30
are	restricted	30
already	exists	30
who	oppose	30
and	secular	30
this	sector	30
fellows	program	30
registration	fees	30
of	eastern	30
boy	and	30
monday	at	30
mentoring	and	30
is	evaluated	30
new	language	30
in	salem	30
the	confirmation	30
vital	that	30
to	maintain	30
the	landmark	30
and	kindness	30
then	only	30
news	outlets	30
predicting	the	30
the	mpa	30
coastal	areas	30
various	countries	30
mental	illnesses	30
actively	in	30
only	just	30
obtained	with	30
violence	against	30
classroom	teacher	30
empowerment	of	30
enabled	by	30
nervous	about	30
communities	through	30
meetings	were	30
available	when	30
alternative	is	30
fear	is	30
illustrated	with	30
about	going	30
machines	are	30
autumn	of	30
merged	with	30
to	defer	30
and	moves	30
mile	to	30
senate	committee	30
contention	that	30
still	exist	30
following	guidelines	30
our	wonderful	30
chemotherapy	and	30
personal	computers	30
hosted	at	30
the	format	30
blood	cell	30
and	twenty	30
revisions	to	30
added	as	30
visitor	to	30
case	they	30
most	recent	30
andhra	pradesh	30
often	overlooked	30
serious	threat	30
access	information	30
raises	questions	30
proposed	project	30
supporting	this	30
some	days	30
reach	an	30
remain	as	30
for	submitting	30
every	semester	30
or	cultural	30
your	appointment	30
fixed	in	30
new	tool	30
story	at	30
without	losing	30
relax	and	30
must	contain	30
for	storage	30
growth	and	30
gallery	of	30
quote	the	30
ruling	class	30
large	percentage	30
we	appreciate	30
the	salvation	30
have	performed	30
sessions	were	30
say	nothing	30
urban	planning	30
course	also	30
credibility	and	30
will	arrive	30
charts	and	30
taxpayer	dollars	30
i'll	have	30
never	let	30
putting	it	30
individuals	may	30
getting	worse	30
few	short	30
emergency	care	30
interpreted	in	30
business	environment	30
the	cherokee	30
opened	fire	30
to	disrupt	30
script	and	30
fell	from	30
cal	state	30
am	more	30
jump	to	30
wife	was	30
would	begin	30
of	possibilities	30
light	years	30
the	podium	30
each	part	30
use	tax	30
think	these	30
the	phoenix	30
this	writing	30
the	king	30
are	rapidly	30
models	have	30
single	mothers	30
they	form	30
vantage	point	30
get	done	30
for	boys	30
made	after	30
produced	at	30
these	positions	30
the	symbolic	30
questions	and	30
the	stakes	30
funds	raised	30
with	heart	30
my	memory	30
to	submit	30
the	cook	30
privacy	act	30
desperate	need	30
deducted	from	30
redirected	to	30
asking	if	30
we	recently	30
the	countless	30
into	every	30
in	domestic	30
the	landfill	30
the	camp	30
was	deeply	30
big	fan	30
teach	at	30
another	great	30
admit	it	30
are	presently	30
drug	discovery	30
of	excitement	30
three	distinct	30
and	god	30
would	often	30
reader	of	30
and	basketball	30
has	collected	30
for	larger	30
and	ryan	30
dartmouth	college	30
american	psychological	30
the	binary	30
caregivers	and	30
reach	for	30
loss	of	30
immigrants	who	30
so	please	30
ranges	of	30
to	reopen	30
load	and	30
developing	nations	30
conceive	of	30
of	wheat	30
we	currently	30
her	friend	30
ecosystems	and	30
university	professor	30
installing	the	30
south	central	30
view	full	30
wider	audience	30
conference	proceedings	30
new	cases	30
ecology	and	30
athletic	training	30
category	archives	30
an	unlimited	30
didn't	really	30
provide	better	30
may	recommend	30
in	abundance	30
throne	of	30
meters	of	30
her	health	30
and	shares	30
will	again	30
leaders	as	30
as	discussed	30
entire	country	30
bank	in	30
friday	at	30
the	tribal	30
and	assists	30
of	horses	30
is	geared	30
powerpoint	presentation	30
life	when	30
comic	books	30
during	their	30
good	shape	30
after	years	30
undocumented	immigrants	30
wages	of	30
these	examples	30
the	slope	30
immigration	and	30
their	seats	30
the	widest	30
the	dawn	30
appointment	is	30
broke	down	30
getting	rid	30
the	insured	30
the	constitutionality	30
bacteria	in	30
indeed	be	30
leave	his	30
otherwise	would	30
projection	of	30
and	miss	30
gain	from	30
penalty	is	30
defense	of	30
is	elected	30
is	exposed	30
you'll	need	30
been	subjected	30
the	certificate	30
been	interested	30
course	examines	30
is	suffering	30
that	might	30
cell	proliferation	30
small	portion	30
of	stroke	30
can	end	30
crohn's	disease	30
whole	foods	30
plenary	session	30
for	equal	30
minds	to	30
research	service	30
after	leaving	30
the	wireless	30
other	type	30
choices	in	30
for	both	30
consider	an	30
his	younger	30
other	appropriate	30
has	enough	30
conscience	and	30
transcription	factors	30
your	tickets	30
more	modern	30
project	on	30
to	america's	30
signs	are	30
there	appears	30
really	no	30
also	wanted	30
for	healthcare	30
column	is	30
preceding	the	30
students	become	30
luxury	of	30
like	myself	30
heads	in	30
anderson	and	30
not	confined	30
dismissal	of	30
built	at	30
procedure	in	30
down	payment	30
the	scientists	30
they're	going	30
scientific	papers	30
joint	commission	30
lake	superior	30
more	beautiful	30
eye	for	30
activity	at	30
be	fulfilled	30
acid	and	30
small	enough	30
the	ranch	30
most	up-to-date	30
file	contains	30
magazine	and	30
achieve	our	30
mechanisms	are	30
by	epa	30
under	contract	30
bear	witness	30
his	post	30
the	broadest	30
the	river	30
for	regional	30
of	interior	30
community	resources	30
new	place	30
benefits	as	30
and	utilize	30
convenience	and	30
letters	were	30
teachersfirst	review	30
is	beneficial	30
except	those	30
settling	in	30
into	different	30
and	custom	30
medical	assistance	30
upper	left	30
edited	by	30
will	award	30
an	outlet	30
dwell	in	30
the	unique	30
witness	of	30
describe	their	30
was	lying	30
states	would	30
audience	with	30
must	admit	30
stand	as	30
our	existing	30
since	these	30
the	colon	30
anniversary	of	30
to	privacy	30
works	hard	30
walk	out	30
the	licensing	30
survey	by	30
permit	for	30
completed	before	30
ideal	candidate	30
them	being	30
an	alliance	30
were	missing	30
either	one	30
too	fast	30
just	wants	30
scholars	to	30
important	source	30
will	emphasize	30
and	abandoned	30
expect	them	30
the	brave	30
was	extended	30
throughout	my	30
even	make	30
we	walked	30
leave	from	30
else	has	30
we	discover	30
the	children's	30
to	accumulate	30
be	successfully	30
decade	or	30
went	wrong	30
thirds	of	30
university	system	30
the	appeals	30
texas	department	30
don't	let	30
also	completed	30
up	where	30
to	arise	30
we	aim	30
many	changes	30
or	perhaps	30
is	threatened	30
the	incumbent	30
title	ix	30
the	holes	30
facility	with	30
skills	such	30
now	so	30
continue	his	30
single	or	30
as	proposed	30
view	these	30
lowest	level	30
of	mission	30
idea	about	30
and	pull	30
an	evolutionary	30
excellent	opportunity	30
case	of	30
an	interface	30
replied	to	30
at	tufts	30
monitoring	system	30
night	as	30
those	early	30
when	god	30
younger	children	30
first	chapter	30
and	ranchers	30
provide	technical	30
came	under	30
their	properties	30
larger	scale	30
favorite	part	30
its	content	30
piece	that	30
crafts	and	30
evidence	was	30
are	raising	30
until	further	30
directions	of	30
his	military	30
own	food	30
some	major	30
is	regulated	30
their	duty	30
her	ability	30
the	refrigerator	30
in	hot	30
from	princeton	30
those	times	30
so	my	30
and	relax	30
we	aim	30
command	is	30
out	again	30
ruled	by	30
separation	between	30
flat	and	30
rhythm	of	30
competition	was	30
major	concern	30
or	senior	30
secondary	education	30
one	aspect	30
group	for	30
vision	loss	30
everything	he	30
then	turn	30
emotion	and	30
also	notes	30
their	human	30
permission	of	30
office	building	30
remembered	for	30
were	members	30
an	inventory	30
essential	services	30
its	products	30
retain	their	30
of	difficulty	30
frequent	and	30
groups	can	30
of	wyoming	30
services	division	30
of	coursework	30
keeping	your	30
wrote	this	30
we	therefore	30
force	in	30
research	award	30
installed	by	30
this	possibility	30
signals	that	30
was	perhaps	30
compliant	with	30
always	there	30
they	couldn't	30
and	confirmed	30
frame	for	30
also	studied	30
the	lovely	30
the	sacrament	30
asking	that	30
our	thinking	30
against	god	30
the	treaty	30
run	an	30
and	insight	30
networks	are	30
generally	have	30
review	all	30
speak	english	30
the	monks	30
the	salt	30
in	sociology	30
or	pay	30
in	bosnia	30
been	allowed	30
texas	tech	30
had	arrived	30
or	seven	30
more	enjoyable	30
update	their	30
passing	on	30
for	upcoming	30
the	dairy	30
in	puerto	30
his	later	30
professor	emeritus	30
pretty	cool	30
burning	of	30
an	enthusiastic	30
residence	of	30
interactions	of	30
was	accomplished	30
forum	for	30
court	case	30
diet	of	30
or	written	30
for	rent	30
most	severe	30
meet	up	30
returned	with	30
this	woman	30
evidence	of	30
who	go	30
this	scholarship	30
every	week	30
they	experience	30
the	widow	30
years	until	30
he	describes	30
account	number	30
tasks	in	30
child	labor	30
and	coffee	30
care	if	30
care	coverage	30
that	emphasizes	30
student	handbook	30
develop	into	30
you	stop	30
to	encompass	30
employers	in	30
break	it	30
each	area	30
issue	or	30
son	who	30
about	another	30
these	funds	30
for	investment	30
organized	for	30
see	fit	30
the	rehabilitation	30
to	vietnam	30
from	john	30
they	use	30
guitar	and	30
south	texas	30
rain	or	30
and	stir	30
if	possible	30
agents	in	30
the	feast	30
crisis	that	30
gravity	of	30
also	shown	30
at	risk	30
billion	per	30
jews	who	30
searches	and	30
for	innovative	30
and	emotionally	30
talents	to	30
the	annual	30
text	or	30
the	export	30
who	visited	30
the	incentive	30
and	teaching	30
panels	and	30
education	services	30
the	permanent	30
its	location	30
many	thousands	30
entrusted	to	30
the	pharmaceutical	30
were	adopted	30
smith	was	30
speech	that	30
chronicle	of	30
social	status	30
the	dream	30
complaint	against	30
in	receiving	30
of	hate	30
come	after	30
settings	in	30
governing	board	30
was	totally	30
retention	and	30
the	diocese	30
of	billions	30
decline	to	30
and	threw	30
users	may	30
all	information	30
so	impressed	30
know	very	30
the	existing	30
proposal	will	30
economic	and	30
selected	based	30
releases	and	30
model	can	30
template	for	30
and	adds	30
no	harm	30
you	went	30
must	accept	30
company	was	30
consider	your	30
of	veterans	30
but	perhaps	30
sponsors	of	30
any	other	30
health	program	30
our	library	30
trafficking	in	30
eyes	on	30
wider	range	30
help	parents	30
division	is	30
clinton	and	30
mm	long	30
board	shall	30
not	authorized	30
be	consulted	30
that	we	30
they	allow	30
set	apart	30
system	could	30
facing	our	30
body	mass	30
the	artist	30
be	tough	30
for	clean	30
doing	nothing	30
degrees	celsius	30
thursday	at	30
south	bend	30
senior	airman	30
the	wars	30
different	perspective	30
million	or	30
story	from	30
what	role	30
the	night	30
determines	that	30
be	accurate	30
direct	or	30
inform	and	30
would	start	30
measure	would	30
now	before	30
may	register	30
alcohol	abuse	30
edition	is	30
following	steps	30
national	youth	30
certificate	is	30
the	mfa	30
can't	say	30
campus	on	30
the	circular	30
any	concerns	30
everyone	has	30
trail	to	30
team	had	30
members	had	30
with	professor	30
collaboratively	with	30
mentor	to	30
my	team	30
his	supporters	30
thing	he	30
they	affect	30
operating	expenses	30
gathered	together	30
those	goals	30
seems	so	30
actually	make	30
additional	funds	30
no	formal	30
my	goals	30
and	winning	30
are	controlled	30
to	spot	30
necessary	information	30
am	by	30
physicians	who	30
with	plans	30
family	members	30
club	is	30
are	reminded	30
strange	and	30
family	were	30
common	ground	30
great	people	30
for	others	30
aim	for	30
had	the	30
use	different	30
configuration	of	30
subjects	with	30
send	him	30
than	doubled	30
and	cooking	30
solidarity	and	30
her	mother	30
applicants	are	30
and	commerce	30
he	refused	30
for	independent	30
to	solicit	30
the	aisle	30
remove	it	30
be	mindful	30
moving	through	30
your	church	30
of	phoenix	30
the	jail	30
you	post	30
your	calendars	30
county	council	30
federal	communications	30
is	bringing	30
running	at	30
laboratory	and	30
and	honest	30
and	gender	30
we	owe	30
just	south	30
the	downtown	30
means	an	30
the	infinite	30
them	against	30
of	developmental	30
pushed	to	30
can	contain	30
you'll	find	30
for	mental	30
my	classroom	30
please	keep	30
did	when	30
of	guilt	30
determinant	of	30
drivers	are	30
big	problem	30
of	hardware	30
researched	and	30
is	putting	30
personal	level	30
you	gain	30
air	pollutants	30
carbon	tax	30
who	represent	30
management	plans	30
green	oa	30
this	version	30
interview	on	30
google	is	30
as	previously	30
of	complexity	30
primarily	through	30
prosecution	of	30
ideology	of	30
from	cancer	30
blood	tests	30
will	test	30
i've	made	30
needs	assessment	30
the	older	30
some	examples	30
glance	at	30
an	ordinance	30
revenues	and	30
the	wabash	30
his	success	30
announced	its	30
during	development	30
your	answers	30
in	lincoln	30
the	environmental	30
suicide	prevention	30
drove	to	30
public	institutions	30
and	assisting	30
an	individual's	30
this	resulted	30
is	finding	30
was	wonderful	30
down	through	30
not	recorded	30
of	negotiations	30
developed	over	30
immigrants	from	30
our	american	30
inspiring	and	30
needed	more	30
and	professors	30
this	feeling	30
their	employment	30
binds	to	30
melinda	gates	30
empire	state	30
produced	by	30
or	false	30
examples	that	30
to	tolerate	30
receive	no	30
in	industrial	30
volume	in	30
joys	of	30
research	suggests	30
enjoyed	it	30
morbidity	and	30
and	milk	30
key	points	30
largest	number	30
party	or	30
the	qualifications	30
includes	many	30
state	water	30
only	good	30
this	school	30
as	chairman	30
enrollment	of	30
any	help	30
of	compensation	30
occupy	wall	30
death	toll	30
winners	will	30
health	administration	30
the	web	30
dollars	from	30
provide	quality	30
for	independence	30
the	board's	30
distinctions	between	30
which	still	30
can	maintain	30
layout	and	30
so	she	30
that	won	30
knowing	that	30
retrieved	from	30
club	in	30
best	option	30
unemployment	insurance	30
armed	with	30
would	even	30
new	funding	30
errors	of	30
lower	cost	30
efficient	use	30
praise	and	30
socially	responsible	30
weeks	prior	30
simple	majority	30
british	army	30
at	our	30
school	choice	30
children	had	30
patients	may	30
this	figure	30
all	those	30
partners	for	30
and	interpreting	30
throughout	history	30
despite	being	30
in	presenting	30
over	those	30
business	strategy	30
look	down	30
we	strongly	30
the	forum	30
raising	their	30
might	call	30
lesser	extent	30
to	suppose	30
many	resources	30
aerospace	engineering	30
and	theories	30
in	birmingham	30
this	small	30
being	addressed	30
are	celebrating	30
you	trust	30
students	complete	30
the	wound	30
of	culture	30
of	golf	30
be	independent	30
new	album	30
flows	from	30
contractors	and	30
movement	was	30
warning	to	30
lists	for	30
was	driving	30
heads	and	30
considerably	more	30
by	jack	30
and	posters	30
public	notice	30
focus	has	30
of	mechanical	30
only	help	30
written	communication	30
molecular	mechanisms	30
former	member	30
depicts	the	30
to	recycle	30
memorial	library	30
also	produced	30
column	of	30
the	possibility	30
report	from	30
three	members	30
service	member	30
close	contact	30
welcomes	the	30
an	optimal	30
hiv	testing	30
aside	and	30
enormous	amount	30
important	when	30
it	aims	30
significantly	in	30
the	dictionary	30
wrap	up	30
waves	of	30
bank	is	30
more	critical	30
be	helping	30
wakes	up	30
answers	are	30
table	that	30
this	commitment	30
this	poem	30
hung	up	30
art	world	30
the	left-hand	30
effective	means	30
were	excited	30
many	parents	30
rate	as	30
field	of	30
glucose	levels	30
national	origin	30
new	board	30
last	saturday	30
can	therefore	30
and	everyday	30
simply	as	30
setting	is	30
successfully	in	30
public	health	30
each	stage	30
his	senior	30
tenure	in	30
this	incredible	30
on	planning	30
historical	data	30
amidst	the	30
so	beautiful	30
her	father's	30
also	needed	30
numbers	from	30
tax	policy	30
protocols	for	30
an	infection	30
more	visible	30
animals	were	30
you	grow	30
plain	and	30
ball	in	30
main	source	30
will	destroy	30
has	meant	30
was	entitled	30
is	repeated	30
cars	in	30
these	events	30
represented	on	30
also	enjoyed	30
managers	in	30
cry	out	30
benefiting	from	30
specimens	of	30
highest	rates	30
install	it	30
tour	in	30
taxpayer	money	30
that	focused	30
that	teach	30
thus	it	30
happen	at	30
worker	in	30
program	requirements	30
the	instant	30
will	check	30
quantitative	and	30
kids	from	30
medical	waste	30
it	shall	30
compassion	for	30
of	reproductive	30
prisoners	in	30
our	greatest	30
will	launch	30
unlike	other	30
by	surprise	30
the	fold	30
guides	and	30
gear	up	30
an	innocent	30
expand	your	30
downstream	of	30
and	spain	30
pretending	to	30
the	bookstore	30
will	fight	30
also	referred	30
ran	to	30
of	behavioral	30
how	great	30
after	several	30
are	bad	30
adjustment	to	30
an	inner	30
sea	and	30
in	securing	30
must	choose	30
gearing	up	30
should	feel	30
the	beneficiary	30
it	seem	30
these	initiatives	30
himself	into	30
some	local	30
may	explain	30
we	felt	30
perfect	example	30
of	tension	30
we	tell	30
his	party	30
our	desire	30
drag	the	30
down	when	30
best	quality	30
of	muscle	30
weekends	and	30
in	finance	30
the	village	30
you	guys	30
songs	of	30
the	reconstruction	30
the	reports	30
or	transfer	30
dressed	up	30
cover	it	30
you	make	30
shipment	of	30
massachusetts	general	30
prior	approval	30
with	examples	30
posted	here	30
cultural	studies	30
nutrition	and	30
marriage	as	30
from	western	29
jackson	county	29
what	they're	29
an	ipad	29
group	work	29
of	humanitarian	29
ruins	of	29
indigenous	peoples	29
parent	is	29
our	final	29
shows	what	29
report	any	29
in	possession	29
this	earth	29
in	copenhagen	29
who	provided	29
to	recreate	29
of	acres	29
peculiar	to	29
girl	was	29
than	good	29
handbook	of	29
by	users	29
free	shipping	29
how	might	29
qualifications	for	29
we	observe	29
of	civic	29
the	authorization	29
research	working	29
his	will	29
the	ancient	29
really	helped	29
for	cancer	29
bag	and	29
amazed	by	29
their	backs	29
know	any	29
of	urban	29
several	large	29
has	affected	29
and	eggs	29
of	what's	29
links	that	29
progress	made	29
stolen	from	29
the	smoke	29
of	vietnam	29
the	holder	29
safe	routes	29
sale	or	29
behind	us	29
and	observe	29
skeptical	of	29
the	knights	29
its	target	29
entity	that	29
your	patience	29
conducted	for	29
minimizing	the	29
seated	in	29
blood	on	29
his	beloved	29
save	their	29
view	their	29
private	company	29
time	goes	29
are	viewing	29
she	loves	29
guidelines	on	29
and	brothers	29
back	seat	29
or	if	29
real	problems	29
staying	with	29
every	level	29
communities	can	29
independent	living	29
you	win	29
benefits	of	29
be	healthy	29
the	bank	29
incorporates	the	29
find	solutions	29
tell	the	29
lose	sight	29
will	conclude	29
are	moved	29
the	smooth	29
their	homeland	29
white	sox	29
diet	is	29
medicines	and	29
alternative	energy	29
shale	gas	29
only	problem	29
stay	home	29
the	nuclear	29
visitors	can	29
quite	clear	29
his	doctorate	29
fellowship	in	29
he	walked	29
this	creates	29
but	they're	29
the	petition	29
is	wearing	29
academia	and	29
the	mdgs	29
the	digestive	29
no	knowledge	29
step	out	29
technological	and	29
the	graph	29
are	six	29
physical	properties	29
application	must	29
attorneys	and	29
money	than	29
theft	of	29
of	copper	29
done	something	29
know	something	29
spotlight	on	29
interfering	with	29
has	ended	29
delegates	from	29
emeritus	of	29
deeply	into	29
good	results	29
of	innocent	29
grade	for	29
of	blacks	29
sleeping	in	29
our	control	29
marital	status	29
are	unsure	29
all	things	29
and	protects	29
shalt	not	29
real	reason	29
presentations	from	29
traffic	in	29
making	its	29
company	also	29
skilled	in	29
and	deserves	29
were	taking	29
reception	in	29
the	rough	29
elected	president	29
later	at	29
amenable	to	29
days	old	29
latest	developments	29
worn	out	29
army	to	29
mandates	that	29
the	attitudes	29
are	strictly	29
they	stand	29
are	sharing	29
citizen	and	29
removal	from	29
the	system's	29
delaware	code	29
he	played	29
we'll	have	29
and	co-founder	29
was	compiled	29
an	assault	29
potential	benefits	29
only	during	29
entities	to	29
learning	center	29
the	prosecutor	29
attend	college	29
many	kinds	29
hours	worked	29
our	policy	29
doesn't	know	29
pillars	of	29
and	concise	29
as	recently	29
copied	from	29
changes	or	29
or	purchase	29
feel	at	29
because	he	29
don't	make	29
counselors	and	29
nights	and	29
to	prospective	29
the	masters	29
this	feature	29
classes	are	29
this	map	29
contrast	between	29
and	modify	29
customer	satisfaction	29
he	bought	29
demise	of	29
two	day	29
split	up	29
this	mode	29
regulatory	and	29
are	administered	29
free	up	29
collaborative	efforts	29
led	them	29
pioneered	the	29
the	cincinnati	29
them	very	29
faculty	will	29
you	simply	29
evidence	as	29
officials	at	29
it	reaches	29
social	impact	29
being	produced	29
should	therefore	29
done	without	29
speech	was	29
very	valuable	29
the	joint	29
common	problem	29
students	find	29
donations	for	29
for	two	29
the	devastation	29
minority	students	29
medicine	at	29
way	possible	29
you	today	29
found	throughout	29
some	nice	29
enough	so	29
football	coach	29
minute	or	29
were	captured	29
the	plasma	29
names	on	29
prestigious	award	29
to	deter	29
health	promotion	29
going	over	29
private	or	29
bring	our	29
let	out	29
being	recognized	29
for	change	29
the	commons	29
or	sign	29
to	iran	29
by	date	29
we	send	29
conveniently	located	29
obstacles	in	29
costs	on	29
office	building	29
as	private	29
themes	that	29
the	invisible	29
federal	officials	29
and	handed	29
will	force	29
fruit	in	29
outcomes	are	29
disable	the	29
by	serving	29
fall	or	29
research	related	29
the	prospective	29
oil	from	29
ruling	that	29
priority	is	29
knew	they	29
but	less	29
she	now	29
throughout	this	29
water	vapor	29
iraq	is	29
young	adults	29
environmental	studies	29
the	aids	29
will	remove	29
these	provisions	29
impact	on	29
but	really	29
the	end	29
traits	of	29
application	to	29
installment	of	29
the	balloon	29
they	decide	29
animals	with	29
information	visit	29
dealings	with	29
actively	participate	29
industry	and	29
soul	in	29
major	challenge	29
deviate	from	29
prayers	are	29
international	student	29
proposed	budget	29
than	thirty	29
text	as	29
pattern	in	29
index	to	29
study	conducted	29
intake	and	29
your	service	29
private	health	29
the	historic	29
new	models	29
members	must	29
mary	was	29
voters	who	29
our	e-mail	29
purchase	price	29
and	backgrounds	29
his	argument	29
projects	or	29
your	practice	29
civic	and	29
duties	in	29
until	may	29
west	side	29
inception	of	29
safety	issues	29
which	occurs	29
modifying	the	29
and	clarity	29
holiday	inn	29
were	taught	29
in	delivering	29
his	audience	29
down	upon	29
boys	in	29
the	marshall	29
idea	or	29
can	anyone	29
with	each	29
any	order	29
practice	or	29
our	class	29
mit	and	29
abuse	or	29
being	named	29
political	economy	29
subscription	to	29
nations	have	29
have	lower	29
consumption	is	29
are	utilized	29
eligibility	criteria	29
via	rss	29
innovative	solutions	29
regions	are	29
spoken	in	29
still	time	29
people	being	29
the	forum	29
in	visual	29
health	foundation	29
is	partly	29
my	clients	29
israel	for	29
please	consult	29
an	overview	29
your	posts	29
it's	great	29
that	foster	29
truth	and	29
upon	receipt	29
living	there	29
theology	and	29
lab	is	29
both	my	29
professional	associations	29
in	springfield	29
submission	and	29
they	only	29
provide	new	29
was	expressed	29
both	ends	29
of	profit	29
operating	on	29
tuesday	morning	29
epidemic	of	29
more	lives	29
issues	can	29
born	and	29
for	friday	29
sustainability	in	29
my	very	29
time	away	29
pretty	clear	29
actually	quite	29
as	active	29
those	that	29
you	speak	29
save	time	29
was	fired	29
enjoyed	reading	29
after	taking	29
and	uncertainty	29
but	without	29
on	identifying	29
hubble	space	29
the	weekends	29
rather	have	29
boards	are	29
gesture	of	29
nursing	care	29
and	sing	29
roster	of	29
programming	in	29
their	office	29
found	there	29
owner	is	29
team	found	29
opened	on	29
strategy	for	29
the	precision	29
is	grown	29
have	probably	29
this	value	29
the	courthouse	29
he	argues	29
month	before	29
many	stories	29
somewhat	more	29
is	identical	29
interventions	to	29
membership	dues	29
positions	within	29
national	recognition	29
and	counting	29
asked	you	29
significant	step	29
some	others	29
you	recommend	29
his	desire	29
on	west	29
medical	marijuana	29
also	teaches	29
behavioral	and	29
appeals	court	29
outlined	above	29
of	captain	29
instruments	are	29
against	my	29
restaurant	in	29
abstract	and	29
doctoral	degrees	29
the	deed	29
the	stranger	29
the	bat	29
problems	such	29
southwest	of	29
the	import	29
is	thrilled	29
official	site	29
highest	standards	29
should	meet	29
jim	crow	29
so	small	29
no	avail	29
possible	if	29
and	smart	29
themselves	have	29
has	refused	29
and	gather	29
god	gave	29
competence	and	29
sessions	that	29
people	throughout	29
foreign	ministry	29
by	numerous	29
many	states	29
cardiac	arrest	29
chile	and	29
another	set	29
gained	by	29
the	apa	29
of	styles	29
he	even	29
and	citizenship	29
psychological	association	29
building	codes	29
written	from	29
the	venezuelan	29
has	numerous	29
just	such	29
accepted	that	29
partner	at	29
is	confirmed	29
the	confines	29
books	by	29
with	caution	29
primary	reason	29
to	exert	29
the	reader	29
place	between	29
installed	at	29
research	centre	29
using	two	29
of	major	29
content	will	29
bad	that	29
close	last-modified	29
holdings	of	29
really	going	29
peers	in	29
grant	program	29
the	detention	29
of	route	29
these	sessions	29
more	light	29
the	geographic	29
writing	or	29
the	willamette	29
by	foreign	29
by	exploring	29
birthday	party	29
community-based	organizations	29
speaks	about	29
following	his	29
all	comes	29
at	mount	29
member	has	29
their	view	29
at	chapel	29
the	finding	29
just	look	29
made	using	29
high	schools	29
second	class	29
be	sending	29
you	fail	29
read	some	29
producer	and	29
start	working	29
that	deals	29
limitations	and	29
link	with	29
the	pending	29
they	seem	29
our	relationships	29
including	both	29
direct	action	29
had	almost	29
introduce	students	29
the	cabinet	29
has	matched	29
extent	possible	29
strategy	was	29
but	feel	29
apartment	in	29
in	paragraph	29
state	regulations	29
the	reproductive	29
i've	read	29
whole	community	29
became	available	29
please	fill	29
define	what	29
amount	you	29
we	learn	29
we	value	29
the	impetus	29
of	macedonia	29
during	summer	29
my	decision	29
stream	to	29
recall	that	29
what's	the	29
internship	program	29
had	fun	29
was	thrown	29
close	you	29
conference	room	29
the	devil	29
this	vision	29
in	taxes	29
style	that	29
that's	where	29
directed	towards	29
services	including	29
on	appeal	29
send	us	29
software	engineering	29
is	comparable	29
what	are	29
warmth	and	29
and	receives	29
to	protect	29
and	confidential	29
cast	in	29
three	quarters	29
must	log	29
church	at	29
world	premiere	29
to	implementing	29
investors	in	29
data	using	29
are	regulated	29
click	here	29
e-mail	at	29
extended	from	29
cheap	and	29
not	wait	29
raised	for	29
he	published	29
simply	cannot	29
their	class	29
become	clear	29
next	summer	29
would	produce	29
moving	towards	29
industry	experts	29
comprehensive	plan	29
public	law	29
manufacturers	to	29
sea	levels	29
with	google	29
useful	as	29
looking	down	29
every	person	29
delighted	that	29
amazing	things	29
long	since	29
can	it	29
metal	and	29
golf	courses	29
is	implied	29
conversation	by	29
be	enabled	29
you	offer	29
permanent	resident	29
the	chapel	29
back	against	29
the	judicial	29
remind	them	29
demographic	and	29
during	normal	29
topic	or	29
such	systems	29
necessarily	be	29
will	connect	29
prenatal	care	29
count	for	29
cell	surface	29
the	reagan	29
to	mimic	29
with	their	29
service	project	29
new	york-based	29
the	richmond	29
when	appropriate	29
the	partnership	29
sold	on	29
literature	is	29
regional	director	29
organised	by	29
is	producing	29
people	go	29
exemption	from	29
of	grass	29
hate	it	29
sophisticated	and	29
rules	for	29
the	congo	29
case	has	29
saint	louis	29
almost	everything	29
come	off	29
the	believer	29
the	editing	29
of	women's	29
content	area	29
atmosphere	in	29
is	certified	29
dust	and	29
moves	from	29
was	fairly	29
spanish	language	29
physicians	to	29
for	civil	29
grand	forks	29
that	demonstrate	29
left	alone	29
protect	its	29
his	trip	29
subsidies	to	29
cannot	tell	29
it	occurred	29
type	of	29
including	three	29
legacy	of	29
gay	men	29
these	folks	29
up	because	29
for	participating	29
good	source	29
was	recruited	29
crime	scene	29
of	judicial	29
pilot	study	29
exam	will	29
focus	areas	29
the	departure	29
records	were	29
wish	we	29
to	shrink	29
this	culture	29
decades	later	29
spend	money	29
increased	use	29
every	thing	29
skilled	nursing	29
make	mistakes	29
the	endless	29
its	latest	29
doomed	to	29
loans	for	29
schedule	your	29
the	hospitality	29
the	legislature	29
the	longer	29
can	ensure	29
by	eliminating	29
don't	seem	29
influence	of	29
information	resources	29
him	off	29
come	out	29
inner	city	29
be	paying	29
own	mind	29
discovery	that	29
much	like	29
also	suggests	29
toward	this	29
was	expanded	29
for	engaging	29
was	convinced	29
must	develop	29
embodiment	of	29
the	botanical	29
yesterday	and	29
confess	that	29
we	decide	29
sheets	and	29
medical	director	29
top	level	29
call	her	29
will	fit	29
but	today	29
laboratory	for	29
palm	springs	29
and	movies	29
feared	that	29
of	completing	29
celebrate	their	29
has	promised	29
from	our	29
and	canadian	29
summer	at	29
weekly	basis	29
well	prepared	29
internship	in	29
state	would	29
been	implicated	29
maximum	amount	29
our	borders	29
those	skills	29
our	board	29
these	groups	29
by	introducing	29
can	assure	29
who	ran	29
the	metro	29
will	kick	29
otherwise	it	29
explanations	for	29
free	copy	29
the	phrase	29
the	enterprise	29
media	arts	29
the	wikimedia	29
google	analytics	29
am	et	29
this	language	29
and	puerto	29
improving	our	29
court	held	29
terrorist	group	29
panel	discussions	29
musical	instruments	29
thinking	about	29
construction	or	29
journey	in	29
put	more	29
proof	is	29
that	highlights	29
this	administration	29
if	nothing	29
emerge	as	29
motivated	and	29
the	company	29
partner	organizations	29
may	send	29
and	feels	29
keep	coming	29
licensed	by	29
animal	feed	29
no	trouble	29
and	clinics	29
article	also	29
for	instructions	29
local	levels	29
pay	it	29
negative	consequences	29
other	websites	29
the	pew	29
and	we've	29
field	has	29
can't	even	29
fall	off	29
fairfax	county	29
sound	system	29
her	childhood	29
to	ratify	29
has	acquired	29
checks	on	29
be	accounted	29
that	afternoon	29
shall	consist	29
public-private	partnership	29
still	see	29
has	traditionally	29
impact	their	29
you've	got	29
been	modified	29
the	importance	29
perspective	is	29
writing	an	29
should	first	29
channels	and	29
our	second	29
often	difficult	29
user	has	29
and	linux	29
scarcity	of	29
walk	up	29
to	efficiently	29
the	lunar	29
upon	arrival	29
tandem	with	29
add	your	29
vulnerability	of	29
are	sitting	29
were	estimated	29
advance	notice	29
your	mouse	29
makes	his	29
of	sports	29
infrastructure	for	29
this	annual	29
its	benefits	29
eligible	students	29
today	because	29
will	collect	29
currently	an	29
exempted	from	29
are	certified	29
that	obama	29
aspires	to	29
lawyer	and	29
cutting	off	29
doing	his	29
letter	that	29
without	changing	29
was	distributed	29
seriousness	of	29
with	input	29
processed	in	29
society	at	29
computer	programs	29
home	school	29
and	unusual	29
an	offering	29
the	tutorial	29
my	post	29
his	birth	29
her	experiences	29
economies	and	29
essays	on	29
hiding	in	29
as	executive	29
consensus	that	29
group	discussion	29
not	long	29
my	teaching	29
participation	from	29
little	information	29
from	nearly	29
facilities	on	29
my	high	29
standards	of	29
disorder	is	29
thank	our	29
it	consists	29
the	computational	29
asking	about	29
police	are	29
necessarily	reflect	29
ye	have	29
but	probably	29
don't	take	29
praise	for	29
has	read	29
samples	for	29
very	rewarding	29
been	prepared	29
free	service	29
tax	cut	29
decisions	regarding	29
added	by	29
the	keys	29
were	saying	29
to	continually	29
more	often	29
chest	and	29
display	on	29
the	guardian	29
and	where	29
his	family	29
of	adequate	29
small	community	29
only	then	29
the	absence	29
of	disabled	29
sports	teams	29
would	prove	29
legal	education	29
participation	by	29
by	bob	29
here's	what	29
have	your	29
future	plans	29
pleasantly	surprised	29
university	community	29
evolutionary	biology	29
laden	with	29
and	chairs	29
saved	in	29
be	celebrated	29
with	india	29
services	has	29
coach	at	29
other	news	29
other	european	29
from	israel	29
their	involvement	29
pass	from	29
were	ever	29
the	sisters	29
in	secret	29
to	wrap	29
land	or	29
defaults	to	29
of	multimedia	29
core	state	29
inasmuch	as	29
musician	and	29
other	religious	29
angel	of	29
award	at	29
sport	of	29
you	specify	29
crown	of	29
obama	was	29
visibility	of	29
and	native	29
clinical	trials	29
letter	of	29
use	such	29
ad	hoc	29
also	designed	29
the	opposing	29
learned	so	29
just	talking	29
the	liturgy	29
study	in	29
weather	events	29
and	dying	29
usually	are	29
for	marriage	29
shy	away	29
the	portfolio	29
place	when	29
waste	stream	29
the	premiere	29
enough	food	29
new	energy	29
in	tibet	29
texts	of	29
contribution	is	29
baccalaureate	degree	29
school	because	29
reason	not	29
is	gaining	29
sales	for	29
confused	about	29
also	takes	29
last	years	29
the	suspect	29
stay	here	29
the	center's	29
so	strong	29
of	low-income	29
while	back	29
shortness	of	29
case	western	29
card	at	29
starting	with	29
ethnic	and	29
research	groups	29
funeral	home	29
guys	who	29
this	institution	29
liver	disease	29
of	concentration	29
and	rain	29
state	funds	29
highly	trained	29
well	attended	29
launched	on	29
so	don't	29
percentages	of	29
fund	has	29
our	enemies	29
serious	consequences	29
far	off	29
has	certainly	29
president	xi	29
maintain	its	29
payments	in	29
faced	with	29
visualization	of	29
the	dialog	29
seriously	injured	29
increasing	numbers	29
signs	of	29
were	encouraged	29
everywhere	in	29
you	die	29
the	ontario	29
dividing	the	29
they	put	29
other	web	29
phd	students	29
discussions	in	29
friends	and	29
his	son	29
inclusive	of	29
make	it	29
the	appeal	29
major	areas	29
image	on	29
talent	in	29
he	wished	29
with	depression	29
were	organized	29
model	for	29
been	increasing	29
large	majority	29
arts	festival	29
attorney	fees	29
boards	of	29
provided	below	29
test	was	29
all	involved	29
individual	members	29
high	tech	29
the	administrator	29
the	names	29
our	beloved	29
and	eric	29
the	desires	29
mood	and	29
and	once	29
its	origin	29
is	viewed	29
general	services	29
trillion	dollars	29
students	interested	29
approval	is	29
for	attending	29
immigrants	in	29
am	today	29
them	too	29
what's	more	29
right	off	29
call	attention	29
saturday	afternoon	29
he	tried	29
things	going	29
readers	are	29
cells	with	29
head	back	29
the	pilot	29
farms	in	29
occupational	safety	29
certified	organic	29
on	oil	29
are	selling	29
the	keystone	29
always	ready	29
of	warfare	29
very	brief	29
his	original	29
creation	is	29
death	or	29
before	coming	29
dakota	state	29
of	italian	29
small	village	29
to	reduce	29
chronological	order	29
stands	to	29
be	handed	29
the	catalyst	29
any	errors	29
very	rich	29
ecosystem	services	29
damage	or	29
the	paradigm	29
recipients	are	29
federal	trade	29
room	where	29
behave	in	29
she	taught	29
last	season	29
recent	article	29
us	see	29
registered	nurses	29
state	legislatures	29
by	climate	29
non-county	area	29
three	men	29
for	creative	29
south	korean	29
four	new	29
of	adobe	29
whether	their	29
the	product	29
until	june	29
electronic	health	29
coaching	and	29
this	release	29
video	or	29
he	visited	29
are	aimed	29
food	for	29
there	because	29
to	solving	29
findings	on	29
the	passenger	29
and	bridges	29
in	homeland	29
tourism	industry	29
full	support	29
are	opposed	29
the	michigan	29
us	navy	29
perhaps	most	29
meal	and	29
than	average	29
office	by	29
adult	life	29
slopes	of	29
we	lost	29
and	forgiveness	29
the	microphone	29
most	important	29
unlike	most	29
get	new	29
their	courses	29
board	certified	29
of	victory	29
america	will	29
planned	in	29
read	aloud	29
universe	is	29
of	dogs	29
respects	the	29
road	was	29
intervention	is	29
had	originally	29
of	tiny	29
of	legislative	29
or	practice	29
king	was	29
sure	why	29
high	expectations	29
these	practices	29
spiritual	needs	29
risk	from	29
while	waiting	29
is	activated	29
or	damage	29
we	headed	29
has	responded	29
by	christian	29
kennedy	center	29
organized	by	29
the	indianapolis	29
she	never	29
our	conversation	29
relatively	large	29
war	was	29
with	climate	29
criticism	and	29
corporation	for	29
are	losing	29
mood	of	29
brands	and	29
model	will	29
have	money	29
green	light	29
nominations	for	29
library	staff	29
the	boss	29
main	reasons	29
allow	him	29
followed	him	29
is	empty	29
danger	is	29
should	learn	29
happy	new	29
help	explain	29
assembly	of	29
the	reporter	29
scholarship	for	29
new	development	29
only	by	29
bike	lanes	29
by	approximately	29
assistant	in	29
adventure	and	29
has	six	29
while	helping	29
and	chairman	29
felt	by	29
it	keeps	29
commitment	from	29
have	introduced	29
the	financial	29
across	disciplines	29
this	plant	29
certificate	programs	29
developing	their	29
all	families	29
formerly	known	29
recycling	and	29
in	lexington	29
and	enrollment	29
ceremony	for	29
content	as	29
system	where	29
unto	us	29
be	regulated	29
american	public	29
recently	started	29
explanation	is	29
choices	about	29
potential	problems	29
risks	that	29
got	them	29
the	palm	29
are	lucky	29
fell	asleep	29
fulfilling	the	29
added	value	29
grammar	and	29
york	at	29
school	graduation	29
annual	fund	29
sleep	on	29
all	classes	29
area	your	29
programs	include	29
of	molecules	29
of	nutrients	29
govern	the	29
union	is	29
college	students	29
phenomenon	is	29
digital	technology	29
federal	aviation	29
things	get	29
shutting	down	29
the	eleventh	29
fled	the	29
of	treating	29
your	device	29
early	education	29
optimized	for	29
sad	and	29
fundraising	and	29
occurs	during	29
her	child	29
members	present	29
was	dismissed	29
policy	center	29
best	fit	29
held	this	29
analyst	at	29
issue	from	29
much	good	29
between	students	29
each	member	29
took	effect	29
should	note	29
be	slightly	29
both	types	29
health	records	29
the	la	29
same	direction	29
anywhere	on	29
five	miles	29
not	deny	29
than	women	29
conversation	on	29
guard	and	29
reports	have	29
has	pledged	29
the	firing	29
don't	ask	29
to	procure	29
but	am	29
phase	is	29
was	amazed	29
the	programme	29
caring	for	29
done	about	29
and	though	29
member	will	29
to	imitate	29
this	belief	29
essay	is	29
retired	to	29
your	progress	29
provide	resources	29
is	virtually	29
am	hoping	29
more	practical	29
them	even	29
at	ut	29
the	drawings	29
biggest	challenge	29
who	serves	29
we	give	29
opened	his	29
invaluable	to	29
can	sell	29
photo	gallery	29
just	love	29
too	important	29
be	fairly	29
of	rational	29
real	issue	29
thoughts	in	29
muscles	and	29
rsvp	to	29
in	partnership	29
the	strain	29
comment	is	29
or	they	29
lesson	for	29
several	others	29
keeps	us	29
the	toronto	29
upper	division	29
be	causing	29
after	day	29
what	makes	29
the	broadcast	29
finding	the	29
or	sometimes	29
political	climate	29
working	for	29
two	pieces	29
work	alongside	29
completed	form	29
space	shuttle	29
behavioral	health	29
my	college	29
and	commerce	29
who	claim	29
generosity	and	29
and	voted	29
departments	are	29
new	castle	29
bar	in	29
and	appreciated	29
their	reading	29
or	general	29
addiction	and	29
constitute	an	29
educate	people	29
was	feeling	29
popping	up	29
definitions	and	29
is	fundamentally	29
the	iconic	29
by	reviewing	29
season	at	29
am	said	29
throughout	its	29
were	engaged	29
have	succeeded	29
gave	rise	29
this	occurs	29
practiced	in	29
the	parish	29
the	termination	29
this	weekend	29
early	life	29
stayed	at	29
the	woman's	29
and	disseminate	29
it	describes	29
about	education	29
yacht	club	29
the	clerk	29
and	meat	29
treatment	was	29
scholarly	and	29
there	shall	29
challenge	that	29
frequently	in	29
models	with	29
placement	and	29
central	banks	29
disorders	of	29
him	through	29
survey	on	29
sponsoring	the	29
for	rapid	29
and	achieving	29
smithsonian	institution	29
be	banned	29
has	encouraged	29
of	passage	29
kyoto	protocol	29
most	talented	29
virginia	department	29
county	department	29
this	fund	29
all	stages	29
belong	in	29
era	in	29
democratic	process	29
returning	home	29
journey	with	29
also	became	29
the	cotton	29
and	mental	29
average	number	29
please	follow	29
thirst	for	29
you're	using	29
grew	from	29
sacrifice	and	29
exemplifies	the	29
the	master's	29
regulates	the	29
and	urge	29
and	sensitivity	29
fire	from	29
will	aid	29
dean	for	29
into	those	29
to	rid	29
assignments	will	29
and	grading	29
for	internet	29
under	these	29
tendency	of	29
suicide	prevention	29
travel	time	29
bridging	the	29
also	supported	29
over	us	29
this	statement	29
in	command	29
life	than	29
first	state	29
could	call	29
now	see	29
the	children's	29
coral	reef	29
big	as	29
by	implementing	29
upon	my	29
the	labs	29
requirements	will	29
important	element	29
cancer	survivor	29
popped	up	29
blog	entry	29
meaningful	to	29
she	graduated	29
wars	in	29
different	directions	29
further	study	29
main	objective	29
guard	against	29
take	pride	29
of	juvenile	28
variability	of	28
solution	was	28
image	from	28
danger	that	28
normal	for	28
either	from	28
the	skies	28
water	sources	28
the	women's	28
exacerbated	by	28
necessary	steps	28
evaluation	and	28
those	states	28
just	keep	28
at	reducing	28
family	income	28
or	exceed	28
and	banners	28
active	with	28
have	purchased	28
and	administered	28
islam	is	28
techniques	used	28
beneficiary	of	28
contains	some	28
the	whole	28
there	aren't	28
hosted	on	28
terminate	the	28
is	uniquely	28
is	proper	28
is	desired	28
products	have	28
the	complainant	28
or	cause	28
laws	on	28
hip	hop	28
that	failed	28
student	engagement	28
just	five	28
next	season	28
comments	regarding	28
violent	and	28
seems	as	28
eye	out	28
the	super	28
unintended	consequences	28
at	work	28
prices	have	28
areas	within	28
the	summer	28
pretty	easy	28
is	well-known	28
director	general	28
and	robust	28
bank	is	28
basement	of	28
on	route	28
private	enterprise	28
only	those	28
slaves	to	28
it's	so	28
and	shut	28
informed	on	28
community	should	28
from	receiving	28
is	incredible	28
brain	tumors	28
organisms	that	28
always	easy	28
data	used	28
see	themselves	28
billion	from	28
from	foreign	28
night	when	28
from	patients	28
to	bury	28
modern	society	28
afternoon	in	28
found	its	28
context	is	28
caught	on	28
situation	with	28
of	edinburgh	28
almost	completely	28
permits	and	28
describe	it	28
guide	dog	28
financial	aid	28
first	century	28
to	islam	28
to	furnish	28
taxpayers	to	28
for	holding	28
fundamental	questions	28
was	simple	28
foreign	language	28
within	his	28
golf	club	28
provide	useful	28
grand	opening	28
be	alive	28
of	dementia	28
wrong	about	28
gifts	are	28
operating	at	28
love	me	28
fundraising	events	28
change	through	28
occurring	at	28
produced	for	28
it's	one	28
bugs	in	28
at	nyu	28
have	affected	28
you	teach	28
world	peace	28
ship	was	28
international	research	28
separation	from	28
voting	machines	28
library	will	28
of	educating	28
received	over	28
simply	do	28
me	every	28
in	calling	28
beyond	those	28
evidence	from	28
western	part	28
for	eligible	28
banks	that	28
the	bloodstream	28
and	municipal	28
that	reads	28
systems	engineering	28
experiences	at	28
the	linear	28
members	also	28
lie	down	28
currently	browsing	28
goes	from	28
evidence	has	28
proud	that	28
virtual	reality	28
the	essential	28
readers	that	28
the	mobile	28
sent	via	28
language	has	28
to	chat	28
the	urgency	28
educational	purposes	28
at	regular	28
to	restrain	28
often	more	28
caring	about	28
been	developing	28
grappling	with	28
hazards	of	28
numerous	articles	28
they	simply	28
tells	them	28
bill	also	28
been	writing	28
its	nuclear	28
school	level	28
senior	staff	28
health	center	28
the	refuge	28
informed	decision	28
lives	were	28
members	receive	28
study	skills	28
child	welfare	28
hawaii	and	28
need	help	28
achieve	its	28
darkness	of	28
its	political	28
partners	will	28
i'm	getting	28
giving	rise	28
collections	and	28
index	to	28
hundred	dollars	28
their	car	28
the	nutritional	28
animal	life	28
the	newer	28
despite	his	28
and	orientation	28
local	history	28
before	becoming	28
by	providing	28
address	those	28
life	easier	28
abuse	and	28
is	undergoing	28
or	knowledge	28
updating	the	28
which	give	28
that	links	28
shopping	for	28
exercise	program	28
teachings	and	28
to	deceive	28
cultural	resources	28
archives	of	28
culture	has	28
true	meaning	28
her	free	28
from	further	28
resources	related	28
the	interval	28
an	artistic	28
common	interest	28
floor	for	28
all	mankind	28
stuff	in	28
illustrating	the	28
and	embrace	28
atmosphere	is	28
and	dogs	28
of	discipline	28
opposite	side	28
and	sustaining	28
by	then	28
church	as	28
of	inner	28
case	manager	28
other	libraries	28
services	we	28
supportive	and	28
kent	state	28
or	writing	28
and	surveillance	28
she	makes	28
discounts	on	28
ice	sheet	28
all	applicable	28
herd	of	28
their	owners	28
condemn	the	28
medium	and	28
are	returned	28
indoor	air	28
mean	time	28
specifies	that	28
communications	commission	28
these	issues	28
outagamie	county	28
academic	support	28
deposit	of	28
for	solar	28
our	strength	28
primary	mission	28
recent	version	28
first	official	28
already	working	28
the	waterfront	28
we	pray	28
letter	or	28
were	generated	28
their	talents	28
memories	and	28
to	redirect	28
beach	and	28
looking	back	28
health	service	28
home	visits	28
nation	for	28
also	home	28
and	sport	28
while	improving	28
you	watch	28
mouse	button	28
state	representative	28
comprehend	the	28
the	humble	28
trafficking	and	28
who	call	28
and	administer	28
these	various	28
with	primary	28
his	nose	28
veterans	of	28
who	shared	28
it	finds	28
someone	can	28
software	on	28
health	network	28
into	several	28
assurance	of	28
wondered	what	28
to	dive	28
feet	away	28
so	thankful	28
and	despair	28
fort	wayne	28
enforced	by	28
holy	see	28
meetings	on	28
sioux	falls	28
defeated	the	28
they	teach	28
individuals	were	28
love	and	28
experiments	on	28
potential	impacts	28
the	bow	28
purchase	at	28
